DEBUG 2026-05-19 13:41:04,275 schema 26895 135378180808704 CREATE TABLE "django_migrations" ("id" integer NOT NULL PRIMARY KEY AUTOINCREMENT, "app" varchar(255) NOT NULL, "name" varchar(255) NOT NULL, "applied" datetime NOT NULL); (params None)
DEBUG 2026-05-19 13:41:04,279 schema 26895 135378180808704 CREATE TABLE "django_content_type" ("id" integer NOT NULL PRIMARY KEY AUTOINCREMENT, "name" varchar(100) NOT NULL, "app_label" varchar(100) NOT NULL, "model" varchar(100) NOT NULL); (params None)
DEBUG 2026-05-19 13:41:04,283 schema 26895 135378180808704 CREATE UNIQUE INDEX "django_content_type_app_label_model_76bd3d3b_uniq" ON "django_content_type" ("app_label", "model"); (params ())
DEBUG 2026-05-19 13:41:04,288 schema 26895 135378180808704 CREATE TABLE "auth_permission" ("id" integer NOT NULL PRIMARY KEY AUTOINCREMENT, "name" varchar(50) NOT NULL, "content_type_id" integer NOT NULL REFERENCES "django_content_type" ("id") DEFERRABLE INITIALLY DEFERRED, "codename" varchar(100) NOT NULL); (params None)
DEBUG 2026-05-19 13:41:04,294 schema 26895 135378180808704 CREATE TABLE "auth_group" ("id" integer NOT NULL PRIMARY KEY AUTOINCREMENT, "name" varchar(80) NOT NULL UNIQUE); (params None)
DEBUG 2026-05-19 13:41:04,295 schema 26895 135378180808704 CREATE TABLE "auth_group_permissions" ("id" integer NOT NULL PRIMARY KEY AUTOINCREMENT, "group_id" integer NOT NULL REFERENCES "auth_group" ("id") DEFERRABLE INITIALLY DEFERRED, "permission_id" integer NOT NULL REFERENCES "auth_permission" ("id") DEFERRABLE INITIALLY DEFERRED); (params None)
DEBUG 2026-05-19 13:41:04,304 schema 26895 135378180808704 CREATE TABLE "auth_user" ("id" integer NOT NULL PRIMARY KEY AUTOINCREMENT, "password" varchar(128) NOT NULL, "last_login" datetime NOT NULL, "is_superuser" bool NOT NULL, "username" varchar(30) NOT NULL UNIQUE, "first_name" varchar(30) NOT NULL, "last_name" varchar(30) NOT NULL, "email" varchar(75) NOT NULL, "is_staff" bool NOT NULL, "is_active" bool NOT NULL, "date_joined" datetime NOT NULL); (params None)
DEBUG 2026-05-19 13:41:04,305 schema 26895 135378180808704 CREATE TABLE "auth_user_groups" ("id" integer NOT NULL PRIMARY KEY AUTOINCREMENT, "user_id" integer NOT NULL REFERENCES "auth_user" ("id") DEFERRABLE INITIALLY DEFERRED, "group_id" integer NOT NULL REFERENCES "auth_group" ("id") DEFERRABLE INITIALLY DEFERRED); (params None)
DEBUG 2026-05-19 13:41:04,306 schema 26895 135378180808704 CREATE TABLE "auth_user_user_permissions" ("id" integer NOT NULL PRIMARY KEY AUTOINCREMENT, "user_id" integer NOT NULL REFERENCES "auth_user" ("id") DEFERRABLE INITIALLY DEFERRED, "permission_id" integer NOT NULL REFERENCES "auth_permission" ("id") DEFERRABLE INITIALLY DEFERRED); (params None)
DEBUG 2026-05-19 13:41:04,307 schema 26895 135378180808704 CREATE UNIQUE INDEX "auth_permission_content_type_id_codename_01ab375a_uniq" ON "auth_permission" ("content_type_id", "codename"); (params ())
DEBUG 2026-05-19 13:41:04,308 schema 26895 135378180808704 CREATE INDEX "auth_permission_content_type_id_2f476e4b" ON "auth_permission" ("content_type_id"); (params ())
DEBUG 2026-05-19 13:41:04,308 schema 26895 135378180808704 CREATE UNIQUE INDEX "auth_group_permissions_group_id_permission_id_0cd325b0_uniq" ON "auth_group_permissions" ("group_id", "permission_id"); (params ())
DEBUG 2026-05-19 13:41:04,309 schema 26895 135378180808704 CREATE INDEX "auth_group_permissions_group_id_b120cbf9" ON "auth_group_permissions" ("group_id"); (params ())
DEBUG 2026-05-19 13:41:04,309 schema 26895 135378180808704 CREATE INDEX "auth_group_permissions_permission_id_84c5c92e" ON "auth_group_permissions" ("permission_id"); (params ())
DEBUG 2026-05-19 13:41:04,309 schema 26895 135378180808704 CREATE UNIQUE INDEX "auth_user_groups_user_id_group_id_94350c0c_uniq" ON "auth_user_groups" ("user_id", "group_id"); (params ())
DEBUG 2026-05-19 13:41:04,310 schema 26895 135378180808704 CREATE INDEX "auth_user_groups_user_id_6a12ed8b" ON "auth_user_groups" ("user_id"); (params ())
DEBUG 2026-05-19 13:41:04,310 schema 26895 135378180808704 CREATE INDEX "auth_user_groups_group_id_97559544" ON "auth_user_groups" ("group_id"); (params ())
DEBUG 2026-05-19 13:41:04,310 schema 26895 135378180808704 CREATE UNIQUE INDEX "auth_user_user_permissions_user_id_permission_id_14a6b632_uniq" ON "auth_user_user_permissions" ("user_id", "permission_id"); (params ())
DEBUG 2026-05-19 13:41:04,311 schema 26895 135378180808704 CREATE INDEX "auth_user_user_permissions_user_id_a95ead1b" ON "auth_user_user_permissions" ("user_id"); (params ())
DEBUG 2026-05-19 13:41:04,311 schema 26895 135378180808704 CREATE INDEX "auth_user_user_permissions_permission_id_1fbb5f2c" ON "auth_user_user_permissions" ("permission_id"); (params ())
DEBUG 2026-05-19 13:41:04,323 schema 26895 135378180808704 CREATE TABLE "django_admin_log" ("id" integer NOT NULL PRIMARY KEY AUTOINCREMENT, "action_time" datetime NOT NULL, "object_id" text NULL, "object_repr" varchar(200) NOT NULL, "action_flag" smallint unsigned NOT NULL CHECK ("action_flag" >= 0), "change_message" text NOT NULL, "content_type_id" integer NULL REFERENCES "django_content_type" ("id") DEFERRABLE INITIALLY DEFERRED, "user_id" integer NOT NULL REFERENCES "auth_user" ("id") DEFERRABLE INITIALLY DEFERRED); (params None)
DEBUG 2026-05-19 13:41:04,324 schema 26895 135378180808704 CREATE INDEX "django_admin_log_content_type_id_c4bce8eb" ON "django_admin_log" ("content_type_id"); (params ())
DEBUG 2026-05-19 13:41:04,325 schema 26895 135378180808704 CREATE INDEX "django_admin_log_user_id_c564eba6" ON "django_admin_log" ("user_id"); (params ())
DEBUG 2026-05-19 13:41:04,338 schema 26895 135378180808704 CREATE TABLE "new__django_admin_log" ("id" integer NOT NULL PRIMARY KEY AUTOINCREMENT, "object_id" text NULL, "object_repr" varchar(200) NOT NULL, "action_flag" smallint unsigned NOT NULL CHECK ("action_flag" >= 0), "change_message" text NOT NULL, "content_type_id" integer NULL REFERENCES "django_content_type" ("id") DEFERRABLE INITIALLY DEFERRED, "user_id" integer NOT NULL REFERENCES "auth_user" ("id") DEFERRABLE INITIALLY DEFERRED, "action_time" datetime NOT NULL); (params None)
DEBUG 2026-05-19 13:41:04,339 schema 26895 135378180808704 INSERT INTO "new__django_admin_log" ("id", "object_id", "object_repr", "action_flag", "change_message", "content_type_id", "user_id", "action_time") SELECT "id", "object_id", "object_repr", "action_flag", "change_message", "content_type_id", "user_id", "action_time" FROM "django_admin_log"; (params ())
DEBUG 2026-05-19 13:41:04,340 schema 26895 135378180808704 DROP TABLE "django_admin_log"; (params ())
DEBUG 2026-05-19 13:41:04,340 schema 26895 135378180808704 ALTER TABLE "new__django_admin_log" RENAME TO "django_admin_log"; (params ())
DEBUG 2026-05-19 13:41:04,343 schema 26895 135378180808704 CREATE INDEX "django_admin_log_content_type_id_c4bce8eb" ON "django_admin_log" ("content_type_id"); (params ())
DEBUG 2026-05-19 13:41:04,343 schema 26895 135378180808704 CREATE INDEX "django_admin_log_user_id_c564eba6" ON "django_admin_log" ("user_id"); (params ())
DEBUG 2026-05-19 13:41:04,365 schema 26895 135378180808704 CREATE TABLE "new__django_content_type" ("id" integer NOT NULL PRIMARY KEY AUTOINCREMENT, "app_label" varchar(100) NOT NULL, "model" varchar(100) NOT NULL, "name" varchar(100) NULL); (params None)
DEBUG 2026-05-19 13:41:04,366 schema 26895 135378180808704 INSERT INTO "new__django_content_type" ("id", "app_label", "model", "name") SELECT "id", "app_label", "model", "name" FROM "django_content_type"; (params ())
DEBUG 2026-05-19 13:41:04,366 schema 26895 135378180808704 DROP TABLE "django_content_type"; (params ())
DEBUG 2026-05-19 13:41:04,367 schema 26895 135378180808704 ALTER TABLE "new__django_content_type" RENAME TO "django_content_type"; (params ())
DEBUG 2026-05-19 13:41:04,368 schema 26895 135378180808704 CREATE UNIQUE INDEX "django_content_type_app_label_model_76bd3d3b_uniq" ON "django_content_type" ("app_label", "model"); (params ())
DEBUG 2026-05-19 13:41:04,383 schema 26895 135378180808704 ALTER TABLE "django_content_type" DROP COLUMN "name"; (params ())
DEBUG 2026-05-19 13:41:04,398 schema 26895 135378180808704 CREATE TABLE "new__auth_permission" ("id" integer NOT NULL PRIMARY KEY AUTOINCREMENT, "content_type_id" integer NOT NULL REFERENCES "django_content_type" ("id") DEFERRABLE INITIALLY DEFERRED, "codename" varchar(100) NOT NULL, "name" varchar(255) NOT NULL); (params None)
DEBUG 2026-05-19 13:41:04,399 schema 26895 135378180808704 INSERT INTO "new__auth_permission" ("id", "content_type_id", "codename", "name") SELECT "id", "content_type_id", "codename", "name" FROM "auth_permission"; (params ())
DEBUG 2026-05-19 13:41:04,399 schema 26895 135378180808704 DROP TABLE "auth_permission"; (params ())
DEBUG 2026-05-19 13:41:04,399 schema 26895 135378180808704 ALTER TABLE "new__auth_permission" RENAME TO "auth_permission"; (params ())
DEBUG 2026-05-19 13:41:04,401 schema 26895 135378180808704 CREATE UNIQUE INDEX "auth_permission_content_type_id_codename_01ab375a_uniq" ON "auth_permission" ("content_type_id", "codename"); (params ())
DEBUG 2026-05-19 13:41:04,401 schema 26895 135378180808704 CREATE INDEX "auth_permission_content_type_id_2f476e4b" ON "auth_permission" ("content_type_id"); (params ())
DEBUG 2026-05-19 13:41:04,414 schema 26895 135378180808704 CREATE TABLE "new__auth_user" ("id" integer NOT NULL PRIMARY KEY AUTOINCREMENT, "password" varchar(128) NOT NULL, "last_login" datetime NOT NULL, "is_superuser" bool NOT NULL, "username" varchar(30) NOT NULL UNIQUE, "first_name" varchar(30) NOT NULL, "last_name" varchar(30) NOT NULL, "is_staff" bool NOT NULL, "is_active" bool NOT NULL, "date_joined" datetime NOT NULL, "email" varchar(254) NOT NULL); (params None)
DEBUG 2026-05-19 13:41:04,415 schema 26895 135378180808704 INSERT INTO "new__auth_user" ("id", "password", "last_login", "is_superuser", "username", "first_name", "last_name", "is_staff", "is_active", "date_joined", "email") SELECT "id", "password", "last_login", "is_superuser", "username", "first_name", "last_name", "is_staff", "is_active", "date_joined", "email" FROM "auth_user"; (params ())
DEBUG 2026-05-19 13:41:04,415 schema 26895 135378180808704 DROP TABLE "auth_user"; (params ())
DEBUG 2026-05-19 13:41:04,415 schema 26895 135378180808704 ALTER TABLE "new__auth_user" RENAME TO "auth_user"; (params ())
DEBUG 2026-05-19 13:41:04,440 schema 26895 135378180808704 CREATE TABLE "new__auth_user" ("id" integer NOT NULL PRIMARY KEY AUTOINCREMENT, "password" varchar(128) NOT NULL, "is_superuser" bool NOT NULL, "username" varchar(30) NOT NULL UNIQUE, "first_name" varchar(30) NOT NULL, "last_name" varchar(30) NOT NULL, "email" varchar(254) NOT NULL, "is_staff" bool NOT NULL, "is_active" bool NOT NULL, "date_joined" datetime NOT NULL, "last_login" datetime NULL); (params None)
DEBUG 2026-05-19 13:41:04,441 schema 26895 135378180808704 INSERT INTO "new__auth_user" ("id", "password", "is_superuser", "username", "first_name", "last_name", "email", "is_staff", "is_active", "date_joined", "last_login") SELECT "id", "password", "is_superuser", "username", "first_name", "last_name", "email", "is_staff", "is_active", "date_joined", "last_login" FROM "auth_user"; (params ())
DEBUG 2026-05-19 13:41:04,441 schema 26895 135378180808704 DROP TABLE "auth_user"; (params ())
DEBUG 2026-05-19 13:41:04,442 schema 26895 135378180808704 ALTER TABLE "new__auth_user" RENAME TO "auth_user"; (params ())
DEBUG 2026-05-19 13:41:04,469 schema 26895 135378180808704 CREATE TABLE "new__auth_user" ("id" integer NOT NULL PRIMARY KEY AUTOINCREMENT, "password" varchar(128) NOT NULL, "last_login" datetime NULL, "is_superuser" bool NOT NULL, "first_name" varchar(30) NOT NULL, "last_name" varchar(30) NOT NULL, "email" varchar(254) NOT NULL, "is_staff" bool NOT NULL, "is_active" bool NOT NULL, "date_joined" datetime NOT NULL, "username" varchar(150) NOT NULL UNIQUE); (params None)
DEBUG 2026-05-19 13:41:04,470 schema 26895 135378180808704 INSERT INTO "new__auth_user" ("id", "password", "last_login", "is_superuser", "first_name", "last_name", "email", "is_staff", "is_active", "date_joined", "username") SELECT "id", "password", "last_login", "is_superuser", "first_name", "last_name", "email", "is_staff", "is_active", "date_joined", "username" FROM "auth_user"; (params ())
DEBUG 2026-05-19 13:41:04,470 schema 26895 135378180808704 DROP TABLE "auth_user"; (params ())
DEBUG 2026-05-19 13:41:04,471 schema 26895 135378180808704 ALTER TABLE "new__auth_user" RENAME TO "auth_user"; (params ())
DEBUG 2026-05-19 13:41:04,488 schema 26895 135378180808704 CREATE TABLE "new__auth_user" ("id" integer NOT NULL PRIMARY KEY AUTOINCREMENT, "password" varchar(128) NOT NULL, "last_login" datetime NULL, "is_superuser" bool NOT NULL, "username" varchar(150) NOT NULL UNIQUE, "first_name" varchar(30) NOT NULL, "email" varchar(254) NOT NULL, "is_staff" bool NOT NULL, "is_active" bool NOT NULL, "date_joined" datetime NOT NULL, "last_name" varchar(150) NOT NULL); (params None)
DEBUG 2026-05-19 13:41:04,488 schema 26895 135378180808704 INSERT INTO "new__auth_user" ("id", "password", "last_login", "is_superuser", "username", "first_name", "email", "is_staff", "is_active", "date_joined", "last_name") SELECT "id", "password", "last_login", "is_superuser", "username", "first_name", "email", "is_staff", "is_active", "date_joined", "last_name" FROM "auth_user"; (params ())
DEBUG 2026-05-19 13:41:04,489 schema 26895 135378180808704 DROP TABLE "auth_user"; (params ())
DEBUG 2026-05-19 13:41:04,489 schema 26895 135378180808704 ALTER TABLE "new__auth_user" RENAME TO "auth_user"; (params ())
DEBUG 2026-05-19 13:41:04,502 schema 26895 135378180808704 CREATE TABLE "new__auth_group" ("id" integer NOT NULL PRIMARY KEY AUTOINCREMENT, "name" varchar(150) NOT NULL UNIQUE); (params None)
DEBUG 2026-05-19 13:41:04,502 schema 26895 135378180808704 INSERT INTO "new__auth_group" ("id", "name") SELECT "id", "name" FROM "auth_group"; (params ())
DEBUG 2026-05-19 13:41:04,503 schema 26895 135378180808704 DROP TABLE "auth_group"; (params ())
DEBUG 2026-05-19 13:41:04,503 schema 26895 135378180808704 ALTER TABLE "new__auth_group" RENAME TO "auth_group"; (params ())
DEBUG 2026-05-19 13:41:04,528 schema 26895 135378180808704 CREATE TABLE "new__auth_user" ("id" integer NOT NULL PRIMARY KEY AUTOINCREMENT, "password" varchar(128) NOT NULL, "last_login" datetime NULL, "is_superuser" bool NOT NULL, "username" varchar(150) NOT NULL UNIQUE, "last_name" varchar(150) NOT NULL, "email" varchar(254) NOT NULL, "is_staff" bool NOT NULL, "is_active" bool NOT NULL, "date_joined" datetime NOT NULL, "first_name" varchar(150) NOT NULL); (params None)
DEBUG 2026-05-19 13:41:04,529 schema 26895 135378180808704 INSERT INTO "new__auth_user" ("id", "password", "last_login", "is_superuser", "username", "last_name", "email", "is_staff", "is_active", "date_joined", "first_name") SELECT "id", "password", "last_login", "is_superuser", "username", "last_name", "email", "is_staff", "is_active", "date_joined", "first_name" FROM "auth_user"; (params ())
DEBUG 2026-05-19 13:41:04,529 schema 26895 135378180808704 DROP TABLE "auth_user"; (params ())
DEBUG 2026-05-19 13:41:04,529 schema 26895 135378180808704 ALTER TABLE "new__auth_user" RENAME TO "auth_user"; (params ())
DEBUG 2026-05-19 13:41:04,534 schema 26895 135378180808704 CREATE TABLE "catalog_article" ("id" integer NOT NULL PRIMARY KEY AUTOINCREMENT, "title" varchar(255) NOT NULL, "summary" varchar(500) NOT NULL, "content" text NOT NULL, "image" varchar(100) NULL, "published_at" datetime NOT NULL, "is_published" bool NOT NULL); (params None)
DEBUG 2026-05-19 13:41:04,538 schema 26895 135378180808704 CREATE TABLE "catalog_car" ("id" integer NOT NULL PRIMARY KEY AUTOINCREMENT, "vin" varchar(17) NOT NULL UNIQUE, "name" varchar(200) NOT NULL, "year" smallint unsigned NOT NULL CHECK ("year" >= 0), "price" decimal NOT NULL, "mileage" integer unsigned NOT NULL CHECK ("mileage" >= 0), "color" varchar(50) NOT NULL, "transmission" varchar(3) NOT NULL, "fuel" varchar(10) NOT NULL, "engine_volume" decimal NOT NULL, "horsepower" smallint unsigned NOT NULL CHECK ("horsepower" >= 0), "description" text NOT NULL, "photo" varchar(100) NULL, "status" varchar(10) NOT NULL, "created_at" datetime NOT NULL, "updated_at" datetime NOT NULL); (params None)
DEBUG 2026-05-19 13:41:04,540 schema 26895 135378180808704 CREATE TABLE "catalog_cartype" ("id" integer NOT NULL PRIMARY KEY AUTOINCREMENT, "name" varchar(100) NOT NULL, "description" text NOT NULL); (params None)
DEBUG 2026-05-19 13:41:04,557 schema 26895 135378180808704 CREATE TABLE "catalog_client" ("id" integer NOT NULL PRIMARY KEY AUTOINCREMENT, "phone" varchar(20) NOT NULL, "address" varchar(255) NOT NULL, "birth_date" date NOT NULL, "city" varchar(100) NOT NULL, "email" varchar(254) NOT NULL, "created_at" datetime NOT NULL, "user_id" integer NOT NULL UNIQUE REFERENCES "auth_user" ("id") DEFERRABLE INITIALLY DEFERRED); (params None)
DEBUG 2026-05-19 13:41:04,560 schema 26895 135378180808704 CREATE TABLE "catalog_companyinfo" ("id" integer NOT NULL PRIMARY KEY AUTOINCREMENT, "name" varchar(200) NOT NULL, "description" text NOT NULL, "address" varchar(255) NOT NULL, "phone" varchar(20) NOT NULL, "email" varchar(254) NOT NULL, "founded_year" smallint unsigned NULL CHECK ("founded_year" >= 0), "logo" varchar(100) NULL); (params None)
DEBUG 2026-05-19 13:41:04,563 schema 26895 135378180808704 CREATE TABLE "catalog_contact" ("id" integer NOT NULL PRIMARY KEY AUTOINCREMENT, "name" varchar(200) NOT NULL, "position" varchar(200) NOT NULL, "phone" varchar(20) NOT NULL, "email" varchar(254) NOT NULL, "photo" varchar(100) NULL, "description" text NOT NULL); (params None)
DEBUG 2026-05-19 13:41:04,576 schema 26895 135378180808704 CREATE TABLE "catalog_employee" ("id" integer NOT NULL PRIMARY KEY AUTOINCREMENT, "role" varchar(20) NOT NULL, "phone" varchar(20) NOT NULL, "birth_date" date NOT NULL, "photo" varchar(100) NULL, "hired_at" date NOT NULL, "user_id" integer NOT NULL UNIQUE REFERENCES "auth_user" ("id") DEFERRABLE INITIALLY DEFERRED); (params None)
DEBUG 2026-05-19 13:41:04,579 schema 26895 135378180808704 CREATE TABLE "catalog_faq" ("id" integer NOT NULL PRIMARY KEY AUTOINCREMENT, "question" varchar(255) NOT NULL, "answer" text NOT NULL, "added_at" date NOT NULL); (params None)
DEBUG 2026-05-19 13:41:04,581 schema 26895 135378180808704 CREATE TABLE "catalog_feature" ("id" integer NOT NULL PRIMARY KEY AUTOINCREMENT, "name" varchar(100) NOT NULL); (params None)
DEBUG 2026-05-19 13:41:04,583 schema 26895 135378180808704 CREATE TABLE "catalog_manufacturer" ("id" integer NOT NULL PRIMARY KEY AUTOINCREMENT, "name" varchar(100) NOT NULL, "country" varchar(100) NOT NULL, "website" varchar(200) NOT NULL, "logo" varchar(100) NULL); (params None)
DEBUG 2026-05-19 13:41:04,586 schema 26895 135378180808704 CREATE TABLE "catalog_promo" ("id" integer NOT NULL PRIMARY KEY AUTOINCREMENT, "code" varchar(50) NOT NULL UNIQUE, "discount_percent" smallint unsigned NOT NULL CHECK ("discount_percent" >= 0), "description" varchar(255) NOT NULL, "valid_until" date NULL, "status" varchar(10) NOT NULL); (params None)
DEBUG 2026-05-19 13:41:04,588 schema 26895 135378180808704 CREATE TABLE "catalog_vacancy" ("id" integer NOT NULL PRIMARY KEY AUTOINCREMENT, "title" varchar(200) NOT NULL, "description" text NOT NULL, "salary_from" decimal NULL, "salary_to" decimal NULL, "is_active" bool NOT NULL, "created_at" date NOT NULL); (params None)
DEBUG 2026-05-19 13:41:04,607 schema 26895 135378180808704 CREATE TABLE "catalog_review" ("id" integer NOT NULL PRIMARY KEY AUTOINCREMENT, "rating" smallint unsigned NOT NULL CHECK ("rating" >= 0), "text" text NOT NULL, "created_at" datetime NOT NULL, "car_id" bigint NULL REFERENCES "catalog_car" ("id") DEFERRABLE INITIALLY DEFERRED, "client_id" bigint NOT NULL REFERENCES "catalog_client" ("id") DEFERRABLE INITIALLY DEFERRED); (params None)
DEBUG 2026-05-19 13:41:04,626 schema 26895 135378180808704 CREATE TABLE "catalog_order" ("id" integer NOT NULL PRIMARY KEY AUTOINCREMENT, "status" varchar(15) NOT NULL, "sale_price" decimal NOT NULL, "sale_date" date NULL, "delivery_date" date NULL, "comment" text NOT NULL, "created_at" datetime NOT NULL, "car_id" bigint NOT NULL REFERENCES "catalog_car" ("id") DEFERRABLE INITIALLY DEFERRED, "client_id" bigint NOT NULL REFERENCES "catalog_client" ("id") DEFERRABLE INITIALLY DEFERRED, "employee_id" bigint NULL REFERENCES "catalog_employee" ("id") DEFERRABLE INITIALLY DEFERRED); (params None)
DEBUG 2026-05-19 13:41:04,648 schema 26895 135378180808704 CREATE TABLE "new__catalog_car" ("id" integer NOT NULL PRIMARY KEY AUTOINCREMENT, "vin" varchar(17) NOT NULL UNIQUE, "name" varchar(200) NOT NULL, "year" smallint unsigned NOT NULL CHECK ("year" >= 0), "price" decimal NOT NULL, "mileage" integer unsigned NOT NULL CHECK ("mileage" >= 0), "color" varchar(50) NOT NULL, "transmission" varchar(3) NOT NULL, "fuel" varchar(10) NOT NULL, "engine_volume" decimal NOT NULL, "horsepower" smallint unsigned NOT NULL CHECK ("horsepower" >= 0), "description" text NOT NULL, "photo" varchar(100) NULL, "status" varchar(10) NOT NULL, "created_at" datetime NOT NULL, "updated_at" datetime NOT NULL, "car_type_id" bigint NOT NULL REFERENCES "catalog_cartype" ("id") DEFERRABLE INITIALLY DEFERRED); (params None)
DEBUG 2026-05-19 13:41:04,649 schema 26895 135378180808704 INSERT INTO "new__catalog_car" ("id", "vin", "name", "year", "price", "mileage", "color", "transmission", "fuel", "engine_volume", "horsepower", "description", "photo", "status", "created_at", "updated_at", "car_type_id") SELECT "id", "vin", "name", "year", "price", "mileage", "color", "transmission", "fuel", "engine_volume", "horsepower", "description", "photo", "status", "created_at", "updated_at", NULL FROM "catalog_car"; (params ())
DEBUG 2026-05-19 13:41:04,649 schema 26895 135378180808704 DROP TABLE "catalog_car"; (params ())
DEBUG 2026-05-19 13:41:04,650 schema 26895 135378180808704 ALTER TABLE "new__catalog_car" RENAME TO "catalog_car"; (params ())
DEBUG 2026-05-19 13:41:04,652 schema 26895 135378180808704 CREATE INDEX "catalog_review_car_id_18541e53" ON "catalog_review" ("car_id"); (params ())
DEBUG 2026-05-19 13:41:04,653 schema 26895 135378180808704 CREATE INDEX "catalog_review_client_id_c109e325" ON "catalog_review" ("client_id"); (params ())
DEBUG 2026-05-19 13:41:04,653 schema 26895 135378180808704 CREATE INDEX "catalog_order_car_id_f405374e" ON "catalog_order" ("car_id"); (params ())
DEBUG 2026-05-19 13:41:04,654 schema 26895 135378180808704 CREATE INDEX "catalog_order_client_id_c29da495" ON "catalog_order" ("client_id"); (params ())
DEBUG 2026-05-19 13:41:04,654 schema 26895 135378180808704 CREATE INDEX "catalog_order_employee_id_6746e64e" ON "catalog_order" ("employee_id"); (params ())
DEBUG 2026-05-19 13:41:04,655 schema 26895 135378180808704 CREATE INDEX "catalog_car_car_type_id_3963d3d3" ON "catalog_car" ("car_type_id"); (params ())
DEBUG 2026-05-19 13:41:04,676 schema 26895 135378180808704 CREATE TABLE "catalog_car_features" ("id" integer NOT NULL PRIMARY KEY AUTOINCREMENT, "car_id" bigint NOT NULL REFERENCES "catalog_car" ("id") DEFERRABLE INITIALLY DEFERRED, "feature_id" bigint NOT NULL REFERENCES "catalog_feature" ("id") DEFERRABLE INITIALLY DEFERRED); (params None)
DEBUG 2026-05-19 13:41:04,743 schema 26895 135378180808704 CREATE TABLE "new__catalog_car" ("id" integer NOT NULL PRIMARY KEY AUTOINCREMENT, "vin" varchar(17) NOT NULL UNIQUE, "name" varchar(200) NOT NULL, "year" smallint unsigned NOT NULL CHECK ("year" >= 0), "price" decimal NOT NULL, "mileage" integer unsigned NOT NULL CHECK ("mileage" >= 0), "color" varchar(50) NOT NULL, "transmission" varchar(3) NOT NULL, "fuel" varchar(10) NOT NULL, "engine_volume" decimal NOT NULL, "horsepower" smallint unsigned NOT NULL CHECK ("horsepower" >= 0), "description" text NOT NULL, "photo" varchar(100) NULL, "status" varchar(10) NOT NULL, "created_at" datetime NOT NULL, "updated_at" datetime NOT NULL, "car_type_id" bigint NOT NULL REFERENCES "catalog_cartype" ("id") DEFERRABLE INITIALLY DEFERRED, "manufacturer_id" bigint NOT NULL REFERENCES "catalog_manufacturer" ("id") DEFERRABLE INITIALLY DEFERRED); (params None)
DEBUG 2026-05-19 13:41:04,744 schema 26895 135378180808704 INSERT INTO "new__catalog_car" ("id", "vin", "name", "year", "price", "mileage", "color", "transmission", "fuel", "engine_volume", "horsepower", "description", "photo", "status", "created_at", "updated_at", "car_type_id", "manufacturer_id") SELECT "id", "vin", "name", "year", "price", "mileage", "color", "transmission", "fuel", "engine_volume", "horsepower", "description", "photo", "status", "created_at", "updated_at", "car_type_id", NULL FROM "catalog_car"; (params ())
DEBUG 2026-05-19 13:41:04,745 schema 26895 135378180808704 DROP TABLE "catalog_car"; (params ())
DEBUG 2026-05-19 13:41:04,746 schema 26895 135378180808704 ALTER TABLE "new__catalog_car" RENAME TO "catalog_car"; (params ())
DEBUG 2026-05-19 13:41:04,749 schema 26895 135378180808704 CREATE UNIQUE INDEX "catalog_car_features_car_id_feature_id_e4239fd0_uniq" ON "catalog_car_features" ("car_id", "feature_id"); (params ())
DEBUG 2026-05-19 13:41:04,749 schema 26895 135378180808704 CREATE INDEX "catalog_car_features_car_id_385bb7c8" ON "catalog_car_features" ("car_id"); (params ())
DEBUG 2026-05-19 13:41:04,750 schema 26895 135378180808704 CREATE INDEX "catalog_car_features_feature_id_f9de8399" ON "catalog_car_features" ("feature_id"); (params ())
DEBUG 2026-05-19 13:41:04,750 schema 26895 135378180808704 CREATE INDEX "catalog_car_car_type_id_3963d3d3" ON "catalog_car" ("car_type_id"); (params ())
DEBUG 2026-05-19 13:41:04,751 schema 26895 135378180808704 CREATE INDEX "catalog_car_manufacturer_id_62b16d8a" ON "catalog_car" ("manufacturer_id"); (params ())
DEBUG 2026-05-19 13:41:04,755 schema 26895 135378180808704 CREATE TABLE "django_session" ("session_key" varchar(40) NOT NULL PRIMARY KEY, "session_data" text NOT NULL, "expire_date" datetime NOT NULL); (params None)
DEBUG 2026-05-19 13:41:04,756 schema 26895 135378180808704 CREATE INDEX "django_session_expire_date_a5c62663" ON "django_session" ("expire_date"); (params ())
WARNING 2026-05-19 13:41:06,976 log 26895 135378180808704 Not Found: /cars/99999/
INFO 2026-05-19 13:41:07,158 views 26895 135378180808704 Home page accessed
WARNING 2026-05-19 13:41:12,424 log 26895 135378180808704 Unauthorized: /api/cars/
DEBUG 2026-05-19 13:41:16,436 base 26895 135378180808704 Exception while resolving variable 'employee_profile' in template 'users/profile.html'.
Traceback (most recent call last):
  File "/home/anton/4_sem_vsakoe/IGI_LR5_v2/.venv/lib/python3.10/site-packages/django/template/base.py", line 880, in _resolve_lookup
    current = current[bit]
  File "/home/anton/4_sem_vsakoe/IGI_LR5_v2/.venv/lib/python3.10/site-packages/django/utils/functional.py", line 268, in inner
    return func(_wrapped, *args)
TypeError: 'User' object is not subscriptable

During handling of the above exception, another exception occurred:

Traceback (most recent call last):
  File "/home/anton/4_sem_vsakoe/IGI_LR5_v2/.venv/lib/python3.10/site-packages/django/template/base.py", line 890, in _resolve_lookup
    current = getattr(current, bit)
  File "/home/anton/4_sem_vsakoe/IGI_LR5_v2/.venv/lib/python3.10/site-packages/django/utils/functional.py", line 268, in inner
    return func(_wrapped, *args)
  File "/home/anton/4_sem_vsakoe/IGI_LR5_v2/.venv/lib/python3.10/site-packages/django/db/models/fields/related_descriptors.py", line 492, in __get__
    raise self.RelatedObjectDoesNotExist(
django.contrib.auth.models.User.employee_profile.RelatedObjectDoesNotExist: User has no employee_profile.
INFO 2026-05-19 13:41:17,494 views 26895 135378180808704 New user registered: newuser123
INFO 2026-05-19 13:41:19,517 views 26895 135378180808704 Statistics accessed by staff
DEBUG 2026-05-19 13:41:19,544 base 26895 135378180808704 Exception while resolving variable 'employee_profile' in template 'catalog/statistics.html'.
Traceback (most recent call last):
  File "/home/anton/4_sem_vsakoe/IGI_LR5_v2/.venv/lib/python3.10/site-packages/django/template/base.py", line 880, in _resolve_lookup
    current = current[bit]
  File "/home/anton/4_sem_vsakoe/IGI_LR5_v2/.venv/lib/python3.10/site-packages/django/utils/functional.py", line 268, in inner
    return func(_wrapped, *args)
TypeError: 'User' object is not subscriptable

During handling of the above exception, another exception occurred:

Traceback (most recent call last):
  File "/home/anton/4_sem_vsakoe/IGI_LR5_v2/.venv/lib/python3.10/site-packages/django/template/base.py", line 890, in _resolve_lookup
    current = getattr(current, bit)
  File "/home/anton/4_sem_vsakoe/IGI_LR5_v2/.venv/lib/python3.10/site-packages/django/utils/functional.py", line 268, in inner
    return func(_wrapped, *args)
  File "/home/anton/4_sem_vsakoe/IGI_LR5_v2/.venv/lib/python3.10/site-packages/django/db/models/fields/related_descriptors.py", line 492, in __get__
    raise self.RelatedObjectDoesNotExist(
django.contrib.auth.models.User.employee_profile.RelatedObjectDoesNotExist: User has no employee_profile.
DEBUG 2026-05-19 13:41:20,271 base 26895 135378180808704 Exception while resolving variable 'employee_profile' in template 'catalog/order_create.html'.
Traceback (most recent call last):
  File "/home/anton/4_sem_vsakoe/IGI_LR5_v2/.venv/lib/python3.10/site-packages/django/template/base.py", line 880, in _resolve_lookup
    current = current[bit]
  File "/home/anton/4_sem_vsakoe/IGI_LR5_v2/.venv/lib/python3.10/site-packages/django/utils/functional.py", line 268, in inner
    return func(_wrapped, *args)
TypeError: 'User' object is not subscriptable

During handling of the above exception, another exception occurred:

Traceback (most recent call last):
  File "/home/anton/4_sem_vsakoe/IGI_LR5_v2/.venv/lib/python3.10/site-packages/django/template/base.py", line 890, in _resolve_lookup
    current = getattr(current, bit)
  File "/home/anton/4_sem_vsakoe/IGI_LR5_v2/.venv/lib/python3.10/site-packages/django/utils/functional.py", line 268, in inner
    return func(_wrapped, *args)
  File "/home/anton/4_sem_vsakoe/IGI_LR5_v2/.venv/lib/python3.10/site-packages/django/db/models/fields/related_descriptors.py", line 492, in __get__
    raise self.RelatedObjectDoesNotExist(
django.contrib.auth.models.User.employee_profile.RelatedObjectDoesNotExist: User has no employee_profile.
INFO 2026-05-19 13:41:20,959 views 26895 135378180808704 Order created: Заказ #1 — Toyota Camry (2022) (Ожидает)
DEBUG 2026-05-19 13:54:33,971 schema 30006 124142107275264 CREATE TABLE "django_migrations" ("id" integer NOT NULL PRIMARY KEY AUTOINCREMENT, "app" varchar(255) NOT NULL, "name" varchar(255) NOT NULL, "applied" datetime NOT NULL); (params None)
DEBUG 2026-05-19 13:54:33,974 schema 30006 124142107275264 CREATE TABLE "django_content_type" ("id" integer NOT NULL PRIMARY KEY AUTOINCREMENT, "name" varchar(100) NOT NULL, "app_label" varchar(100) NOT NULL, "model" varchar(100) NOT NULL); (params None)
DEBUG 2026-05-19 13:54:33,978 schema 30006 124142107275264 CREATE UNIQUE INDEX "django_content_type_app_label_model_76bd3d3b_uniq" ON "django_content_type" ("app_label", "model"); (params ())
DEBUG 2026-05-19 13:54:33,983 schema 30006 124142107275264 CREATE TABLE "auth_permission" ("id" integer NOT NULL PRIMARY KEY AUTOINCREMENT, "name" varchar(50) NOT NULL, "content_type_id" integer NOT NULL REFERENCES "django_content_type" ("id") DEFERRABLE INITIALLY DEFERRED, "codename" varchar(100) NOT NULL); (params None)
DEBUG 2026-05-19 13:54:33,988 schema 30006 124142107275264 CREATE TABLE "auth_group" ("id" integer NOT NULL PRIMARY KEY AUTOINCREMENT, "name" varchar(80) NOT NULL UNIQUE); (params None)
DEBUG 2026-05-19 13:54:33,989 schema 30006 124142107275264 CREATE TABLE "auth_group_permissions" ("id" integer NOT NULL PRIMARY KEY AUTOINCREMENT, "group_id" integer NOT NULL REFERENCES "auth_group" ("id") DEFERRABLE INITIALLY DEFERRED, "permission_id" integer NOT NULL REFERENCES "auth_permission" ("id") DEFERRABLE INITIALLY DEFERRED); (params None)
DEBUG 2026-05-19 13:54:33,999 schema 30006 124142107275264 CREATE TABLE "auth_user" ("id" integer NOT NULL PRIMARY KEY AUTOINCREMENT, "password" varchar(128) NOT NULL, "last_login" datetime NOT NULL, "is_superuser" bool NOT NULL, "username" varchar(30) NOT NULL UNIQUE, "first_name" varchar(30) NOT NULL, "last_name" varchar(30) NOT NULL, "email" varchar(75) NOT NULL, "is_staff" bool NOT NULL, "is_active" bool NOT NULL, "date_joined" datetime NOT NULL); (params None)
DEBUG 2026-05-19 13:54:34,000 schema 30006 124142107275264 CREATE TABLE "auth_user_groups" ("id" integer NOT NULL PRIMARY KEY AUTOINCREMENT, "user_id" integer NOT NULL REFERENCES "auth_user" ("id") DEFERRABLE INITIALLY DEFERRED, "group_id" integer NOT NULL REFERENCES "auth_group" ("id") DEFERRABLE INITIALLY DEFERRED); (params None)
DEBUG 2026-05-19 13:54:34,001 schema 30006 124142107275264 CREATE TABLE "auth_user_user_permissions" ("id" integer NOT NULL PRIMARY KEY AUTOINCREMENT, "user_id" integer NOT NULL REFERENCES "auth_user" ("id") DEFERRABLE INITIALLY DEFERRED, "permission_id" integer NOT NULL REFERENCES "auth_permission" ("id") DEFERRABLE INITIALLY DEFERRED); (params None)
DEBUG 2026-05-19 13:54:34,002 schema 30006 124142107275264 CREATE UNIQUE INDEX "auth_permission_content_type_id_codename_01ab375a_uniq" ON "auth_permission" ("content_type_id", "codename"); (params ())
DEBUG 2026-05-19 13:54:34,002 schema 30006 124142107275264 CREATE INDEX "auth_permission_content_type_id_2f476e4b" ON "auth_permission" ("content_type_id"); (params ())
DEBUG 2026-05-19 13:54:34,003 schema 30006 124142107275264 CREATE UNIQUE INDEX "auth_group_permissions_group_id_permission_id_0cd325b0_uniq" ON "auth_group_permissions" ("group_id", "permission_id"); (params ())
DEBUG 2026-05-19 13:54:34,003 schema 30006 124142107275264 CREATE INDEX "auth_group_permissions_group_id_b120cbf9" ON "auth_group_permissions" ("group_id"); (params ())
DEBUG 2026-05-19 13:54:34,003 schema 30006 124142107275264 CREATE INDEX "auth_group_permissions_permission_id_84c5c92e" ON "auth_group_permissions" ("permission_id"); (params ())
DEBUG 2026-05-19 13:54:34,004 schema 30006 124142107275264 CREATE UNIQUE INDEX "auth_user_groups_user_id_group_id_94350c0c_uniq" ON "auth_user_groups" ("user_id", "group_id"); (params ())
DEBUG 2026-05-19 13:54:34,004 schema 30006 124142107275264 CREATE INDEX "auth_user_groups_user_id_6a12ed8b" ON "auth_user_groups" ("user_id"); (params ())
DEBUG 2026-05-19 13:54:34,004 schema 30006 124142107275264 CREATE INDEX "auth_user_groups_group_id_97559544" ON "auth_user_groups" ("group_id"); (params ())
DEBUG 2026-05-19 13:54:34,005 schema 30006 124142107275264 CREATE UNIQUE INDEX "auth_user_user_permissions_user_id_permission_id_14a6b632_uniq" ON "auth_user_user_permissions" ("user_id", "permission_id"); (params ())
DEBUG 2026-05-19 13:54:34,005 schema 30006 124142107275264 CREATE INDEX "auth_user_user_permissions_user_id_a95ead1b" ON "auth_user_user_permissions" ("user_id"); (params ())
DEBUG 2026-05-19 13:54:34,005 schema 30006 124142107275264 CREATE INDEX "auth_user_user_permissions_permission_id_1fbb5f2c" ON "auth_user_user_permissions" ("permission_id"); (params ())
DEBUG 2026-05-19 13:54:34,017 schema 30006 124142107275264 CREATE TABLE "django_admin_log" ("id" integer NOT NULL PRIMARY KEY AUTOINCREMENT, "action_time" datetime NOT NULL, "object_id" text NULL, "object_repr" varchar(200) NOT NULL, "action_flag" smallint unsigned NOT NULL CHECK ("action_flag" >= 0), "change_message" text NOT NULL, "content_type_id" integer NULL REFERENCES "django_content_type" ("id") DEFERRABLE INITIALLY DEFERRED, "user_id" integer NOT NULL REFERENCES "auth_user" ("id") DEFERRABLE INITIALLY DEFERRED); (params None)
DEBUG 2026-05-19 13:54:34,018 schema 30006 124142107275264 CREATE INDEX "django_admin_log_content_type_id_c4bce8eb" ON "django_admin_log" ("content_type_id"); (params ())
DEBUG 2026-05-19 13:54:34,019 schema 30006 124142107275264 CREATE INDEX "django_admin_log_user_id_c564eba6" ON "django_admin_log" ("user_id"); (params ())
DEBUG 2026-05-19 13:54:34,032 schema 30006 124142107275264 CREATE TABLE "new__django_admin_log" ("id" integer NOT NULL PRIMARY KEY AUTOINCREMENT, "object_id" text NULL, "object_repr" varchar(200) NOT NULL, "action_flag" smallint unsigned NOT NULL CHECK ("action_flag" >= 0), "change_message" text NOT NULL, "content_type_id" integer NULL REFERENCES "django_content_type" ("id") DEFERRABLE INITIALLY DEFERRED, "user_id" integer NOT NULL REFERENCES "auth_user" ("id") DEFERRABLE INITIALLY DEFERRED, "action_time" datetime NOT NULL); (params None)
DEBUG 2026-05-19 13:54:34,033 schema 30006 124142107275264 INSERT INTO "new__django_admin_log" ("id", "object_id", "object_repr", "action_flag", "change_message", "content_type_id", "user_id", "action_time") SELECT "id", "object_id", "object_repr", "action_flag", "change_message", "content_type_id", "user_id", "action_time" FROM "django_admin_log"; (params ())
DEBUG 2026-05-19 13:54:34,033 schema 30006 124142107275264 DROP TABLE "django_admin_log"; (params ())
DEBUG 2026-05-19 13:54:34,034 schema 30006 124142107275264 ALTER TABLE "new__django_admin_log" RENAME TO "django_admin_log"; (params ())
DEBUG 2026-05-19 13:54:34,035 schema 30006 124142107275264 CREATE INDEX "django_admin_log_content_type_id_c4bce8eb" ON "django_admin_log" ("content_type_id"); (params ())
DEBUG 2026-05-19 13:54:34,036 schema 30006 124142107275264 CREATE INDEX "django_admin_log_user_id_c564eba6" ON "django_admin_log" ("user_id"); (params ())
DEBUG 2026-05-19 13:54:34,064 schema 30006 124142107275264 CREATE TABLE "new__django_content_type" ("id" integer NOT NULL PRIMARY KEY AUTOINCREMENT, "app_label" varchar(100) NOT NULL, "model" varchar(100) NOT NULL, "name" varchar(100) NULL); (params None)
DEBUG 2026-05-19 13:54:34,064 schema 30006 124142107275264 INSERT INTO "new__django_content_type" ("id", "app_label", "model", "name") SELECT "id", "app_label", "model", "name" FROM "django_content_type"; (params ())
DEBUG 2026-05-19 13:54:34,065 schema 30006 124142107275264 DROP TABLE "django_content_type"; (params ())
DEBUG 2026-05-19 13:54:34,065 schema 30006 124142107275264 ALTER TABLE "new__django_content_type" RENAME TO "django_content_type"; (params ())
DEBUG 2026-05-19 13:54:34,067 schema 30006 124142107275264 CREATE UNIQUE INDEX "django_content_type_app_label_model_76bd3d3b_uniq" ON "django_content_type" ("app_label", "model"); (params ())
DEBUG 2026-05-19 13:54:34,079 schema 30006 124142107275264 ALTER TABLE "django_content_type" DROP COLUMN "name"; (params ())
DEBUG 2026-05-19 13:54:34,093 schema 30006 124142107275264 CREATE TABLE "new__auth_permission" ("id" integer NOT NULL PRIMARY KEY AUTOINCREMENT, "content_type_id" integer NOT NULL REFERENCES "django_content_type" ("id") DEFERRABLE INITIALLY DEFERRED, "codename" varchar(100) NOT NULL, "name" varchar(255) NOT NULL); (params None)
DEBUG 2026-05-19 13:54:34,094 schema 30006 124142107275264 INSERT INTO "new__auth_permission" ("id", "content_type_id", "codename", "name") SELECT "id", "content_type_id", "codename", "name" FROM "auth_permission"; (params ())
DEBUG 2026-05-19 13:54:34,094 schema 30006 124142107275264 DROP TABLE "auth_permission"; (params ())
DEBUG 2026-05-19 13:54:34,095 schema 30006 124142107275264 ALTER TABLE "new__auth_permission" RENAME TO "auth_permission"; (params ())
DEBUG 2026-05-19 13:54:34,096 schema 30006 124142107275264 CREATE UNIQUE INDEX "auth_permission_content_type_id_codename_01ab375a_uniq" ON "auth_permission" ("content_type_id", "codename"); (params ())
DEBUG 2026-05-19 13:54:34,097 schema 30006 124142107275264 CREATE INDEX "auth_permission_content_type_id_2f476e4b" ON "auth_permission" ("content_type_id"); (params ())
DEBUG 2026-05-19 13:54:34,109 schema 30006 124142107275264 CREATE TABLE "new__auth_user" ("id" integer NOT NULL PRIMARY KEY AUTOINCREMENT, "password" varchar(128) NOT NULL, "last_login" datetime NOT NULL, "is_superuser" bool NOT NULL, "username" varchar(30) NOT NULL UNIQUE, "first_name" varchar(30) NOT NULL, "last_name" varchar(30) NOT NULL, "is_staff" bool NOT NULL, "is_active" bool NOT NULL, "date_joined" datetime NOT NULL, "email" varchar(254) NOT NULL); (params None)
DEBUG 2026-05-19 13:54:34,110 schema 30006 124142107275264 INSERT INTO "new__auth_user" ("id", "password", "last_login", "is_superuser", "username", "first_name", "last_name", "is_staff", "is_active", "date_joined", "email") SELECT "id", "password", "last_login", "is_superuser", "username", "first_name", "last_name", "is_staff", "is_active", "date_joined", "email" FROM "auth_user"; (params ())
DEBUG 2026-05-19 13:54:34,110 schema 30006 124142107275264 DROP TABLE "auth_user"; (params ())
DEBUG 2026-05-19 13:54:34,111 schema 30006 124142107275264 ALTER TABLE "new__auth_user" RENAME TO "auth_user"; (params ())
DEBUG 2026-05-19 13:54:34,143 schema 30006 124142107275264 CREATE TABLE "new__auth_user" ("id" integer NOT NULL PRIMARY KEY AUTOINCREMENT, "password" varchar(128) NOT NULL, "is_superuser" bool NOT NULL, "username" varchar(30) NOT NULL UNIQUE, "first_name" varchar(30) NOT NULL, "last_name" varchar(30) NOT NULL, "email" varchar(254) NOT NULL, "is_staff" bool NOT NULL, "is_active" bool NOT NULL, "date_joined" datetime NOT NULL, "last_login" datetime NULL); (params None)
DEBUG 2026-05-19 13:54:34,144 schema 30006 124142107275264 INSERT INTO "new__auth_user" ("id", "password", "is_superuser", "username", "first_name", "last_name", "email", "is_staff", "is_active", "date_joined", "last_login") SELECT "id", "password", "is_superuser", "username", "first_name", "last_name", "email", "is_staff", "is_active", "date_joined", "last_login" FROM "auth_user"; (params ())
DEBUG 2026-05-19 13:54:34,145 schema 30006 124142107275264 DROP TABLE "auth_user"; (params ())
DEBUG 2026-05-19 13:54:34,145 schema 30006 124142107275264 ALTER TABLE "new__auth_user" RENAME TO "auth_user"; (params ())
DEBUG 2026-05-19 13:54:34,171 schema 30006 124142107275264 CREATE TABLE "new__auth_user" ("id" integer NOT NULL PRIMARY KEY AUTOINCREMENT, "password" varchar(128) NOT NULL, "last_login" datetime NULL, "is_superuser" bool NOT NULL, "first_name" varchar(30) NOT NULL, "last_name" varchar(30) NOT NULL, "email" varchar(254) NOT NULL, "is_staff" bool NOT NULL, "is_active" bool NOT NULL, "date_joined" datetime NOT NULL, "username" varchar(150) NOT NULL UNIQUE); (params None)
DEBUG 2026-05-19 13:54:34,172 schema 30006 124142107275264 INSERT INTO "new__auth_user" ("id", "password", "last_login", "is_superuser", "first_name", "last_name", "email", "is_staff", "is_active", "date_joined", "username") SELECT "id", "password", "last_login", "is_superuser", "first_name", "last_name", "email", "is_staff", "is_active", "date_joined", "username" FROM "auth_user"; (params ())
DEBUG 2026-05-19 13:54:34,172 schema 30006 124142107275264 DROP TABLE "auth_user"; (params ())
DEBUG 2026-05-19 13:54:34,173 schema 30006 124142107275264 ALTER TABLE "new__auth_user" RENAME TO "auth_user"; (params ())
DEBUG 2026-05-19 13:54:34,189 schema 30006 124142107275264 CREATE TABLE "new__auth_user" ("id" integer NOT NULL PRIMARY KEY AUTOINCREMENT, "password" varchar(128) NOT NULL, "last_login" datetime NULL, "is_superuser" bool NOT NULL, "username" varchar(150) NOT NULL UNIQUE, "first_name" varchar(30) NOT NULL, "email" varchar(254) NOT NULL, "is_staff" bool NOT NULL, "is_active" bool NOT NULL, "date_joined" datetime NOT NULL, "last_name" varchar(150) NOT NULL); (params None)
DEBUG 2026-05-19 13:54:34,190 schema 30006 124142107275264 INSERT INTO "new__auth_user" ("id", "password", "last_login", "is_superuser", "username", "first_name", "email", "is_staff", "is_active", "date_joined", "last_name") SELECT "id", "password", "last_login", "is_superuser", "username", "first_name", "email", "is_staff", "is_active", "date_joined", "last_name" FROM "auth_user"; (params ())
DEBUG 2026-05-19 13:54:34,190 schema 30006 124142107275264 DROP TABLE "auth_user"; (params ())
DEBUG 2026-05-19 13:54:34,191 schema 30006 124142107275264 ALTER TABLE "new__auth_user" RENAME TO "auth_user"; (params ())
DEBUG 2026-05-19 13:54:34,204 schema 30006 124142107275264 CREATE TABLE "new__auth_group" ("id" integer NOT NULL PRIMARY KEY AUTOINCREMENT, "name" varchar(150) NOT NULL UNIQUE); (params None)
DEBUG 2026-05-19 13:54:34,204 schema 30006 124142107275264 INSERT INTO "new__auth_group" ("id", "name") SELECT "id", "name" FROM "auth_group"; (params ())
DEBUG 2026-05-19 13:54:34,205 schema 30006 124142107275264 DROP TABLE "auth_group"; (params ())
DEBUG 2026-05-19 13:54:34,205 schema 30006 124142107275264 ALTER TABLE "new__auth_group" RENAME TO "auth_group"; (params ())
DEBUG 2026-05-19 13:54:34,229 schema 30006 124142107275264 CREATE TABLE "new__auth_user" ("id" integer NOT NULL PRIMARY KEY AUTOINCREMENT, "password" varchar(128) NOT NULL, "last_login" datetime NULL, "is_superuser" bool NOT NULL, "username" varchar(150) NOT NULL UNIQUE, "last_name" varchar(150) NOT NULL, "email" varchar(254) NOT NULL, "is_staff" bool NOT NULL, "is_active" bool NOT NULL, "date_joined" datetime NOT NULL, "first_name" varchar(150) NOT NULL); (params None)
DEBUG 2026-05-19 13:54:34,229 schema 30006 124142107275264 INSERT INTO "new__auth_user" ("id", "password", "last_login", "is_superuser", "username", "last_name", "email", "is_staff", "is_active", "date_joined", "first_name") SELECT "id", "password", "last_login", "is_superuser", "username", "last_name", "email", "is_staff", "is_active", "date_joined", "first_name" FROM "auth_user"; (params ())
DEBUG 2026-05-19 13:54:34,230 schema 30006 124142107275264 DROP TABLE "auth_user"; (params ())
DEBUG 2026-05-19 13:54:34,230 schema 30006 124142107275264 ALTER TABLE "new__auth_user" RENAME TO "auth_user"; (params ())
DEBUG 2026-05-19 13:54:34,235 schema 30006 124142107275264 CREATE TABLE "catalog_article" ("id" integer NOT NULL PRIMARY KEY AUTOINCREMENT, "title" varchar(255) NOT NULL, "summary" varchar(500) NOT NULL, "content" text NOT NULL, "image" varchar(100) NULL, "published_at" datetime NOT NULL, "is_published" bool NOT NULL); (params None)
DEBUG 2026-05-19 13:54:34,238 schema 30006 124142107275264 CREATE TABLE "catalog_car" ("id" integer NOT NULL PRIMARY KEY AUTOINCREMENT, "vin" varchar(17) NOT NULL UNIQUE, "name" varchar(200) NOT NULL, "year" smallint unsigned NOT NULL CHECK ("year" >= 0), "price" decimal NOT NULL, "mileage" integer unsigned NOT NULL CHECK ("mileage" >= 0), "color" varchar(50) NOT NULL, "transmission" varchar(3) NOT NULL, "fuel" varchar(10) NOT NULL, "engine_volume" decimal NOT NULL, "horsepower" smallint unsigned NOT NULL CHECK ("horsepower" >= 0), "description" text NOT NULL, "photo" varchar(100) NULL, "status" varchar(10) NOT NULL, "created_at" datetime NOT NULL, "updated_at" datetime NOT NULL); (params None)
DEBUG 2026-05-19 13:54:34,240 schema 30006 124142107275264 CREATE TABLE "catalog_cartype" ("id" integer NOT NULL PRIMARY KEY AUTOINCREMENT, "name" varchar(100) NOT NULL, "description" text NOT NULL); (params None)
DEBUG 2026-05-19 13:54:34,251 schema 30006 124142107275264 CREATE TABLE "catalog_client" ("id" integer NOT NULL PRIMARY KEY AUTOINCREMENT, "phone" varchar(20) NOT NULL, "address" varchar(255) NOT NULL, "birth_date" date NOT NULL, "city" varchar(100) NOT NULL, "email" varchar(254) NOT NULL, "created_at" datetime NOT NULL, "user_id" integer NOT NULL UNIQUE REFERENCES "auth_user" ("id") DEFERRABLE INITIALLY DEFERRED); (params None)
DEBUG 2026-05-19 13:54:34,254 schema 30006 124142107275264 CREATE TABLE "catalog_companyinfo" ("id" integer NOT NULL PRIMARY KEY AUTOINCREMENT, "name" varchar(200) NOT NULL, "description" text NOT NULL, "address" varchar(255) NOT NULL, "phone" varchar(20) NOT NULL, "email" varchar(254) NOT NULL, "founded_year" smallint unsigned NULL CHECK ("founded_year" >= 0), "logo" varchar(100) NULL); (params None)
DEBUG 2026-05-19 13:54:34,257 schema 30006 124142107275264 CREATE TABLE "catalog_contact" ("id" integer NOT NULL PRIMARY KEY AUTOINCREMENT, "name" varchar(200) NOT NULL, "position" varchar(200) NOT NULL, "phone" varchar(20) NOT NULL, "email" varchar(254) NOT NULL, "photo" varchar(100) NULL, "description" text NOT NULL); (params None)
DEBUG 2026-05-19 13:54:34,270 schema 30006 124142107275264 CREATE TABLE "catalog_employee" ("id" integer NOT NULL PRIMARY KEY AUTOINCREMENT, "role" varchar(20) NOT NULL, "phone" varchar(20) NOT NULL, "birth_date" date NOT NULL, "photo" varchar(100) NULL, "hired_at" date NOT NULL, "user_id" integer NOT NULL UNIQUE REFERENCES "auth_user" ("id") DEFERRABLE INITIALLY DEFERRED); (params None)
DEBUG 2026-05-19 13:54:34,273 schema 30006 124142107275264 CREATE TABLE "catalog_faq" ("id" integer NOT NULL PRIMARY KEY AUTOINCREMENT, "question" varchar(255) NOT NULL, "answer" text NOT NULL, "added_at" date NOT NULL); (params None)
DEBUG 2026-05-19 13:54:34,275 schema 30006 124142107275264 CREATE TABLE "catalog_feature" ("id" integer NOT NULL PRIMARY KEY AUTOINCREMENT, "name" varchar(100) NOT NULL); (params None)
DEBUG 2026-05-19 13:54:34,277 schema 30006 124142107275264 CREATE TABLE "catalog_manufacturer" ("id" integer NOT NULL PRIMARY KEY AUTOINCREMENT, "name" varchar(100) NOT NULL, "country" varchar(100) NOT NULL, "website" varchar(200) NOT NULL, "logo" varchar(100) NULL); (params None)
DEBUG 2026-05-19 13:54:34,280 schema 30006 124142107275264 CREATE TABLE "catalog_promo" ("id" integer NOT NULL PRIMARY KEY AUTOINCREMENT, "code" varchar(50) NOT NULL UNIQUE, "discount_percent" smallint unsigned NOT NULL CHECK ("discount_percent" >= 0), "description" varchar(255) NOT NULL, "valid_until" date NULL, "status" varchar(10) NOT NULL); (params None)
DEBUG 2026-05-19 13:54:34,282 schema 30006 124142107275264 CREATE TABLE "catalog_vacancy" ("id" integer NOT NULL PRIMARY KEY AUTOINCREMENT, "title" varchar(200) NOT NULL, "description" text NOT NULL, "salary_from" decimal NULL, "salary_to" decimal NULL, "is_active" bool NOT NULL, "created_at" date NOT NULL); (params None)
DEBUG 2026-05-19 13:54:34,301 schema 30006 124142107275264 CREATE TABLE "catalog_review" ("id" integer NOT NULL PRIMARY KEY AUTOINCREMENT, "rating" smallint unsigned NOT NULL CHECK ("rating" >= 0), "text" text NOT NULL, "created_at" datetime NOT NULL, "car_id" bigint NULL REFERENCES "catalog_car" ("id") DEFERRABLE INITIALLY DEFERRED, "client_id" bigint NOT NULL REFERENCES "catalog_client" ("id") DEFERRABLE INITIALLY DEFERRED); (params None)
DEBUG 2026-05-19 13:54:34,321 schema 30006 124142107275264 CREATE TABLE "catalog_order" ("id" integer NOT NULL PRIMARY KEY AUTOINCREMENT, "status" varchar(15) NOT NULL, "sale_price" decimal NOT NULL, "sale_date" date NULL, "delivery_date" date NULL, "comment" text NOT NULL, "created_at" datetime NOT NULL, "car_id" bigint NOT NULL REFERENCES "catalog_car" ("id") DEFERRABLE INITIALLY DEFERRED, "client_id" bigint NOT NULL REFERENCES "catalog_client" ("id") DEFERRABLE INITIALLY DEFERRED, "employee_id" bigint NULL REFERENCES "catalog_employee" ("id") DEFERRABLE INITIALLY DEFERRED); (params None)
DEBUG 2026-05-19 13:54:34,346 schema 30006 124142107275264 CREATE TABLE "new__catalog_car" ("id" integer NOT NULL PRIMARY KEY AUTOINCREMENT, "vin" varchar(17) NOT NULL UNIQUE, "name" varchar(200) NOT NULL, "year" smallint unsigned NOT NULL CHECK ("year" >= 0), "price" decimal NOT NULL, "mileage" integer unsigned NOT NULL CHECK ("mileage" >= 0), "color" varchar(50) NOT NULL, "transmission" varchar(3) NOT NULL, "fuel" varchar(10) NOT NULL, "engine_volume" decimal NOT NULL, "horsepower" smallint unsigned NOT NULL CHECK ("horsepower" >= 0), "description" text NOT NULL, "photo" varchar(100) NULL, "status" varchar(10) NOT NULL, "created_at" datetime NOT NULL, "updated_at" datetime NOT NULL, "car_type_id" bigint NOT NULL REFERENCES "catalog_cartype" ("id") DEFERRABLE INITIALLY DEFERRED); (params None)
DEBUG 2026-05-19 13:54:34,347 schema 30006 124142107275264 INSERT INTO "new__catalog_car" ("id", "vin", "name", "year", "price", "mileage", "color", "transmission", "fuel", "engine_volume", "horsepower", "description", "photo", "status", "created_at", "updated_at", "car_type_id") SELECT "id", "vin", "name", "year", "price", "mileage", "color", "transmission", "fuel", "engine_volume", "horsepower", "description", "photo", "status", "created_at", "updated_at", NULL FROM "catalog_car"; (params ())
DEBUG 2026-05-19 13:54:34,347 schema 30006 124142107275264 DROP TABLE "catalog_car"; (params ())
DEBUG 2026-05-19 13:54:34,348 schema 30006 124142107275264 ALTER TABLE "new__catalog_car" RENAME TO "catalog_car"; (params ())
DEBUG 2026-05-19 13:54:34,350 schema 30006 124142107275264 CREATE INDEX "catalog_review_car_id_18541e53" ON "catalog_review" ("car_id"); (params ())
DEBUG 2026-05-19 13:54:34,351 schema 30006 124142107275264 CREATE INDEX "catalog_review_client_id_c109e325" ON "catalog_review" ("client_id"); (params ())
DEBUG 2026-05-19 13:54:34,351 schema 30006 124142107275264 CREATE INDEX "catalog_order_car_id_f405374e" ON "catalog_order" ("car_id"); (params ())
DEBUG 2026-05-19 13:54:34,351 schema 30006 124142107275264 CREATE INDEX "catalog_order_client_id_c29da495" ON "catalog_order" ("client_id"); (params ())
DEBUG 2026-05-19 13:54:34,352 schema 30006 124142107275264 CREATE INDEX "catalog_order_employee_id_6746e64e" ON "catalog_order" ("employee_id"); (params ())
DEBUG 2026-05-19 13:54:34,352 schema 30006 124142107275264 CREATE INDEX "catalog_car_car_type_id_3963d3d3" ON "catalog_car" ("car_type_id"); (params ())
DEBUG 2026-05-19 13:54:34,378 schema 30006 124142107275264 CREATE TABLE "catalog_car_features" ("id" integer NOT NULL PRIMARY KEY AUTOINCREMENT, "car_id" bigint NOT NULL REFERENCES "catalog_car" ("id") DEFERRABLE INITIALLY DEFERRED, "feature_id" bigint NOT NULL REFERENCES "catalog_feature" ("id") DEFERRABLE INITIALLY DEFERRED); (params None)
DEBUG 2026-05-19 13:54:34,436 schema 30006 124142107275264 CREATE TABLE "new__catalog_car" ("id" integer NOT NULL PRIMARY KEY AUTOINCREMENT, "vin" varchar(17) NOT NULL UNIQUE, "name" varchar(200) NOT NULL, "year" smallint unsigned NOT NULL CHECK ("year" >= 0), "price" decimal NOT NULL, "mileage" integer unsigned NOT NULL CHECK ("mileage" >= 0), "color" varchar(50) NOT NULL, "transmission" varchar(3) NOT NULL, "fuel" varchar(10) NOT NULL, "engine_volume" decimal NOT NULL, "horsepower" smallint unsigned NOT NULL CHECK ("horsepower" >= 0), "description" text NOT NULL, "photo" varchar(100) NULL, "status" varchar(10) NOT NULL, "created_at" datetime NOT NULL, "updated_at" datetime NOT NULL, "car_type_id" bigint NOT NULL REFERENCES "catalog_cartype" ("id") DEFERRABLE INITIALLY DEFERRED, "manufacturer_id" bigint NOT NULL REFERENCES "catalog_manufacturer" ("id") DEFERRABLE INITIALLY DEFERRED); (params None)
DEBUG 2026-05-19 13:54:34,437 schema 30006 124142107275264 INSERT INTO "new__catalog_car" ("id", "vin", "name", "year", "price", "mileage", "color", "transmission", "fuel", "engine_volume", "horsepower", "description", "photo", "status", "created_at", "updated_at", "car_type_id", "manufacturer_id") SELECT "id", "vin", "name", "year", "price", "mileage", "color", "transmission", "fuel", "engine_volume", "horsepower", "description", "photo", "status", "created_at", "updated_at", "car_type_id", NULL FROM "catalog_car"; (params ())
DEBUG 2026-05-19 13:54:34,438 schema 30006 124142107275264 DROP TABLE "catalog_car"; (params ())
DEBUG 2026-05-19 13:54:34,438 schema 30006 124142107275264 ALTER TABLE "new__catalog_car" RENAME TO "catalog_car"; (params ())
DEBUG 2026-05-19 13:54:34,441 schema 30006 124142107275264 CREATE UNIQUE INDEX "catalog_car_features_car_id_feature_id_e4239fd0_uniq" ON "catalog_car_features" ("car_id", "feature_id"); (params ())
DEBUG 2026-05-19 13:54:34,442 schema 30006 124142107275264 CREATE INDEX "catalog_car_features_car_id_385bb7c8" ON "catalog_car_features" ("car_id"); (params ())
DEBUG 2026-05-19 13:54:34,442 schema 30006 124142107275264 CREATE INDEX "catalog_car_features_feature_id_f9de8399" ON "catalog_car_features" ("feature_id"); (params ())
DEBUG 2026-05-19 13:54:34,443 schema 30006 124142107275264 CREATE INDEX "catalog_car_car_type_id_3963d3d3" ON "catalog_car" ("car_type_id"); (params ())
DEBUG 2026-05-19 13:54:34,443 schema 30006 124142107275264 CREATE INDEX "catalog_car_manufacturer_id_62b16d8a" ON "catalog_car" ("manufacturer_id"); (params ())
DEBUG 2026-05-19 13:54:34,447 schema 30006 124142107275264 CREATE TABLE "django_session" ("session_key" varchar(40) NOT NULL PRIMARY KEY, "session_data" text NOT NULL, "expire_date" datetime NOT NULL); (params None)
DEBUG 2026-05-19 13:54:34,447 schema 30006 124142107275264 CREATE INDEX "django_session_expire_date_a5c62663" ON "django_session" ("expire_date"); (params ())
WARNING 2026-05-19 13:54:36,938 log 30006 124142107275264 Not Found: /cars/99999/
INFO 2026-05-19 13:54:37,718 views 30006 124142107275264 Home page accessed
WARNING 2026-05-19 13:54:41,090 log 30006 124142107275264 Unauthorized: /api/cars/
DEBUG 2026-05-19 13:54:44,648 base 30006 124142107275264 Exception while resolving variable 'employee_profile' in template 'users/profile.html'.
Traceback (most recent call last):
  File "/home/anton/4_sem_vsakoe/IGI_LR5_v2/.venv/lib/python3.10/site-packages/django/template/base.py", line 880, in _resolve_lookup
    current = current[bit]
  File "/home/anton/4_sem_vsakoe/IGI_LR5_v2/.venv/lib/python3.10/site-packages/django/utils/functional.py", line 268, in inner
    return func(_wrapped, *args)
TypeError: 'User' object is not subscriptable

During handling of the above exception, another exception occurred:

Traceback (most recent call last):
  File "/home/anton/4_sem_vsakoe/IGI_LR5_v2/.venv/lib/python3.10/site-packages/django/template/base.py", line 890, in _resolve_lookup
    current = getattr(current, bit)
  File "/home/anton/4_sem_vsakoe/IGI_LR5_v2/.venv/lib/python3.10/site-packages/django/utils/functional.py", line 268, in inner
    return func(_wrapped, *args)
  File "/home/anton/4_sem_vsakoe/IGI_LR5_v2/.venv/lib/python3.10/site-packages/django/db/models/fields/related_descriptors.py", line 492, in __get__
    raise self.RelatedObjectDoesNotExist(
django.contrib.auth.models.User.employee_profile.RelatedObjectDoesNotExist: User has no employee_profile.
INFO 2026-05-19 13:54:45,903 views 30006 124142107275264 New user registered: newuser123
INFO 2026-05-19 13:54:48,299 views 30006 124142107275264 Statistics accessed by staff
DEBUG 2026-05-19 13:54:48,328 base 30006 124142107275264 Exception while resolving variable 'employee_profile' in template 'catalog/statistics.html'.
Traceback (most recent call last):
  File "/home/anton/4_sem_vsakoe/IGI_LR5_v2/.venv/lib/python3.10/site-packages/django/template/base.py", line 880, in _resolve_lookup
    current = current[bit]
  File "/home/anton/4_sem_vsakoe/IGI_LR5_v2/.venv/lib/python3.10/site-packages/django/utils/functional.py", line 268, in inner
    return func(_wrapped, *args)
TypeError: 'User' object is not subscriptable

During handling of the above exception, another exception occurred:

Traceback (most recent call last):
  File "/home/anton/4_sem_vsakoe/IGI_LR5_v2/.venv/lib/python3.10/site-packages/django/template/base.py", line 890, in _resolve_lookup
    current = getattr(current, bit)
  File "/home/anton/4_sem_vsakoe/IGI_LR5_v2/.venv/lib/python3.10/site-packages/django/utils/functional.py", line 268, in inner
    return func(_wrapped, *args)
  File "/home/anton/4_sem_vsakoe/IGI_LR5_v2/.venv/lib/python3.10/site-packages/django/db/models/fields/related_descriptors.py", line 492, in __get__
    raise self.RelatedObjectDoesNotExist(
django.contrib.auth.models.User.employee_profile.RelatedObjectDoesNotExist: User has no employee_profile.
DEBUG 2026-05-19 13:54:49,106 base 30006 124142107275264 Exception while resolving variable 'employee_profile' in template 'catalog/order_create.html'.
Traceback (most recent call last):
  File "/home/anton/4_sem_vsakoe/IGI_LR5_v2/.venv/lib/python3.10/site-packages/django/template/base.py", line 880, in _resolve_lookup
    current = current[bit]
  File "/home/anton/4_sem_vsakoe/IGI_LR5_v2/.venv/lib/python3.10/site-packages/django/utils/functional.py", line 268, in inner
    return func(_wrapped, *args)
TypeError: 'User' object is not subscriptable

During handling of the above exception, another exception occurred:

Traceback (most recent call last):
  File "/home/anton/4_sem_vsakoe/IGI_LR5_v2/.venv/lib/python3.10/site-packages/django/template/base.py", line 890, in _resolve_lookup
    current = getattr(current, bit)
  File "/home/anton/4_sem_vsakoe/IGI_LR5_v2/.venv/lib/python3.10/site-packages/django/utils/functional.py", line 268, in inner
    return func(_wrapped, *args)
  File "/home/anton/4_sem_vsakoe/IGI_LR5_v2/.venv/lib/python3.10/site-packages/django/db/models/fields/related_descriptors.py", line 492, in __get__
    raise self.RelatedObjectDoesNotExist(
django.contrib.auth.models.User.employee_profile.RelatedObjectDoesNotExist: User has no employee_profile.
INFO 2026-05-19 13:54:49,889 views 30006 124142107275264 Order created: Заказ #1 — Toyota Camry (2022) (Ожидает)
DEBUG 2026-05-19 14:08:52,984 schema 33194 133960694087680 CREATE TABLE "django_migrations" ("id" integer NOT NULL PRIMARY KEY AUTOINCREMENT, "app" varchar(255) NOT NULL, "name" varchar(255) NOT NULL, "applied" datetime NOT NULL); (params None)
DEBUG 2026-05-19 14:08:52,987 schema 33194 133960694087680 CREATE TABLE "django_content_type" ("id" integer NOT NULL PRIMARY KEY AUTOINCREMENT, "name" varchar(100) NOT NULL, "app_label" varchar(100) NOT NULL, "model" varchar(100) NOT NULL); (params None)
DEBUG 2026-05-19 14:08:52,992 schema 33194 133960694087680 CREATE UNIQUE INDEX "django_content_type_app_label_model_76bd3d3b_uniq" ON "django_content_type" ("app_label", "model"); (params ())
DEBUG 2026-05-19 14:08:52,997 schema 33194 133960694087680 CREATE TABLE "auth_permission" ("id" integer NOT NULL PRIMARY KEY AUTOINCREMENT, "name" varchar(50) NOT NULL, "content_type_id" integer NOT NULL REFERENCES "django_content_type" ("id") DEFERRABLE INITIALLY DEFERRED, "codename" varchar(100) NOT NULL); (params None)
DEBUG 2026-05-19 14:08:53,002 schema 33194 133960694087680 CREATE TABLE "auth_group" ("id" integer NOT NULL PRIMARY KEY AUTOINCREMENT, "name" varchar(80) NOT NULL UNIQUE); (params None)
DEBUG 2026-05-19 14:08:53,005 schema 33194 133960694087680 CREATE TABLE "auth_group_permissions" ("id" integer NOT NULL PRIMARY KEY AUTOINCREMENT, "group_id" integer NOT NULL REFERENCES "auth_group" ("id") DEFERRABLE INITIALLY DEFERRED, "permission_id" integer NOT NULL REFERENCES "auth_permission" ("id") DEFERRABLE INITIALLY DEFERRED); (params None)
DEBUG 2026-05-19 14:08:53,018 schema 33194 133960694087680 CREATE TABLE "auth_user" ("id" integer NOT NULL PRIMARY KEY AUTOINCREMENT, "password" varchar(128) NOT NULL, "last_login" datetime NOT NULL, "is_superuser" bool NOT NULL, "username" varchar(30) NOT NULL UNIQUE, "first_name" varchar(30) NOT NULL, "last_name" varchar(30) NOT NULL, "email" varchar(75) NOT NULL, "is_staff" bool NOT NULL, "is_active" bool NOT NULL, "date_joined" datetime NOT NULL); (params None)
DEBUG 2026-05-19 14:08:53,020 schema 33194 133960694087680 CREATE TABLE "auth_user_groups" ("id" integer NOT NULL PRIMARY KEY AUTOINCREMENT, "user_id" integer NOT NULL REFERENCES "auth_user" ("id") DEFERRABLE INITIALLY DEFERRED, "group_id" integer NOT NULL REFERENCES "auth_group" ("id") DEFERRABLE INITIALLY DEFERRED); (params None)
DEBUG 2026-05-19 14:08:53,021 schema 33194 133960694087680 CREATE TABLE "auth_user_user_permissions" ("id" integer NOT NULL PRIMARY KEY AUTOINCREMENT, "user_id" integer NOT NULL REFERENCES "auth_user" ("id") DEFERRABLE INITIALLY DEFERRED, "permission_id" integer NOT NULL REFERENCES "auth_permission" ("id") DEFERRABLE INITIALLY DEFERRED); (params None)
DEBUG 2026-05-19 14:08:53,021 schema 33194 133960694087680 CREATE UNIQUE INDEX "auth_permission_content_type_id_codename_01ab375a_uniq" ON "auth_permission" ("content_type_id", "codename"); (params ())
DEBUG 2026-05-19 14:08:53,022 schema 33194 133960694087680 CREATE INDEX "auth_permission_content_type_id_2f476e4b" ON "auth_permission" ("content_type_id"); (params ())
DEBUG 2026-05-19 14:08:53,022 schema 33194 133960694087680 CREATE UNIQUE INDEX "auth_group_permissions_group_id_permission_id_0cd325b0_uniq" ON "auth_group_permissions" ("group_id", "permission_id"); (params ())
DEBUG 2026-05-19 14:08:53,023 schema 33194 133960694087680 CREATE INDEX "auth_group_permissions_group_id_b120cbf9" ON "auth_group_permissions" ("group_id"); (params ())
DEBUG 2026-05-19 14:08:53,023 schema 33194 133960694087680 CREATE INDEX "auth_group_permissions_permission_id_84c5c92e" ON "auth_group_permissions" ("permission_id"); (params ())
DEBUG 2026-05-19 14:08:53,023 schema 33194 133960694087680 CREATE UNIQUE INDEX "auth_user_groups_user_id_group_id_94350c0c_uniq" ON "auth_user_groups" ("user_id", "group_id"); (params ())
DEBUG 2026-05-19 14:08:53,024 schema 33194 133960694087680 CREATE INDEX "auth_user_groups_user_id_6a12ed8b" ON "auth_user_groups" ("user_id"); (params ())
DEBUG 2026-05-19 14:08:53,024 schema 33194 133960694087680 CREATE INDEX "auth_user_groups_group_id_97559544" ON "auth_user_groups" ("group_id"); (params ())
DEBUG 2026-05-19 14:08:53,024 schema 33194 133960694087680 CREATE UNIQUE INDEX "auth_user_user_permissions_user_id_permission_id_14a6b632_uniq" ON "auth_user_user_permissions" ("user_id", "permission_id"); (params ())
DEBUG 2026-05-19 14:08:53,025 schema 33194 133960694087680 CREATE INDEX "auth_user_user_permissions_user_id_a95ead1b" ON "auth_user_user_permissions" ("user_id"); (params ())
DEBUG 2026-05-19 14:08:53,025 schema 33194 133960694087680 CREATE INDEX "auth_user_user_permissions_permission_id_1fbb5f2c" ON "auth_user_user_permissions" ("permission_id"); (params ())
DEBUG 2026-05-19 14:08:53,037 schema 33194 133960694087680 CREATE TABLE "django_admin_log" ("id" integer NOT NULL PRIMARY KEY AUTOINCREMENT, "action_time" datetime NOT NULL, "object_id" text NULL, "object_repr" varchar(200) NOT NULL, "action_flag" smallint unsigned NOT NULL CHECK ("action_flag" >= 0), "change_message" text NOT NULL, "content_type_id" integer NULL REFERENCES "django_content_type" ("id") DEFERRABLE INITIALLY DEFERRED, "user_id" integer NOT NULL REFERENCES "auth_user" ("id") DEFERRABLE INITIALLY DEFERRED); (params None)
DEBUG 2026-05-19 14:08:53,038 schema 33194 133960694087680 CREATE INDEX "django_admin_log_content_type_id_c4bce8eb" ON "django_admin_log" ("content_type_id"); (params ())
DEBUG 2026-05-19 14:08:53,038 schema 33194 133960694087680 CREATE INDEX "django_admin_log_user_id_c564eba6" ON "django_admin_log" ("user_id"); (params ())
DEBUG 2026-05-19 14:08:53,052 schema 33194 133960694087680 CREATE TABLE "new__django_admin_log" ("id" integer NOT NULL PRIMARY KEY AUTOINCREMENT, "object_id" text NULL, "object_repr" varchar(200) NOT NULL, "action_flag" smallint unsigned NOT NULL CHECK ("action_flag" >= 0), "change_message" text NOT NULL, "content_type_id" integer NULL REFERENCES "django_content_type" ("id") DEFERRABLE INITIALLY DEFERRED, "user_id" integer NOT NULL REFERENCES "auth_user" ("id") DEFERRABLE INITIALLY DEFERRED, "action_time" datetime NOT NULL); (params None)
DEBUG 2026-05-19 14:08:53,052 schema 33194 133960694087680 INSERT INTO "new__django_admin_log" ("id", "object_id", "object_repr", "action_flag", "change_message", "content_type_id", "user_id", "action_time") SELECT "id", "object_id", "object_repr", "action_flag", "change_message", "content_type_id", "user_id", "action_time" FROM "django_admin_log"; (params ())
DEBUG 2026-05-19 14:08:53,053 schema 33194 133960694087680 DROP TABLE "django_admin_log"; (params ())
DEBUG 2026-05-19 14:08:53,054 schema 33194 133960694087680 ALTER TABLE "new__django_admin_log" RENAME TO "django_admin_log"; (params ())
DEBUG 2026-05-19 14:08:53,055 schema 33194 133960694087680 CREATE INDEX "django_admin_log_content_type_id_c4bce8eb" ON "django_admin_log" ("content_type_id"); (params ())
DEBUG 2026-05-19 14:08:53,056 schema 33194 133960694087680 CREATE INDEX "django_admin_log_user_id_c564eba6" ON "django_admin_log" ("user_id"); (params ())
DEBUG 2026-05-19 14:08:53,078 schema 33194 133960694087680 CREATE TABLE "new__django_content_type" ("id" integer NOT NULL PRIMARY KEY AUTOINCREMENT, "app_label" varchar(100) NOT NULL, "model" varchar(100) NOT NULL, "name" varchar(100) NULL); (params None)
DEBUG 2026-05-19 14:08:53,078 schema 33194 133960694087680 INSERT INTO "new__django_content_type" ("id", "app_label", "model", "name") SELECT "id", "app_label", "model", "name" FROM "django_content_type"; (params ())
DEBUG 2026-05-19 14:08:53,079 schema 33194 133960694087680 DROP TABLE "django_content_type"; (params ())
DEBUG 2026-05-19 14:08:53,079 schema 33194 133960694087680 ALTER TABLE "new__django_content_type" RENAME TO "django_content_type"; (params ())
DEBUG 2026-05-19 14:08:53,081 schema 33194 133960694087680 CREATE UNIQUE INDEX "django_content_type_app_label_model_76bd3d3b_uniq" ON "django_content_type" ("app_label", "model"); (params ())
DEBUG 2026-05-19 14:08:53,094 schema 33194 133960694087680 ALTER TABLE "django_content_type" DROP COLUMN "name"; (params ())
DEBUG 2026-05-19 14:08:53,109 schema 33194 133960694087680 CREATE TABLE "new__auth_permission" ("id" integer NOT NULL PRIMARY KEY AUTOINCREMENT, "content_type_id" integer NOT NULL REFERENCES "django_content_type" ("id") DEFERRABLE INITIALLY DEFERRED, "codename" varchar(100) NOT NULL, "name" varchar(255) NOT NULL); (params None)
DEBUG 2026-05-19 14:08:53,110 schema 33194 133960694087680 INSERT INTO "new__auth_permission" ("id", "content_type_id", "codename", "name") SELECT "id", "content_type_id", "codename", "name" FROM "auth_permission"; (params ())
DEBUG 2026-05-19 14:08:53,110 schema 33194 133960694087680 DROP TABLE "auth_permission"; (params ())
DEBUG 2026-05-19 14:08:53,111 schema 33194 133960694087680 ALTER TABLE "new__auth_permission" RENAME TO "auth_permission"; (params ())
DEBUG 2026-05-19 14:08:53,112 schema 33194 133960694087680 CREATE UNIQUE INDEX "auth_permission_content_type_id_codename_01ab375a_uniq" ON "auth_permission" ("content_type_id", "codename"); (params ())
DEBUG 2026-05-19 14:08:53,113 schema 33194 133960694087680 CREATE INDEX "auth_permission_content_type_id_2f476e4b" ON "auth_permission" ("content_type_id"); (params ())
DEBUG 2026-05-19 14:08:53,127 schema 33194 133960694087680 CREATE TABLE "new__auth_user" ("id" integer NOT NULL PRIMARY KEY AUTOINCREMENT, "password" varchar(128) NOT NULL, "last_login" datetime NOT NULL, "is_superuser" bool NOT NULL, "username" varchar(30) NOT NULL UNIQUE, "first_name" varchar(30) NOT NULL, "last_name" varchar(30) NOT NULL, "is_staff" bool NOT NULL, "is_active" bool NOT NULL, "date_joined" datetime NOT NULL, "email" varchar(254) NOT NULL); (params None)
DEBUG 2026-05-19 14:08:53,128 schema 33194 133960694087680 INSERT INTO "new__auth_user" ("id", "password", "last_login", "is_superuser", "username", "first_name", "last_name", "is_staff", "is_active", "date_joined", "email") SELECT "id", "password", "last_login", "is_superuser", "username", "first_name", "last_name", "is_staff", "is_active", "date_joined", "email" FROM "auth_user"; (params ())
DEBUG 2026-05-19 14:08:53,128 schema 33194 133960694087680 DROP TABLE "auth_user"; (params ())
DEBUG 2026-05-19 14:08:53,129 schema 33194 133960694087680 ALTER TABLE "new__auth_user" RENAME TO "auth_user"; (params ())
DEBUG 2026-05-19 14:08:53,153 schema 33194 133960694087680 CREATE TABLE "new__auth_user" ("id" integer NOT NULL PRIMARY KEY AUTOINCREMENT, "password" varchar(128) NOT NULL, "is_superuser" bool NOT NULL, "username" varchar(30) NOT NULL UNIQUE, "first_name" varchar(30) NOT NULL, "last_name" varchar(30) NOT NULL, "email" varchar(254) NOT NULL, "is_staff" bool NOT NULL, "is_active" bool NOT NULL, "date_joined" datetime NOT NULL, "last_login" datetime NULL); (params None)
DEBUG 2026-05-19 14:08:53,154 schema 33194 133960694087680 INSERT INTO "new__auth_user" ("id", "password", "is_superuser", "username", "first_name", "last_name", "email", "is_staff", "is_active", "date_joined", "last_login") SELECT "id", "password", "is_superuser", "username", "first_name", "last_name", "email", "is_staff", "is_active", "date_joined", "last_login" FROM "auth_user"; (params ())
DEBUG 2026-05-19 14:08:53,154 schema 33194 133960694087680 DROP TABLE "auth_user"; (params ())
DEBUG 2026-05-19 14:08:53,155 schema 33194 133960694087680 ALTER TABLE "new__auth_user" RENAME TO "auth_user"; (params ())
DEBUG 2026-05-19 14:08:53,180 schema 33194 133960694087680 CREATE TABLE "new__auth_user" ("id" integer NOT NULL PRIMARY KEY AUTOINCREMENT, "password" varchar(128) NOT NULL, "last_login" datetime NULL, "is_superuser" bool NOT NULL, "first_name" varchar(30) NOT NULL, "last_name" varchar(30) NOT NULL, "email" varchar(254) NOT NULL, "is_staff" bool NOT NULL, "is_active" bool NOT NULL, "date_joined" datetime NOT NULL, "username" varchar(150) NOT NULL UNIQUE); (params None)
DEBUG 2026-05-19 14:08:53,181 schema 33194 133960694087680 INSERT INTO "new__auth_user" ("id", "password", "last_login", "is_superuser", "first_name", "last_name", "email", "is_staff", "is_active", "date_joined", "username") SELECT "id", "password", "last_login", "is_superuser", "first_name", "last_name", "email", "is_staff", "is_active", "date_joined", "username" FROM "auth_user"; (params ())
DEBUG 2026-05-19 14:08:53,182 schema 33194 133960694087680 DROP TABLE "auth_user"; (params ())
DEBUG 2026-05-19 14:08:53,182 schema 33194 133960694087680 ALTER TABLE "new__auth_user" RENAME TO "auth_user"; (params ())
DEBUG 2026-05-19 14:08:53,197 schema 33194 133960694087680 CREATE TABLE "new__auth_user" ("id" integer NOT NULL PRIMARY KEY AUTOINCREMENT, "password" varchar(128) NOT NULL, "last_login" datetime NULL, "is_superuser" bool NOT NULL, "username" varchar(150) NOT NULL UNIQUE, "first_name" varchar(30) NOT NULL, "email" varchar(254) NOT NULL, "is_staff" bool NOT NULL, "is_active" bool NOT NULL, "date_joined" datetime NOT NULL, "last_name" varchar(150) NOT NULL); (params None)
DEBUG 2026-05-19 14:08:53,198 schema 33194 133960694087680 INSERT INTO "new__auth_user" ("id", "password", "last_login", "is_superuser", "username", "first_name", "email", "is_staff", "is_active", "date_joined", "last_name") SELECT "id", "password", "last_login", "is_superuser", "username", "first_name", "email", "is_staff", "is_active", "date_joined", "last_name" FROM "auth_user"; (params ())
DEBUG 2026-05-19 14:08:53,198 schema 33194 133960694087680 DROP TABLE "auth_user"; (params ())
DEBUG 2026-05-19 14:08:53,199 schema 33194 133960694087680 ALTER TABLE "new__auth_user" RENAME TO "auth_user"; (params ())
DEBUG 2026-05-19 14:08:53,212 schema 33194 133960694087680 CREATE TABLE "new__auth_group" ("id" integer NOT NULL PRIMARY KEY AUTOINCREMENT, "name" varchar(150) NOT NULL UNIQUE); (params None)
DEBUG 2026-05-19 14:08:53,213 schema 33194 133960694087680 INSERT INTO "new__auth_group" ("id", "name") SELECT "id", "name" FROM "auth_group"; (params ())
DEBUG 2026-05-19 14:08:53,213 schema 33194 133960694087680 DROP TABLE "auth_group"; (params ())
DEBUG 2026-05-19 14:08:53,214 schema 33194 133960694087680 ALTER TABLE "new__auth_group" RENAME TO "auth_group"; (params ())
DEBUG 2026-05-19 14:08:53,239 schema 33194 133960694087680 CREATE TABLE "new__auth_user" ("id" integer NOT NULL PRIMARY KEY AUTOINCREMENT, "password" varchar(128) NOT NULL, "last_login" datetime NULL, "is_superuser" bool NOT NULL, "username" varchar(150) NOT NULL UNIQUE, "last_name" varchar(150) NOT NULL, "email" varchar(254) NOT NULL, "is_staff" bool NOT NULL, "is_active" bool NOT NULL, "date_joined" datetime NOT NULL, "first_name" varchar(150) NOT NULL); (params None)
DEBUG 2026-05-19 14:08:53,240 schema 33194 133960694087680 INSERT INTO "new__auth_user" ("id", "password", "last_login", "is_superuser", "username", "last_name", "email", "is_staff", "is_active", "date_joined", "first_name") SELECT "id", "password", "last_login", "is_superuser", "username", "last_name", "email", "is_staff", "is_active", "date_joined", "first_name" FROM "auth_user"; (params ())
DEBUG 2026-05-19 14:08:53,240 schema 33194 133960694087680 DROP TABLE "auth_user"; (params ())
DEBUG 2026-05-19 14:08:53,241 schema 33194 133960694087680 ALTER TABLE "new__auth_user" RENAME TO "auth_user"; (params ())
DEBUG 2026-05-19 14:08:53,245 schema 33194 133960694087680 CREATE TABLE "catalog_article" ("id" integer NOT NULL PRIMARY KEY AUTOINCREMENT, "title" varchar(255) NOT NULL, "summary" varchar(500) NOT NULL, "content" text NOT NULL, "image" varchar(100) NULL, "published_at" datetime NOT NULL, "is_published" bool NOT NULL); (params None)
DEBUG 2026-05-19 14:08:53,249 schema 33194 133960694087680 CREATE TABLE "catalog_car" ("id" integer NOT NULL PRIMARY KEY AUTOINCREMENT, "vin" varchar(17) NOT NULL UNIQUE, "name" varchar(200) NOT NULL, "year" smallint unsigned NOT NULL CHECK ("year" >= 0), "price" decimal NOT NULL, "mileage" integer unsigned NOT NULL CHECK ("mileage" >= 0), "color" varchar(50) NOT NULL, "transmission" varchar(3) NOT NULL, "fuel" varchar(10) NOT NULL, "engine_volume" decimal NOT NULL, "horsepower" smallint unsigned NOT NULL CHECK ("horsepower" >= 0), "description" text NOT NULL, "photo" varchar(100) NULL, "status" varchar(10) NOT NULL, "created_at" datetime NOT NULL, "updated_at" datetime NOT NULL); (params None)
DEBUG 2026-05-19 14:08:53,251 schema 33194 133960694087680 CREATE TABLE "catalog_cartype" ("id" integer NOT NULL PRIMARY KEY AUTOINCREMENT, "name" varchar(100) NOT NULL, "description" text NOT NULL); (params None)
DEBUG 2026-05-19 14:08:53,263 schema 33194 133960694087680 CREATE TABLE "catalog_client" ("id" integer NOT NULL PRIMARY KEY AUTOINCREMENT, "phone" varchar(20) NOT NULL, "address" varchar(255) NOT NULL, "birth_date" date NOT NULL, "city" varchar(100) NOT NULL, "email" varchar(254) NOT NULL, "created_at" datetime NOT NULL, "user_id" integer NOT NULL UNIQUE REFERENCES "auth_user" ("id") DEFERRABLE INITIALLY DEFERRED); (params None)
DEBUG 2026-05-19 14:08:53,266 schema 33194 133960694087680 CREATE TABLE "catalog_companyinfo" ("id" integer NOT NULL PRIMARY KEY AUTOINCREMENT, "name" varchar(200) NOT NULL, "description" text NOT NULL, "address" varchar(255) NOT NULL, "phone" varchar(20) NOT NULL, "email" varchar(254) NOT NULL, "founded_year" smallint unsigned NULL CHECK ("founded_year" >= 0), "logo" varchar(100) NULL); (params None)
DEBUG 2026-05-19 14:08:53,268 schema 33194 133960694087680 CREATE TABLE "catalog_contact" ("id" integer NOT NULL PRIMARY KEY AUTOINCREMENT, "name" varchar(200) NOT NULL, "position" varchar(200) NOT NULL, "phone" varchar(20) NOT NULL, "email" varchar(254) NOT NULL, "photo" varchar(100) NULL, "description" text NOT NULL); (params None)
DEBUG 2026-05-19 14:08:53,281 schema 33194 133960694087680 CREATE TABLE "catalog_employee" ("id" integer NOT NULL PRIMARY KEY AUTOINCREMENT, "role" varchar(20) NOT NULL, "phone" varchar(20) NOT NULL, "birth_date" date NOT NULL, "photo" varchar(100) NULL, "hired_at" date NOT NULL, "user_id" integer NOT NULL UNIQUE REFERENCES "auth_user" ("id") DEFERRABLE INITIALLY DEFERRED); (params None)
DEBUG 2026-05-19 14:08:53,283 schema 33194 133960694087680 CREATE TABLE "catalog_faq" ("id" integer NOT NULL PRIMARY KEY AUTOINCREMENT, "question" varchar(255) NOT NULL, "answer" text NOT NULL, "added_at" date NOT NULL); (params None)
DEBUG 2026-05-19 14:08:53,285 schema 33194 133960694087680 CREATE TABLE "catalog_feature" ("id" integer NOT NULL PRIMARY KEY AUTOINCREMENT, "name" varchar(100) NOT NULL); (params None)
DEBUG 2026-05-19 14:08:53,287 schema 33194 133960694087680 CREATE TABLE "catalog_manufacturer" ("id" integer NOT NULL PRIMARY KEY AUTOINCREMENT, "name" varchar(100) NOT NULL, "country" varchar(100) NOT NULL, "website" varchar(200) NOT NULL, "logo" varchar(100) NULL); (params None)
DEBUG 2026-05-19 14:08:53,290 schema 33194 133960694087680 CREATE TABLE "catalog_promo" ("id" integer NOT NULL PRIMARY KEY AUTOINCREMENT, "code" varchar(50) NOT NULL UNIQUE, "discount_percent" smallint unsigned NOT NULL CHECK ("discount_percent" >= 0), "description" varchar(255) NOT NULL, "valid_until" date NULL, "status" varchar(10) NOT NULL); (params None)
DEBUG 2026-05-19 14:08:53,293 schema 33194 133960694087680 CREATE TABLE "catalog_vacancy" ("id" integer NOT NULL PRIMARY KEY AUTOINCREMENT, "title" varchar(200) NOT NULL, "description" text NOT NULL, "salary_from" decimal NULL, "salary_to" decimal NULL, "is_active" bool NOT NULL, "created_at" date NOT NULL); (params None)
DEBUG 2026-05-19 14:08:53,309 schema 33194 133960694087680 CREATE TABLE "catalog_review" ("id" integer NOT NULL PRIMARY KEY AUTOINCREMENT, "rating" smallint unsigned NOT NULL CHECK ("rating" >= 0), "text" text NOT NULL, "created_at" datetime NOT NULL, "car_id" bigint NULL REFERENCES "catalog_car" ("id") DEFERRABLE INITIALLY DEFERRED, "client_id" bigint NOT NULL REFERENCES "catalog_client" ("id") DEFERRABLE INITIALLY DEFERRED); (params None)
DEBUG 2026-05-19 14:08:53,330 schema 33194 133960694087680 CREATE TABLE "catalog_order" ("id" integer NOT NULL PRIMARY KEY AUTOINCREMENT, "status" varchar(15) NOT NULL, "sale_price" decimal NOT NULL, "sale_date" date NULL, "delivery_date" date NULL, "comment" text NOT NULL, "created_at" datetime NOT NULL, "car_id" bigint NOT NULL REFERENCES "catalog_car" ("id") DEFERRABLE INITIALLY DEFERRED, "client_id" bigint NOT NULL REFERENCES "catalog_client" ("id") DEFERRABLE INITIALLY DEFERRED, "employee_id" bigint NULL REFERENCES "catalog_employee" ("id") DEFERRABLE INITIALLY DEFERRED); (params None)
DEBUG 2026-05-19 14:08:53,354 schema 33194 133960694087680 CREATE TABLE "new__catalog_car" ("id" integer NOT NULL PRIMARY KEY AUTOINCREMENT, "vin" varchar(17) NOT NULL UNIQUE, "name" varchar(200) NOT NULL, "year" smallint unsigned NOT NULL CHECK ("year" >= 0), "price" decimal NOT NULL, "mileage" integer unsigned NOT NULL CHECK ("mileage" >= 0), "color" varchar(50) NOT NULL, "transmission" varchar(3) NOT NULL, "fuel" varchar(10) NOT NULL, "engine_volume" decimal NOT NULL, "horsepower" smallint unsigned NOT NULL CHECK ("horsepower" >= 0), "description" text NOT NULL, "photo" varchar(100) NULL, "status" varchar(10) NOT NULL, "created_at" datetime NOT NULL, "updated_at" datetime NOT NULL, "car_type_id" bigint NOT NULL REFERENCES "catalog_cartype" ("id") DEFERRABLE INITIALLY DEFERRED); (params None)
DEBUG 2026-05-19 14:08:53,355 schema 33194 133960694087680 INSERT INTO "new__catalog_car" ("id", "vin", "name", "year", "price", "mileage", "color", "transmission", "fuel", "engine_volume", "horsepower", "description", "photo", "status", "created_at", "updated_at", "car_type_id") SELECT "id", "vin", "name", "year", "price", "mileage", "color", "transmission", "fuel", "engine_volume", "horsepower", "description", "photo", "status", "created_at", "updated_at", NULL FROM "catalog_car"; (params ())
DEBUG 2026-05-19 14:08:53,355 schema 33194 133960694087680 DROP TABLE "catalog_car"; (params ())
DEBUG 2026-05-19 14:08:53,356 schema 33194 133960694087680 ALTER TABLE "new__catalog_car" RENAME TO "catalog_car"; (params ())
DEBUG 2026-05-19 14:08:53,358 schema 33194 133960694087680 CREATE INDEX "catalog_review_car_id_18541e53" ON "catalog_review" ("car_id"); (params ())
DEBUG 2026-05-19 14:08:53,359 schema 33194 133960694087680 CREATE INDEX "catalog_review_client_id_c109e325" ON "catalog_review" ("client_id"); (params ())
DEBUG 2026-05-19 14:08:53,359 schema 33194 133960694087680 CREATE INDEX "catalog_order_car_id_f405374e" ON "catalog_order" ("car_id"); (params ())
DEBUG 2026-05-19 14:08:53,360 schema 33194 133960694087680 CREATE INDEX "catalog_order_client_id_c29da495" ON "catalog_order" ("client_id"); (params ())
DEBUG 2026-05-19 14:08:53,360 schema 33194 133960694087680 CREATE INDEX "catalog_order_employee_id_6746e64e" ON "catalog_order" ("employee_id"); (params ())
DEBUG 2026-05-19 14:08:53,360 schema 33194 133960694087680 CREATE INDEX "catalog_car_car_type_id_3963d3d3" ON "catalog_car" ("car_type_id"); (params ())
DEBUG 2026-05-19 14:08:53,380 schema 33194 133960694087680 CREATE TABLE "catalog_car_features" ("id" integer NOT NULL PRIMARY KEY AUTOINCREMENT, "car_id" bigint NOT NULL REFERENCES "catalog_car" ("id") DEFERRABLE INITIALLY DEFERRED, "feature_id" bigint NOT NULL REFERENCES "catalog_feature" ("id") DEFERRABLE INITIALLY DEFERRED); (params None)
DEBUG 2026-05-19 14:08:53,405 schema 33194 133960694087680 CREATE TABLE "new__catalog_car" ("id" integer NOT NULL PRIMARY KEY AUTOINCREMENT, "vin" varchar(17) NOT NULL UNIQUE, "name" varchar(200) NOT NULL, "year" smallint unsigned NOT NULL CHECK ("year" >= 0), "price" decimal NOT NULL, "mileage" integer unsigned NOT NULL CHECK ("mileage" >= 0), "color" varchar(50) NOT NULL, "transmission" varchar(3) NOT NULL, "fuel" varchar(10) NOT NULL, "engine_volume" decimal NOT NULL, "horsepower" smallint unsigned NOT NULL CHECK ("horsepower" >= 0), "description" text NOT NULL, "photo" varchar(100) NULL, "status" varchar(10) NOT NULL, "created_at" datetime NOT NULL, "updated_at" datetime NOT NULL, "car_type_id" bigint NOT NULL REFERENCES "catalog_cartype" ("id") DEFERRABLE INITIALLY DEFERRED, "manufacturer_id" bigint NOT NULL REFERENCES "catalog_manufacturer" ("id") DEFERRABLE INITIALLY DEFERRED); (params None)
DEBUG 2026-05-19 14:08:53,407 schema 33194 133960694087680 INSERT INTO "new__catalog_car" ("id", "vin", "name", "year", "price", "mileage", "color", "transmission", "fuel", "engine_volume", "horsepower", "description", "photo", "status", "created_at", "updated_at", "car_type_id", "manufacturer_id") SELECT "id", "vin", "name", "year", "price", "mileage", "color", "transmission", "fuel", "engine_volume", "horsepower", "description", "photo", "status", "created_at", "updated_at", "car_type_id", NULL FROM "catalog_car"; (params ())
DEBUG 2026-05-19 14:08:53,407 schema 33194 133960694087680 DROP TABLE "catalog_car"; (params ())
DEBUG 2026-05-19 14:08:53,408 schema 33194 133960694087680 ALTER TABLE "new__catalog_car" RENAME TO "catalog_car"; (params ())
DEBUG 2026-05-19 14:08:53,411 schema 33194 133960694087680 CREATE UNIQUE INDEX "catalog_car_features_car_id_feature_id_e4239fd0_uniq" ON "catalog_car_features" ("car_id", "feature_id"); (params ())
DEBUG 2026-05-19 14:08:53,412 schema 33194 133960694087680 CREATE INDEX "catalog_car_features_car_id_385bb7c8" ON "catalog_car_features" ("car_id"); (params ())
DEBUG 2026-05-19 14:08:53,412 schema 33194 133960694087680 CREATE INDEX "catalog_car_features_feature_id_f9de8399" ON "catalog_car_features" ("feature_id"); (params ())
DEBUG 2026-05-19 14:08:53,412 schema 33194 133960694087680 CREATE INDEX "catalog_car_car_type_id_3963d3d3" ON "catalog_car" ("car_type_id"); (params ())
DEBUG 2026-05-19 14:08:53,413 schema 33194 133960694087680 CREATE INDEX "catalog_car_manufacturer_id_62b16d8a" ON "catalog_car" ("manufacturer_id"); (params ())
DEBUG 2026-05-19 14:08:53,417 schema 33194 133960694087680 CREATE TABLE "django_session" ("session_key" varchar(40) NOT NULL PRIMARY KEY, "session_data" text NOT NULL, "expire_date" datetime NOT NULL); (params None)
DEBUG 2026-05-19 14:08:53,417 schema 33194 133960694087680 CREATE INDEX "django_session_expire_date_a5c62663" ON "django_session" ("expire_date"); (params ())
WARNING 2026-05-19 14:08:56,044 log 33194 133960694087680 Not Found: /cars/99999/
INFO 2026-05-19 14:08:56,831 views 33194 133960694087680 Home page accessed
WARNING 2026-05-19 14:08:59,815 log 33194 133960694087680 Unauthorized: /api/cars/
DEBUG 2026-05-19 14:09:03,428 base 33194 133960694087680 Exception while resolving variable 'employee_profile' in template 'users/profile.html'.
Traceback (most recent call last):
  File "/home/anton/4_sem_vsakoe/IGI_LR5_v2/.venv/lib/python3.10/site-packages/django/template/base.py", line 880, in _resolve_lookup
    current = current[bit]
  File "/home/anton/4_sem_vsakoe/IGI_LR5_v2/.venv/lib/python3.10/site-packages/django/utils/functional.py", line 268, in inner
    return func(_wrapped, *args)
TypeError: 'User' object is not subscriptable

During handling of the above exception, another exception occurred:

Traceback (most recent call last):
  File "/home/anton/4_sem_vsakoe/IGI_LR5_v2/.venv/lib/python3.10/site-packages/django/template/base.py", line 890, in _resolve_lookup
    current = getattr(current, bit)
  File "/home/anton/4_sem_vsakoe/IGI_LR5_v2/.venv/lib/python3.10/site-packages/django/utils/functional.py", line 268, in inner
    return func(_wrapped, *args)
  File "/home/anton/4_sem_vsakoe/IGI_LR5_v2/.venv/lib/python3.10/site-packages/django/db/models/fields/related_descriptors.py", line 492, in __get__
    raise self.RelatedObjectDoesNotExist(
django.contrib.auth.models.User.employee_profile.RelatedObjectDoesNotExist: User has no employee_profile.
INFO 2026-05-19 14:09:04,636 views 33194 133960694087680 New user registered: newuser123
INFO 2026-05-19 14:09:06,969 views 33194 133960694087680 Statistics accessed by staff
DEBUG 2026-05-19 14:09:06,997 base 33194 133960694087680 Exception while resolving variable 'employee_profile' in template 'catalog/statistics.html'.
Traceback (most recent call last):
  File "/home/anton/4_sem_vsakoe/IGI_LR5_v2/.venv/lib/python3.10/site-packages/django/template/base.py", line 880, in _resolve_lookup
    current = current[bit]
  File "/home/anton/4_sem_vsakoe/IGI_LR5_v2/.venv/lib/python3.10/site-packages/django/utils/functional.py", line 268, in inner
    return func(_wrapped, *args)
TypeError: 'User' object is not subscriptable

During handling of the above exception, another exception occurred:

Traceback (most recent call last):
  File "/home/anton/4_sem_vsakoe/IGI_LR5_v2/.venv/lib/python3.10/site-packages/django/template/base.py", line 890, in _resolve_lookup
    current = getattr(current, bit)
  File "/home/anton/4_sem_vsakoe/IGI_LR5_v2/.venv/lib/python3.10/site-packages/django/utils/functional.py", line 268, in inner
    return func(_wrapped, *args)
  File "/home/anton/4_sem_vsakoe/IGI_LR5_v2/.venv/lib/python3.10/site-packages/django/db/models/fields/related_descriptors.py", line 492, in __get__
    raise self.RelatedObjectDoesNotExist(
django.contrib.auth.models.User.employee_profile.RelatedObjectDoesNotExist: User has no employee_profile.
DEBUG 2026-05-19 14:09:07,781 base 33194 133960694087680 Exception while resolving variable 'employee_profile' in template 'catalog/order_create.html'.
Traceback (most recent call last):
  File "/home/anton/4_sem_vsakoe/IGI_LR5_v2/.venv/lib/python3.10/site-packages/django/template/base.py", line 880, in _resolve_lookup
    current = current[bit]
  File "/home/anton/4_sem_vsakoe/IGI_LR5_v2/.venv/lib/python3.10/site-packages/django/utils/functional.py", line 268, in inner
    return func(_wrapped, *args)
TypeError: 'User' object is not subscriptable

During handling of the above exception, another exception occurred:

Traceback (most recent call last):
  File "/home/anton/4_sem_vsakoe/IGI_LR5_v2/.venv/lib/python3.10/site-packages/django/template/base.py", line 890, in _resolve_lookup
    current = getattr(current, bit)
  File "/home/anton/4_sem_vsakoe/IGI_LR5_v2/.venv/lib/python3.10/site-packages/django/utils/functional.py", line 268, in inner
    return func(_wrapped, *args)
  File "/home/anton/4_sem_vsakoe/IGI_LR5_v2/.venv/lib/python3.10/site-packages/django/db/models/fields/related_descriptors.py", line 492, in __get__
    raise self.RelatedObjectDoesNotExist(
django.contrib.auth.models.User.employee_profile.RelatedObjectDoesNotExist: User has no employee_profile.
INFO 2026-05-19 14:09:08,562 views 33194 133960694087680 Order created: Заказ #1 — Toyota Camry (2022) (Ожидает)
DEBUG 2026-05-19 14:09:56,422 utils 33440 140413422653440 (0.001) SELECT "catalog_companyinfo"."id", "catalog_companyinfo"."name", "catalog_companyinfo"."description", "catalog_companyinfo"."address", "catalog_companyinfo"."phone", "catalog_companyinfo"."email", "catalog_companyinfo"."founded_year", "catalog_companyinfo"."logo" FROM "catalog_companyinfo" WHERE "catalog_companyinfo"."name" = 'АвтоПремиум' LIMIT 21; args=('АвтоПремиум',); alias=default
DEBUG 2026-05-19 14:09:56,423 utils 33440 140413422653440 (0.000) BEGIN; args=None; alias=default
DEBUG 2026-05-19 14:09:56,424 utils 33440 140413422653440 (0.000) INSERT INTO "catalog_companyinfo" ("name", "description", "address", "phone", "email", "founded_year", "logo") VALUES ('АвтоПремиум', 'Официальный автосалон. Более 10 лет на рынке. Широкий выбор новых и проверенных автомобилей.', 'г. Минск, пр-т Независимости, 55', '+375 (29) 123-45-67', 'info@autopremium.by', 2012, '') RETURNING "catalog_companyinfo"."id"; args=('АвтоПремиум', 'Официальный автосалон. Более 10 лет на рынке. Широкий выбор новых и проверенных автомобилей.', 'г. Минск, пр-т Независимости, 55', '+375 (29) 123-45-67', 'info@autopremium.by', 2012, ''); alias=default
DEBUG 2026-05-19 14:09:56,435 utils 33440 140413422653440 (0.010) COMMIT; args=None; alias=default
DEBUG 2026-05-19 14:09:56,436 utils 33440 140413422653440 (0.000) SELECT "catalog_cartype"."id", "catalog_cartype"."name", "catalog_cartype"."description" FROM "catalog_cartype" WHERE "catalog_cartype"."name" = 'Седан' LIMIT 21; args=('Седан',); alias=default
DEBUG 2026-05-19 14:09:56,437 utils 33440 140413422653440 (0.000) BEGIN; args=None; alias=default
DEBUG 2026-05-19 14:09:56,438 utils 33440 140413422653440 (0.000) INSERT INTO "catalog_cartype" ("name", "description") VALUES ('Седан', 'Классический четырёхдверный кузов') RETURNING "catalog_cartype"."id"; args=('Седан', 'Классический четырёхдверный кузов'); alias=default
DEBUG 2026-05-19 14:09:56,448 utils 33440 140413422653440 (0.010) COMMIT; args=None; alias=default
DEBUG 2026-05-19 14:09:56,449 utils 33440 140413422653440 (0.000) SELECT "catalog_cartype"."id", "catalog_cartype"."name", "catalog_cartype"."description" FROM "catalog_cartype" WHERE "catalog_cartype"."name" = 'SUV' LIMIT 21; args=('SUV',); alias=default
DEBUG 2026-05-19 14:09:56,450 utils 33440 140413422653440 (0.000) BEGIN; args=None; alias=default
DEBUG 2026-05-19 14:09:56,451 utils 33440 140413422653440 (0.000) INSERT INTO "catalog_cartype" ("name", "description") VALUES ('SUV', 'Внедорожник / кроссовер') RETURNING "catalog_cartype"."id"; args=('SUV', 'Внедорожник / кроссовер'); alias=default
DEBUG 2026-05-19 14:09:56,461 utils 33440 140413422653440 (0.010) COMMIT; args=None; alias=default
DEBUG 2026-05-19 14:09:56,462 utils 33440 140413422653440 (0.000) SELECT "catalog_cartype"."id", "catalog_cartype"."name", "catalog_cartype"."description" FROM "catalog_cartype" WHERE "catalog_cartype"."name" = 'Хэтчбек' LIMIT 21; args=('Хэтчбек',); alias=default
DEBUG 2026-05-19 14:09:56,463 utils 33440 140413422653440 (0.000) BEGIN; args=None; alias=default
DEBUG 2026-05-19 14:09:56,463 utils 33440 140413422653440 (0.000) INSERT INTO "catalog_cartype" ("name", "description") VALUES ('Хэтчбек', 'Компактный кузов с пятой дверью') RETURNING "catalog_cartype"."id"; args=('Хэтчбек', 'Компактный кузов с пятой дверью'); alias=default
DEBUG 2026-05-19 14:09:56,473 utils 33440 140413422653440 (0.010) COMMIT; args=None; alias=default
DEBUG 2026-05-19 14:09:56,475 utils 33440 140413422653440 (0.000) SELECT "catalog_cartype"."id", "catalog_cartype"."name", "catalog_cartype"."description" FROM "catalog_cartype" WHERE "catalog_cartype"."name" = 'Купе' LIMIT 21; args=('Купе',); alias=default
DEBUG 2026-05-19 14:09:56,475 utils 33440 140413422653440 (0.000) BEGIN; args=None; alias=default
DEBUG 2026-05-19 14:09:56,477 utils 33440 140413422653440 (0.000) INSERT INTO "catalog_cartype" ("name", "description") VALUES ('Купе', 'Двухдверный спортивный кузов') RETURNING "catalog_cartype"."id"; args=('Купе', 'Двухдверный спортивный кузов'); alias=default
DEBUG 2026-05-19 14:09:56,487 utils 33440 140413422653440 (0.010) COMMIT; args=None; alias=default
DEBUG 2026-05-19 14:09:56,488 utils 33440 140413422653440 (0.000) SELECT "catalog_cartype"."id", "catalog_cartype"."name", "catalog_cartype"."description" FROM "catalog_cartype" WHERE "catalog_cartype"."name" = 'Минивэн' LIMIT 21; args=('Минивэн',); alias=default
DEBUG 2026-05-19 14:09:56,489 utils 33440 140413422653440 (0.000) BEGIN; args=None; alias=default
DEBUG 2026-05-19 14:09:56,490 utils 33440 140413422653440 (0.000) INSERT INTO "catalog_cartype" ("name", "description") VALUES ('Минивэн', 'Вместительный семейный автомобиль') RETURNING "catalog_cartype"."id"; args=('Минивэн', 'Вместительный семейный автомобиль'); alias=default
DEBUG 2026-05-19 14:09:56,501 utils 33440 140413422653440 (0.011) COMMIT; args=None; alias=default
DEBUG 2026-05-19 14:09:56,502 utils 33440 140413422653440 (0.000) SELECT "catalog_cartype"."id", "catalog_cartype"."name", "catalog_cartype"."description" FROM "catalog_cartype" WHERE "catalog_cartype"."name" = 'Универсал' LIMIT 21; args=('Универсал',); alias=default
DEBUG 2026-05-19 14:09:56,502 utils 33440 140413422653440 (0.000) BEGIN; args=None; alias=default
DEBUG 2026-05-19 14:09:56,503 utils 33440 140413422653440 (0.000) INSERT INTO "catalog_cartype" ("name", "description") VALUES ('Универсал', 'Кузов с увеличенным багажником') RETURNING "catalog_cartype"."id"; args=('Универсал', 'Кузов с увеличенным багажником'); alias=default
DEBUG 2026-05-19 14:09:56,514 utils 33440 140413422653440 (0.011) COMMIT; args=None; alias=default
DEBUG 2026-05-19 14:09:56,515 utils 33440 140413422653440 (0.000) SELECT "catalog_manufacturer"."id", "catalog_manufacturer"."name", "catalog_manufacturer"."country", "catalog_manufacturer"."website", "catalog_manufacturer"."logo" FROM "catalog_manufacturer" WHERE "catalog_manufacturer"."name" = 'Toyota' LIMIT 21; args=('Toyota',); alias=default
DEBUG 2026-05-19 14:09:56,516 utils 33440 140413422653440 (0.000) BEGIN; args=None; alias=default
DEBUG 2026-05-19 14:09:56,517 utils 33440 140413422653440 (0.000) INSERT INTO "catalog_manufacturer" ("name", "country", "website", "logo") VALUES ('Toyota', 'Япония', '', '') RETURNING "catalog_manufacturer"."id"; args=('Toyota', 'Япония', '', ''); alias=default
DEBUG 2026-05-19 14:09:56,527 utils 33440 140413422653440 (0.009) COMMIT; args=None; alias=default
DEBUG 2026-05-19 14:09:56,528 utils 33440 140413422653440 (0.000) SELECT "catalog_manufacturer"."id", "catalog_manufacturer"."name", "catalog_manufacturer"."country", "catalog_manufacturer"."website", "catalog_manufacturer"."logo" FROM "catalog_manufacturer" WHERE "catalog_manufacturer"."name" = 'BMW' LIMIT 21; args=('BMW',); alias=default
DEBUG 2026-05-19 14:09:56,528 utils 33440 140413422653440 (0.000) BEGIN; args=None; alias=default
DEBUG 2026-05-19 14:09:56,529 utils 33440 140413422653440 (0.000) INSERT INTO "catalog_manufacturer" ("name", "country", "website", "logo") VALUES ('BMW', 'Германия', '', '') RETURNING "catalog_manufacturer"."id"; args=('BMW', 'Германия', '', ''); alias=default
DEBUG 2026-05-19 14:09:56,540 utils 33440 140413422653440 (0.010) COMMIT; args=None; alias=default
DEBUG 2026-05-19 14:09:56,541 utils 33440 140413422653440 (0.000) SELECT "catalog_manufacturer"."id", "catalog_manufacturer"."name", "catalog_manufacturer"."country", "catalog_manufacturer"."website", "catalog_manufacturer"."logo" FROM "catalog_manufacturer" WHERE "catalog_manufacturer"."name" = 'Mercedes-Benz' LIMIT 21; args=('Mercedes-Benz',); alias=default
DEBUG 2026-05-19 14:09:56,541 utils 33440 140413422653440 (0.000) BEGIN; args=None; alias=default
DEBUG 2026-05-19 14:09:56,542 utils 33440 140413422653440 (0.000) INSERT INTO "catalog_manufacturer" ("name", "country", "website", "logo") VALUES ('Mercedes-Benz', 'Германия', '', '') RETURNING "catalog_manufacturer"."id"; args=('Mercedes-Benz', 'Германия', '', ''); alias=default
DEBUG 2026-05-19 14:09:56,553 utils 33440 140413422653440 (0.011) COMMIT; args=None; alias=default
DEBUG 2026-05-19 14:09:56,554 utils 33440 140413422653440 (0.000) SELECT "catalog_manufacturer"."id", "catalog_manufacturer"."name", "catalog_manufacturer"."country", "catalog_manufacturer"."website", "catalog_manufacturer"."logo" FROM "catalog_manufacturer" WHERE "catalog_manufacturer"."name" = 'Volkswagen' LIMIT 21; args=('Volkswagen',); alias=default
DEBUG 2026-05-19 14:09:56,555 utils 33440 140413422653440 (0.000) BEGIN; args=None; alias=default
DEBUG 2026-05-19 14:09:56,555 utils 33440 140413422653440 (0.000) INSERT INTO "catalog_manufacturer" ("name", "country", "website", "logo") VALUES ('Volkswagen', 'Германия', '', '') RETURNING "catalog_manufacturer"."id"; args=('Volkswagen', 'Германия', '', ''); alias=default
DEBUG 2026-05-19 14:09:56,566 utils 33440 140413422653440 (0.010) COMMIT; args=None; alias=default
DEBUG 2026-05-19 14:09:56,567 utils 33440 140413422653440 (0.000) SELECT "catalog_manufacturer"."id", "catalog_manufacturer"."name", "catalog_manufacturer"."country", "catalog_manufacturer"."website", "catalog_manufacturer"."logo" FROM "catalog_manufacturer" WHERE "catalog_manufacturer"."name" = 'Hyundai' LIMIT 21; args=('Hyundai',); alias=default
DEBUG 2026-05-19 14:09:56,568 utils 33440 140413422653440 (0.000) BEGIN; args=None; alias=default
DEBUG 2026-05-19 14:09:56,568 utils 33440 140413422653440 (0.000) INSERT INTO "catalog_manufacturer" ("name", "country", "website", "logo") VALUES ('Hyundai', 'Южная Корея', '', '') RETURNING "catalog_manufacturer"."id"; args=('Hyundai', 'Южная Корея', '', ''); alias=default
DEBUG 2026-05-19 14:09:56,579 utils 33440 140413422653440 (0.010) COMMIT; args=None; alias=default
DEBUG 2026-05-19 14:09:56,580 utils 33440 140413422653440 (0.000) SELECT "catalog_manufacturer"."id", "catalog_manufacturer"."name", "catalog_manufacturer"."country", "catalog_manufacturer"."website", "catalog_manufacturer"."logo" FROM "catalog_manufacturer" WHERE "catalog_manufacturer"."name" = 'Kia' LIMIT 21; args=('Kia',); alias=default
DEBUG 2026-05-19 14:09:56,581 utils 33440 140413422653440 (0.000) BEGIN; args=None; alias=default
DEBUG 2026-05-19 14:09:56,581 utils 33440 140413422653440 (0.000) INSERT INTO "catalog_manufacturer" ("name", "country", "website", "logo") VALUES ('Kia', 'Южная Корея', '', '') RETURNING "catalog_manufacturer"."id"; args=('Kia', 'Южная Корея', '', ''); alias=default
DEBUG 2026-05-19 14:09:56,592 utils 33440 140413422653440 (0.010) COMMIT; args=None; alias=default
DEBUG 2026-05-19 14:09:56,593 utils 33440 140413422653440 (0.000) SELECT "catalog_manufacturer"."id", "catalog_manufacturer"."name", "catalog_manufacturer"."country", "catalog_manufacturer"."website", "catalog_manufacturer"."logo" FROM "catalog_manufacturer" WHERE "catalog_manufacturer"."name" = 'Audi' LIMIT 21; args=('Audi',); alias=default
DEBUG 2026-05-19 14:09:56,594 utils 33440 140413422653440 (0.000) BEGIN; args=None; alias=default
DEBUG 2026-05-19 14:09:56,595 utils 33440 140413422653440 (0.000) INSERT INTO "catalog_manufacturer" ("name", "country", "website", "logo") VALUES ('Audi', 'Германия', '', '') RETURNING "catalog_manufacturer"."id"; args=('Audi', 'Германия', '', ''); alias=default
DEBUG 2026-05-19 14:09:56,605 utils 33440 140413422653440 (0.010) COMMIT; args=None; alias=default
DEBUG 2026-05-19 14:09:56,606 utils 33440 140413422653440 (0.000) SELECT "catalog_manufacturer"."id", "catalog_manufacturer"."name", "catalog_manufacturer"."country", "catalog_manufacturer"."website", "catalog_manufacturer"."logo" FROM "catalog_manufacturer" WHERE "catalog_manufacturer"."name" = 'Ford' LIMIT 21; args=('Ford',); alias=default
DEBUG 2026-05-19 14:09:56,607 utils 33440 140413422653440 (0.000) BEGIN; args=None; alias=default
DEBUG 2026-05-19 14:09:56,608 utils 33440 140413422653440 (0.000) INSERT INTO "catalog_manufacturer" ("name", "country", "website", "logo") VALUES ('Ford', 'США', '', '') RETURNING "catalog_manufacturer"."id"; args=('Ford', 'США', '', ''); alias=default
DEBUG 2026-05-19 14:09:56,619 utils 33440 140413422653440 (0.011) COMMIT; args=None; alias=default
DEBUG 2026-05-19 14:09:56,620 utils 33440 140413422653440 (0.000) SELECT "catalog_feature"."id", "catalog_feature"."name" FROM "catalog_feature" WHERE "catalog_feature"."name" = 'Кожаный салон' LIMIT 21; args=('Кожаный салон',); alias=default
DEBUG 2026-05-19 14:09:56,621 utils 33440 140413422653440 (0.000) BEGIN; args=None; alias=default
DEBUG 2026-05-19 14:09:56,621 utils 33440 140413422653440 (0.000) INSERT INTO "catalog_feature" ("name") VALUES ('Кожаный салон') RETURNING "catalog_feature"."id"; args=('Кожаный салон',); alias=default
DEBUG 2026-05-19 14:09:56,632 utils 33440 140413422653440 (0.010) COMMIT; args=None; alias=default
DEBUG 2026-05-19 14:09:56,633 utils 33440 140413422653440 (0.000) SELECT "catalog_feature"."id", "catalog_feature"."name" FROM "catalog_feature" WHERE "catalog_feature"."name" = 'Панорамная крыша' LIMIT 21; args=('Панорамная крыша',); alias=default
DEBUG 2026-05-19 14:09:56,633 utils 33440 140413422653440 (0.000) BEGIN; args=None; alias=default
DEBUG 2026-05-19 14:09:56,634 utils 33440 140413422653440 (0.000) INSERT INTO "catalog_feature" ("name") VALUES ('Панорамная крыша') RETURNING "catalog_feature"."id"; args=('Панорамная крыша',); alias=default
DEBUG 2026-05-19 14:09:56,644 utils 33440 140413422653440 (0.010) COMMIT; args=None; alias=default
DEBUG 2026-05-19 14:09:56,645 utils 33440 140413422653440 (0.000) SELECT "catalog_feature"."id", "catalog_feature"."name" FROM "catalog_feature" WHERE "catalog_feature"."name" = 'Подогрев сидений' LIMIT 21; args=('Подогрев сидений',); alias=default
DEBUG 2026-05-19 14:09:56,646 utils 33440 140413422653440 (0.000) BEGIN; args=None; alias=default
DEBUG 2026-05-19 14:09:56,646 utils 33440 140413422653440 (0.000) INSERT INTO "catalog_feature" ("name") VALUES ('Подогрев сидений') RETURNING "catalog_feature"."id"; args=('Подогрев сидений',); alias=default
DEBUG 2026-05-19 14:09:56,656 utils 33440 140413422653440 (0.010) COMMIT; args=None; alias=default
DEBUG 2026-05-19 14:09:56,657 utils 33440 140413422653440 (0.000) SELECT "catalog_feature"."id", "catalog_feature"."name" FROM "catalog_feature" WHERE "catalog_feature"."name" = 'Климат-контроль' LIMIT 21; args=('Климат-контроль',); alias=default
DEBUG 2026-05-19 14:09:56,658 utils 33440 140413422653440 (0.000) BEGIN; args=None; alias=default
DEBUG 2026-05-19 14:09:56,659 utils 33440 140413422653440 (0.000) INSERT INTO "catalog_feature" ("name") VALUES ('Климат-контроль') RETURNING "catalog_feature"."id"; args=('Климат-контроль',); alias=default
DEBUG 2026-05-19 14:09:56,669 utils 33440 140413422653440 (0.010) COMMIT; args=None; alias=default
DEBUG 2026-05-19 14:09:56,670 utils 33440 140413422653440 (0.000) SELECT "catalog_feature"."id", "catalog_feature"."name" FROM "catalog_feature" WHERE "catalog_feature"."name" = 'Навигация' LIMIT 21; args=('Навигация',); alias=default
DEBUG 2026-05-19 14:09:56,671 utils 33440 140413422653440 (0.000) BEGIN; args=None; alias=default
DEBUG 2026-05-19 14:09:56,671 utils 33440 140413422653440 (0.000) INSERT INTO "catalog_feature" ("name") VALUES ('Навигация') RETURNING "catalog_feature"."id"; args=('Навигация',); alias=default
DEBUG 2026-05-19 14:09:56,682 utils 33440 140413422653440 (0.010) COMMIT; args=None; alias=default
DEBUG 2026-05-19 14:09:56,683 utils 33440 140413422653440 (0.000) SELECT "catalog_feature"."id", "catalog_feature"."name" FROM "catalog_feature" WHERE "catalog_feature"."name" = 'Камера заднего вида' LIMIT 21; args=('Камера заднего вида',); alias=default
DEBUG 2026-05-19 14:09:56,684 utils 33440 140413422653440 (0.000) BEGIN; args=None; alias=default
DEBUG 2026-05-19 14:09:56,684 utils 33440 140413422653440 (0.000) INSERT INTO "catalog_feature" ("name") VALUES ('Камера заднего вида') RETURNING "catalog_feature"."id"; args=('Камера заднего вида',); alias=default
DEBUG 2026-05-19 14:09:56,695 utils 33440 140413422653440 (0.011) COMMIT; args=None; alias=default
DEBUG 2026-05-19 14:09:56,696 utils 33440 140413422653440 (0.000) SELECT "catalog_feature"."id", "catalog_feature"."name" FROM "catalog_feature" WHERE "catalog_feature"."name" = 'Адаптивный круиз-контроль' LIMIT 21; args=('Адаптивный круиз-контроль',); alias=default
DEBUG 2026-05-19 14:09:56,697 utils 33440 140413422653440 (0.000) BEGIN; args=None; alias=default
DEBUG 2026-05-19 14:09:56,697 utils 33440 140413422653440 (0.000) INSERT INTO "catalog_feature" ("name") VALUES ('Адаптивный круиз-контроль') RETURNING "catalog_feature"."id"; args=('Адаптивный круиз-контроль',); alias=default
DEBUG 2026-05-19 14:09:56,707 utils 33440 140413422653440 (0.009) COMMIT; args=None; alias=default
DEBUG 2026-05-19 14:09:56,708 utils 33440 140413422653440 (0.000) SELECT "catalog_feature"."id", "catalog_feature"."name" FROM "catalog_feature" WHERE "catalog_feature"."name" = 'Парктроник' LIMIT 21; args=('Парктроник',); alias=default
DEBUG 2026-05-19 14:09:56,709 utils 33440 140413422653440 (0.000) BEGIN; args=None; alias=default
DEBUG 2026-05-19 14:09:56,710 utils 33440 140413422653440 (0.000) INSERT INTO "catalog_feature" ("name") VALUES ('Парктроник') RETURNING "catalog_feature"."id"; args=('Парктроник',); alias=default
DEBUG 2026-05-19 14:09:56,720 utils 33440 140413422653440 (0.009) COMMIT; args=None; alias=default
DEBUG 2026-05-19 14:09:56,721 utils 33440 140413422653440 (0.000) SELECT "catalog_feature"."id", "catalog_feature"."name" FROM "catalog_feature" WHERE "catalog_feature"."name" = 'Bluetooth' LIMIT 21; args=('Bluetooth',); alias=default
DEBUG 2026-05-19 14:09:56,722 utils 33440 140413422653440 (0.000) BEGIN; args=None; alias=default
DEBUG 2026-05-19 14:09:56,722 utils 33440 140413422653440 (0.000) INSERT INTO "catalog_feature" ("name") VALUES ('Bluetooth') RETURNING "catalog_feature"."id"; args=('Bluetooth',); alias=default
DEBUG 2026-05-19 14:09:56,733 utils 33440 140413422653440 (0.011) COMMIT; args=None; alias=default
DEBUG 2026-05-19 14:09:56,735 utils 33440 140413422653440 (0.000) SELECT "catalog_feature"."id", "catalog_feature"."name" FROM "catalog_feature" WHERE "catalog_feature"."name" = 'Apple CarPlay / Android Auto' LIMIT 21; args=('Apple CarPlay / Android Auto',); alias=default
DEBUG 2026-05-19 14:09:56,735 utils 33440 140413422653440 (0.000) BEGIN; args=None; alias=default
DEBUG 2026-05-19 14:09:56,736 utils 33440 140413422653440 (0.000) INSERT INTO "catalog_feature" ("name") VALUES ('Apple CarPlay / Android Auto') RETURNING "catalog_feature"."id"; args=('Apple CarPlay / Android Auto',); alias=default
DEBUG 2026-05-19 14:09:56,747 utils 33440 140413422653440 (0.011) COMMIT; args=None; alias=default
DEBUG 2026-05-19 14:09:56,748 utils 33440 140413422653440 (0.000) SELECT "catalog_car"."id", "catalog_car"."vin", "catalog_car"."name", "catalog_car"."manufacturer_id", "catalog_car"."car_type_id", "catalog_car"."year", "catalog_car"."price", "catalog_car"."mileage", "catalog_car"."color", "catalog_car"."transmission", "catalog_car"."fuel", "catalog_car"."engine_volume", "catalog_car"."horsepower", "catalog_car"."description", "catalog_car"."photo", "catalog_car"."status", "catalog_car"."created_at", "catalog_car"."updated_at" FROM "catalog_car" WHERE "catalog_car"."vin" = '1HGBH41JXMN109186' LIMIT 21; args=('1HGBH41JXMN109186',); alias=default
DEBUG 2026-05-19 14:09:56,749 utils 33440 140413422653440 (0.000) BEGIN; args=None; alias=default
DEBUG 2026-05-19 14:09:56,751 utils 33440 140413422653440 (0.001) INSERT INTO "catalog_car" ("vin", "name", "manufacturer_id", "car_type_id", "year", "price", "mileage", "color", "transmission", "fuel", "engine_volume", "horsepower", "description", "photo", "status", "created_at", "updated_at") VALUES ('1HGBH41JXMN109186', 'Camry', 1, 1, 2022, '89000.00', 0, 'Белый', 'AT', 'petrol', '2.5', 181, 'Toyota Camry 2022 года — отличное состояние, полная комплектация.', '', 'available', '2026-05-19 11:09:56.750413', '2026-05-19 11:09:56.750568') RETURNING "catalog_car"."id"; args=('1HGBH41JXMN109186', 'Camry', 1, 1, 2022, '89000.00', 0, 'Белый', 'AT', 'petrol', '2.5', 181, 'Toyota Camry 2022 года — отличное состояние, полная комплектация.', '', 'available', '2026-05-19 11:09:56.750413', '2026-05-19 11:09:56.750568'); alias=default
DEBUG 2026-05-19 14:09:56,761 utils 33440 140413422653440 (0.010) COMMIT; args=None; alias=default
DEBUG 2026-05-19 14:09:56,762 utils 33440 140413422653440 (0.000) BEGIN; args=None; alias=default
DEBUG 2026-05-19 14:09:56,764 utils 33440 140413422653440 (0.000) SELECT "catalog_feature"."id" FROM "catalog_feature" INNER JOIN "catalog_car_features" ON ("catalog_feature"."id" = "catalog_car_features"."feature_id") WHERE "catalog_car_features"."car_id" = 1; args=(1,); alias=default
DEBUG 2026-05-19 14:09:56,765 utils 33440 140413422653440 (0.000) INSERT OR IGNORE INTO "catalog_car_features" ("car_id", "feature_id") VALUES (1, 8), (1, 9), (1, 10); args=(1, 8, 1, 9, 1, 10); alias=default
DEBUG 2026-05-19 14:09:56,775 utils 33440 140413422653440 (0.010) COMMIT; args=None; alias=default
DEBUG 2026-05-19 14:09:56,776 utils 33440 140413422653440 (0.000) SELECT "catalog_car"."id", "catalog_car"."vin", "catalog_car"."name", "catalog_car"."manufacturer_id", "catalog_car"."car_type_id", "catalog_car"."year", "catalog_car"."price", "catalog_car"."mileage", "catalog_car"."color", "catalog_car"."transmission", "catalog_car"."fuel", "catalog_car"."engine_volume", "catalog_car"."horsepower", "catalog_car"."description", "catalog_car"."photo", "catalog_car"."status", "catalog_car"."created_at", "catalog_car"."updated_at" FROM "catalog_car" WHERE "catalog_car"."vin" = 'WBAFR9C50BC741952' LIMIT 21; args=('WBAFR9C50BC741952',); alias=default
DEBUG 2026-05-19 14:09:56,777 utils 33440 140413422653440 (0.000) BEGIN; args=None; alias=default
DEBUG 2026-05-19 14:09:56,779 utils 33440 140413422653440 (0.001) INSERT INTO "catalog_car" ("vin", "name", "manufacturer_id", "car_type_id", "year", "price", "mileage", "color", "transmission", "fuel", "engine_volume", "horsepower", "description", "photo", "status", "created_at", "updated_at") VALUES ('WBAFR9C50BC741952', '5 Series', 2, 1, 2023, '145000.00', 0, 'Чёрный', 'AT', 'petrol', '2.0', 245, 'BMW 5 Series 2023 года — отличное состояние, полная комплектация.', '', 'available', '2026-05-19 11:09:56.778480', '2026-05-19 11:09:56.778564') RETURNING "catalog_car"."id"; args=('WBAFR9C50BC741952', '5 Series', 2, 1, 2023, '145000.00', 0, 'Чёрный', 'AT', 'petrol', '2.0', 245, 'BMW 5 Series 2023 года — отличное состояние, полная комплектация.', '', 'available', '2026-05-19 11:09:56.778480', '2026-05-19 11:09:56.778564'); alias=default
DEBUG 2026-05-19 14:09:56,789 utils 33440 140413422653440 (0.009) COMMIT; args=None; alias=default
DEBUG 2026-05-19 14:09:56,789 utils 33440 140413422653440 (0.000) BEGIN; args=None; alias=default
DEBUG 2026-05-19 14:09:56,790 utils 33440 140413422653440 (0.000) SELECT "catalog_feature"."id" FROM "catalog_feature" INNER JOIN "catalog_car_features" ON ("catalog_feature"."id" = "catalog_car_features"."feature_id") WHERE "catalog_car_features"."car_id" = 2; args=(2,); alias=default
DEBUG 2026-05-19 14:09:56,791 utils 33440 140413422653440 (0.000) INSERT OR IGNORE INTO "catalog_car_features" ("car_id", "feature_id") VALUES (2, 1), (2, 4), (2, 5), (2, 7), (2, 9); args=(2, 1, 2, 4, 2, 5, 2, 7, 2, 9); alias=default
DEBUG 2026-05-19 14:09:56,802 utils 33440 140413422653440 (0.010) COMMIT; args=None; alias=default
DEBUG 2026-05-19 14:09:56,803 utils 33440 140413422653440 (0.000) SELECT "catalog_car"."id", "catalog_car"."vin", "catalog_car"."name", "catalog_car"."manufacturer_id", "catalog_car"."car_type_id", "catalog_car"."year", "catalog_car"."price", "catalog_car"."mileage", "catalog_car"."color", "catalog_car"."transmission", "catalog_car"."fuel", "catalog_car"."engine_volume", "catalog_car"."horsepower", "catalog_car"."description", "catalog_car"."photo", "catalog_car"."status", "catalog_car"."created_at", "catalog_car"."updated_at" FROM "catalog_car" WHERE "catalog_car"."vin" = 'WDC1660091A123456' LIMIT 21; args=('WDC1660091A123456',); alias=default
DEBUG 2026-05-19 14:09:56,803 utils 33440 140413422653440 (0.000) BEGIN; args=None; alias=default
DEBUG 2026-05-19 14:09:56,804 utils 33440 140413422653440 (0.000) INSERT INTO "catalog_car" ("vin", "name", "manufacturer_id", "car_type_id", "year", "price", "mileage", "color", "transmission", "fuel", "engine_volume", "horsepower", "description", "photo", "status", "created_at", "updated_at") VALUES ('WDC1660091A123456', 'GLE 300d', 3, 2, 2022, '185000.00', 12000, 'Серебристый', 'AT', 'diesel', '2.0', 245, 'Mercedes-Benz GLE 300d 2022 года — отличное состояние, полная комплектация.', '', 'available', '2026-05-19 11:09:56.804422', '2026-05-19 11:09:56.804464') RETURNING "catalog_car"."id"; args=('WDC1660091A123456', 'GLE 300d', 3, 2, 2022, '185000.00', 12000, 'Серебристый', 'AT', 'diesel', '2.0', 245, 'Mercedes-Benz GLE 300d 2022 года — отличное состояние, полная комплектация.', '', 'available', '2026-05-19 11:09:56.804422', '2026-05-19 11:09:56.804464'); alias=default
DEBUG 2026-05-19 14:09:56,815 utils 33440 140413422653440 (0.010) COMMIT; args=None; alias=default
DEBUG 2026-05-19 14:09:56,815 utils 33440 140413422653440 (0.000) BEGIN; args=None; alias=default
DEBUG 2026-05-19 14:09:56,816 utils 33440 140413422653440 (0.000) SELECT "catalog_feature"."id" FROM "catalog_feature" INNER JOIN "catalog_car_features" ON ("catalog_feature"."id" = "catalog_car_features"."feature_id") WHERE "catalog_car_features"."car_id" = 3; args=(3,); alias=default
DEBUG 2026-05-19 14:09:56,817 utils 33440 140413422653440 (0.000) INSERT OR IGNORE INTO "catalog_car_features" ("car_id", "feature_id") VALUES (3, 9), (3, 6), (3, 7); args=(3, 9, 3, 6, 3, 7); alias=default
DEBUG 2026-05-19 14:09:56,827 utils 33440 140413422653440 (0.009) COMMIT; args=None; alias=default
DEBUG 2026-05-19 14:09:56,828 utils 33440 140413422653440 (0.000) SELECT "catalog_car"."id", "catalog_car"."vin", "catalog_car"."name", "catalog_car"."manufacturer_id", "catalog_car"."car_type_id", "catalog_car"."year", "catalog_car"."price", "catalog_car"."mileage", "catalog_car"."color", "catalog_car"."transmission", "catalog_car"."fuel", "catalog_car"."engine_volume", "catalog_car"."horsepower", "catalog_car"."description", "catalog_car"."photo", "catalog_car"."status", "catalog_car"."created_at", "catalog_car"."updated_at" FROM "catalog_car" WHERE "catalog_car"."vin" = 'WVGZZZ5NZJW100001' LIMIT 21; args=('WVGZZZ5NZJW100001',); alias=default
DEBUG 2026-05-19 14:09:56,829 utils 33440 140413422653440 (0.000) BEGIN; args=None; alias=default
DEBUG 2026-05-19 14:09:56,830 utils 33440 140413422653440 (0.000) INSERT INTO "catalog_car" ("vin", "name", "manufacturer_id", "car_type_id", "year", "price", "mileage", "color", "transmission", "fuel", "engine_volume", "horsepower", "description", "photo", "status", "created_at", "updated_at") VALUES ('WVGZZZ5NZJW100001', 'Tiguan', 4, 2, 2023, '95000.00', 0, 'Синий', 'AT', 'petrol', '1.4', 150, 'Volkswagen Tiguan 2023 года — отличное состояние, полная комплектация.', '', 'available', '2026-05-19 11:09:56.830140', '2026-05-19 11:09:56.830185') RETURNING "catalog_car"."id"; args=('WVGZZZ5NZJW100001', 'Tiguan', 4, 2, 2023, '95000.00', 0, 'Синий', 'AT', 'petrol', '1.4', 150, 'Volkswagen Tiguan 2023 года — отличное состояние, полная комплектация.', '', 'available', '2026-05-19 11:09:56.830140', '2026-05-19 11:09:56.830185'); alias=default
DEBUG 2026-05-19 14:09:56,840 utils 33440 140413422653440 (0.010) COMMIT; args=None; alias=default
DEBUG 2026-05-19 14:09:56,841 utils 33440 140413422653440 (0.000) BEGIN; args=None; alias=default
DEBUG 2026-05-19 14:09:56,842 utils 33440 140413422653440 (0.000) SELECT "catalog_feature"."id" FROM "catalog_feature" INNER JOIN "catalog_car_features" ON ("catalog_feature"."id" = "catalog_car_features"."feature_id") WHERE "catalog_car_features"."car_id" = 4; args=(4,); alias=default
DEBUG 2026-05-19 14:09:56,844 utils 33440 140413422653440 (0.000) INSERT OR IGNORE INTO "catalog_car_features" ("car_id", "feature_id") VALUES (4, 3), (4, 5), (4, 7), (4, 8), (4, 9); args=(4, 3, 4, 5, 4, 7, 4, 8, 4, 9); alias=default
DEBUG 2026-05-19 14:09:56,855 utils 33440 140413422653440 (0.010) COMMIT; args=None; alias=default
DEBUG 2026-05-19 14:09:56,856 utils 33440 140413422653440 (0.000) SELECT "catalog_car"."id", "catalog_car"."vin", "catalog_car"."name", "catalog_car"."manufacturer_id", "catalog_car"."car_type_id", "catalog_car"."year", "catalog_car"."price", "catalog_car"."mileage", "catalog_car"."color", "catalog_car"."transmission", "catalog_car"."fuel", "catalog_car"."engine_volume", "catalog_car"."horsepower", "catalog_car"."description", "catalog_car"."photo", "catalog_car"."status", "catalog_car"."created_at", "catalog_car"."updated_at" FROM "catalog_car" WHERE "catalog_car"."vin" = 'KMHD841ABNU123456' LIMIT 21; args=('KMHD841ABNU123456',); alias=default
DEBUG 2026-05-19 14:09:56,857 utils 33440 140413422653440 (0.000) BEGIN; args=None; alias=default
DEBUG 2026-05-19 14:09:56,858 utils 33440 140413422653440 (0.000) INSERT INTO "catalog_car" ("vin", "name", "manufacturer_id", "car_type_id", "year", "price", "mileage", "color", "transmission", "fuel", "engine_volume", "horsepower", "description", "photo", "status", "created_at", "updated_at") VALUES ('KMHD841ABNU123456', 'Tucson', 5, 2, 2022, '78000.00', 25000, 'Красный', 'AT', 'petrol', '2.0', 150, 'Hyundai Tucson 2022 года — отличное состояние, полная комплектация.', '', 'available', '2026-05-19 11:09:56.857631', '2026-05-19 11:09:56.857675') RETURNING "catalog_car"."id"; args=('KMHD841ABNU123456', 'Tucson', 5, 2, 2022, '78000.00', 25000, 'Красный', 'AT', 'petrol', '2.0', 150, 'Hyundai Tucson 2022 года — отличное состояние, полная комплектация.', '', 'available', '2026-05-19 11:09:56.857631', '2026-05-19 11:09:56.857675'); alias=default
DEBUG 2026-05-19 14:09:56,869 utils 33440 140413422653440 (0.011) COMMIT; args=None; alias=default
DEBUG 2026-05-19 14:09:56,869 utils 33440 140413422653440 (0.000) BEGIN; args=None; alias=default
DEBUG 2026-05-19 14:09:56,870 utils 33440 140413422653440 (0.000) SELECT "catalog_feature"."id" FROM "catalog_feature" INNER JOIN "catalog_car_features" ON ("catalog_feature"."id" = "catalog_car_features"."feature_id") WHERE "catalog_car_features"."car_id" = 5; args=(5,); alias=default
DEBUG 2026-05-19 14:09:56,872 utils 33440 140413422653440 (0.000) INSERT OR IGNORE INTO "catalog_car_features" ("car_id", "feature_id") VALUES (5, 9), (5, 5), (5, 6), (5, 7); args=(5, 9, 5, 5, 5, 6, 5, 7); alias=default
DEBUG 2026-05-19 14:09:56,882 utils 33440 140413422653440 (0.010) COMMIT; args=None; alias=default
DEBUG 2026-05-19 14:09:56,884 utils 33440 140413422653440 (0.000) SELECT "catalog_car"."id", "catalog_car"."vin", "catalog_car"."name", "catalog_car"."manufacturer_id", "catalog_car"."car_type_id", "catalog_car"."year", "catalog_car"."price", "catalog_car"."mileage", "catalog_car"."color", "catalog_car"."transmission", "catalog_car"."fuel", "catalog_car"."engine_volume", "catalog_car"."horsepower", "catalog_car"."description", "catalog_car"."photo", "catalog_car"."status", "catalog_car"."created_at", "catalog_car"."updated_at" FROM "catalog_car" WHERE "catalog_car"."vin" = 'KNADM81EXG7123456' LIMIT 21; args=('KNADM81EXG7123456',); alias=default
DEBUG 2026-05-19 14:09:56,884 utils 33440 140413422653440 (0.000) BEGIN; args=None; alias=default
DEBUG 2026-05-19 14:09:56,885 utils 33440 140413422653440 (0.000) INSERT INTO "catalog_car" ("vin", "name", "manufacturer_id", "car_type_id", "year", "price", "mileage", "color", "transmission", "fuel", "engine_volume", "horsepower", "description", "photo", "status", "created_at", "updated_at") VALUES ('KNADM81EXG7123456', 'Sportage', 6, 2, 2023, '82000.00', 0, 'Белый', 'DCT', 'petrol', '1.6', 180, 'Kia Sportage 2023 года — отличное состояние, полная комплектация.', '', 'available', '2026-05-19 11:09:56.885206', '2026-05-19 11:09:56.885248') RETURNING "catalog_car"."id"; args=('KNADM81EXG7123456', 'Sportage', 6, 2, 2023, '82000.00', 0, 'Белый', 'DCT', 'petrol', '1.6', 180, 'Kia Sportage 2023 года — отличное состояние, полная комплектация.', '', 'available', '2026-05-19 11:09:56.885206', '2026-05-19 11:09:56.885248'); alias=default
DEBUG 2026-05-19 14:09:56,896 utils 33440 140413422653440 (0.010) COMMIT; args=None; alias=default
DEBUG 2026-05-19 14:09:56,897 utils 33440 140413422653440 (0.000) BEGIN; args=None; alias=default
DEBUG 2026-05-19 14:09:56,898 utils 33440 140413422653440 (0.000) SELECT "catalog_feature"."id" FROM "catalog_feature" INNER JOIN "catalog_car_features" ON ("catalog_feature"."id" = "catalog_car_features"."feature_id") WHERE "catalog_car_features"."car_id" = 6; args=(6,); alias=default
DEBUG 2026-05-19 14:09:56,899 utils 33440 140413422653440 (0.000) INSERT OR IGNORE INTO "catalog_car_features" ("car_id", "feature_id") VALUES (6, 1), (6, 3), (6, 5), (6, 8), (6, 9), (6, 10); args=(6, 1, 6, 3, 6, 5, 6, 8, 6, 9, 6, 10); alias=default
DEBUG 2026-05-19 14:09:56,912 utils 33440 140413422653440 (0.012) COMMIT; args=None; alias=default
DEBUG 2026-05-19 14:09:56,913 utils 33440 140413422653440 (0.000) SELECT "catalog_car"."id", "catalog_car"."vin", "catalog_car"."name", "catalog_car"."manufacturer_id", "catalog_car"."car_type_id", "catalog_car"."year", "catalog_car"."price", "catalog_car"."mileage", "catalog_car"."color", "catalog_car"."transmission", "catalog_car"."fuel", "catalog_car"."engine_volume", "catalog_car"."horsepower", "catalog_car"."description", "catalog_car"."photo", "catalog_car"."status", "catalog_car"."created_at", "catalog_car"."updated_at" FROM "catalog_car" WHERE "catalog_car"."vin" = 'WAUZZZ4G5DN123456' LIMIT 21; args=('WAUZZZ4G5DN123456',); alias=default
DEBUG 2026-05-19 14:09:56,914 utils 33440 140413422653440 (0.000) BEGIN; args=None; alias=default
DEBUG 2026-05-19 14:09:56,915 utils 33440 140413422653440 (0.000) INSERT INTO "catalog_car" ("vin", "name", "manufacturer_id", "car_type_id", "year", "price", "mileage", "color", "transmission", "fuel", "engine_volume", "horsepower", "description", "photo", "status", "created_at", "updated_at") VALUES ('WAUZZZ4G5DN123456', 'A6', 7, 1, 2022, '135000.00', 18000, 'Серый', 'AT', 'diesel', '2.0', 204, 'Audi A6 2022 года — отличное состояние, полная комплектация.', '', 'available', '2026-05-19 11:09:56.914750', '2026-05-19 11:09:56.914793') RETURNING "catalog_car"."id"; args=('WAUZZZ4G5DN123456', 'A6', 7, 1, 2022, '135000.00', 18000, 'Серый', 'AT', 'diesel', '2.0', 204, 'Audi A6 2022 года — отличное состояние, полная комплектация.', '', 'available', '2026-05-19 11:09:56.914750', '2026-05-19 11:09:56.914793'); alias=default
DEBUG 2026-05-19 14:09:56,926 utils 33440 140413422653440 (0.011) COMMIT; args=None; alias=default
DEBUG 2026-05-19 14:09:56,927 utils 33440 140413422653440 (0.000) BEGIN; args=None; alias=default
DEBUG 2026-05-19 14:09:56,928 utils 33440 140413422653440 (0.000) SELECT "catalog_feature"."id" FROM "catalog_feature" INNER JOIN "catalog_car_features" ON ("catalog_feature"."id" = "catalog_car_features"."feature_id") WHERE "catalog_car_features"."car_id" = 7; args=(7,); alias=default
DEBUG 2026-05-19 14:09:56,929 utils 33440 140413422653440 (0.000) INSERT OR IGNORE INTO "catalog_car_features" ("car_id", "feature_id") VALUES (7, 1), (7, 10), (7, 5); args=(7, 1, 7, 10, 7, 5); alias=default
DEBUG 2026-05-19 14:09:56,939 utils 33440 140413422653440 (0.010) COMMIT; args=None; alias=default
DEBUG 2026-05-19 14:09:56,941 utils 33440 140413422653440 (0.000) SELECT "catalog_car"."id", "catalog_car"."vin", "catalog_car"."name", "catalog_car"."manufacturer_id", "catalog_car"."car_type_id", "catalog_car"."year", "catalog_car"."price", "catalog_car"."mileage", "catalog_car"."color", "catalog_car"."transmission", "catalog_car"."fuel", "catalog_car"."engine_volume", "catalog_car"."horsepower", "catalog_car"."description", "catalog_car"."photo", "catalog_car"."status", "catalog_car"."created_at", "catalog_car"."updated_at" FROM "catalog_car" WHERE "catalog_car"."vin" = '1FM5K8GC5LGA12345' LIMIT 21; args=('1FM5K8GC5LGA12345',); alias=default
DEBUG 2026-05-19 14:09:56,941 utils 33440 140413422653440 (0.000) BEGIN; args=None; alias=default
DEBUG 2026-05-19 14:09:56,943 utils 33440 140413422653440 (0.000) INSERT INTO "catalog_car" ("vin", "name", "manufacturer_id", "car_type_id", "year", "price", "mileage", "color", "transmission", "fuel", "engine_volume", "horsepower", "description", "photo", "status", "created_at", "updated_at") VALUES ('1FM5K8GC5LGA12345', 'Explorer', 8, 2, 2021, '110000.00', 35000, 'Чёрный', 'AT', 'petrol', '3.0', 365, 'Ford Explorer 2021 года — отличное состояние, полная комплектация.', '', 'available', '2026-05-19 11:09:56.942439', '2026-05-19 11:09:56.942483') RETURNING "catalog_car"."id"; args=('1FM5K8GC5LGA12345', 'Explorer', 8, 2, 2021, '110000.00', 35000, 'Чёрный', 'AT', 'petrol', '3.0', 365, 'Ford Explorer 2021 года — отличное состояние, полная комплектация.', '', 'available', '2026-05-19 11:09:56.942439', '2026-05-19 11:09:56.942483'); alias=default
DEBUG 2026-05-19 14:09:56,955 utils 33440 140413422653440 (0.012) COMMIT; args=None; alias=default
DEBUG 2026-05-19 14:09:56,956 utils 33440 140413422653440 (0.000) BEGIN; args=None; alias=default
DEBUG 2026-05-19 14:09:56,957 utils 33440 140413422653440 (0.000) SELECT "catalog_feature"."id" FROM "catalog_feature" INNER JOIN "catalog_car_features" ON ("catalog_feature"."id" = "catalog_car_features"."feature_id") WHERE "catalog_car_features"."car_id" = 8; args=(8,); alias=default
DEBUG 2026-05-19 14:09:56,958 utils 33440 140413422653440 (0.000) INSERT OR IGNORE INTO "catalog_car_features" ("car_id", "feature_id") VALUES (8, 3), (8, 4), (8, 6), (8, 9), (8, 10); args=(8, 3, 8, 4, 8, 6, 8, 9, 8, 10); alias=default
DEBUG 2026-05-19 14:09:56,969 utils 33440 140413422653440 (0.011) COMMIT; args=None; alias=default
DEBUG 2026-05-19 14:09:56,970 utils 33440 140413422653440 (0.000) SELECT "catalog_car"."id", "catalog_car"."vin", "catalog_car"."name", "catalog_car"."manufacturer_id", "catalog_car"."car_type_id", "catalog_car"."year", "catalog_car"."price", "catalog_car"."mileage", "catalog_car"."color", "catalog_car"."transmission", "catalog_car"."fuel", "catalog_car"."engine_volume", "catalog_car"."horsepower", "catalog_car"."description", "catalog_car"."photo", "catalog_car"."status", "catalog_car"."created_at", "catalog_car"."updated_at" FROM "catalog_car" WHERE "catalog_car"."vin" = '2T3Y1RFV5LC012345' LIMIT 21; args=('2T3Y1RFV5LC012345',); alias=default
DEBUG 2026-05-19 14:09:56,971 utils 33440 140413422653440 (0.000) BEGIN; args=None; alias=default
DEBUG 2026-05-19 14:09:56,972 utils 33440 140413422653440 (0.000) INSERT INTO "catalog_car" ("vin", "name", "manufacturer_id", "car_type_id", "year", "price", "mileage", "color", "transmission", "fuel", "engine_volume", "horsepower", "description", "photo", "status", "created_at", "updated_at") VALUES ('2T3Y1RFV5LC012345', 'RAV4', 1, 2, 2023, '98000.00', 0, 'Зелёный', 'AT', 'hybrid', '2.5', 222, 'Toyota RAV4 2023 года — отличное состояние, полная комплектация.', '', 'available', '2026-05-19 11:09:56.972086', '2026-05-19 11:09:56.972129') RETURNING "catalog_car"."id"; args=('2T3Y1RFV5LC012345', 'RAV4', 1, 2, 2023, '98000.00', 0, 'Зелёный', 'AT', 'hybrid', '2.5', 222, 'Toyota RAV4 2023 года — отличное состояние, полная комплектация.', '', 'available', '2026-05-19 11:09:56.972086', '2026-05-19 11:09:56.972129'); alias=default
DEBUG 2026-05-19 14:09:56,984 utils 33440 140413422653440 (0.011) COMMIT; args=None; alias=default
DEBUG 2026-05-19 14:09:56,985 utils 33440 140413422653440 (0.000) BEGIN; args=None; alias=default
DEBUG 2026-05-19 14:09:56,986 utils 33440 140413422653440 (0.000) SELECT "catalog_feature"."id" FROM "catalog_feature" INNER JOIN "catalog_car_features" ON ("catalog_feature"."id" = "catalog_car_features"."feature_id") WHERE "catalog_car_features"."car_id" = 9; args=(9,); alias=default
DEBUG 2026-05-19 14:09:56,987 utils 33440 140413422653440 (0.000) INSERT OR IGNORE INTO "catalog_car_features" ("car_id", "feature_id") VALUES (9, 1), (9, 6), (9, 9); args=(9, 1, 9, 6, 9, 9); alias=default
DEBUG 2026-05-19 14:09:57,027 utils 33440 140413422653440 (0.039) COMMIT; args=None; alias=default
DEBUG 2026-05-19 14:09:57,028 utils 33440 140413422653440 (0.000) SELECT "catalog_car"."id", "catalog_car"."vin", "catalog_car"."name", "catalog_car"."manufacturer_id", "catalog_car"."car_type_id", "catalog_car"."year", "catalog_car"."price", "catalog_car"."mileage", "catalog_car"."color", "catalog_car"."transmission", "catalog_car"."fuel", "catalog_car"."engine_volume", "catalog_car"."horsepower", "catalog_car"."description", "catalog_car"."photo", "catalog_car"."status", "catalog_car"."created_at", "catalog_car"."updated_at" FROM "catalog_car" WHERE "catalog_car"."vin" = 'WBAFR9C50BC741000' LIMIT 21; args=('WBAFR9C50BC741000',); alias=default
DEBUG 2026-05-19 14:09:57,029 utils 33440 140413422653440 (0.000) BEGIN; args=None; alias=default
DEBUG 2026-05-19 14:09:57,030 utils 33440 140413422653440 (0.000) INSERT INTO "catalog_car" ("vin", "name", "manufacturer_id", "car_type_id", "year", "price", "mileage", "color", "transmission", "fuel", "engine_volume", "horsepower", "description", "photo", "status", "created_at", "updated_at") VALUES ('WBAFR9C50BC741000', 'X5', 2, 2, 2022, '195000.00', 8000, 'Белый', 'AT', 'diesel', '3.0', 286, 'BMW X5 2022 года — отличное состояние, полная комплектация.', '', 'available', '2026-05-19 11:09:57.029734', '2026-05-19 11:09:57.029778') RETURNING "catalog_car"."id"; args=('WBAFR9C50BC741000', 'X5', 2, 2, 2022, '195000.00', 8000, 'Белый', 'AT', 'diesel', '3.0', 286, 'BMW X5 2022 года — отличное состояние, полная комплектация.', '', 'available', '2026-05-19 11:09:57.029734', '2026-05-19 11:09:57.029778'); alias=default
DEBUG 2026-05-19 14:09:57,067 utils 33440 140413422653440 (0.037) COMMIT; args=None; alias=default
DEBUG 2026-05-19 14:09:57,068 utils 33440 140413422653440 (0.000) BEGIN; args=None; alias=default
DEBUG 2026-05-19 14:09:57,069 utils 33440 140413422653440 (0.000) SELECT "catalog_feature"."id" FROM "catalog_feature" INNER JOIN "catalog_car_features" ON ("catalog_feature"."id" = "catalog_car_features"."feature_id") WHERE "catalog_car_features"."car_id" = 10; args=(10,); alias=default
DEBUG 2026-05-19 14:09:57,070 utils 33440 140413422653440 (0.000) INSERT OR IGNORE INTO "catalog_car_features" ("car_id", "feature_id") VALUES (10, 8), (10, 1), (10, 7); args=(10, 8, 10, 1, 10, 7); alias=default
DEBUG 2026-05-19 14:09:57,092 utils 33440 140413422653440 (0.022) COMMIT; args=None; alias=default
DEBUG 2026-05-19 14:09:57,093 utils 33440 140413422653440 (0.000) SELECT "catalog_car"."id", "catalog_car"."vin", "catalog_car"."name", "catalog_car"."manufacturer_id", "catalog_car"."car_type_id", "catalog_car"."year", "catalog_car"."price", "catalog_car"."mileage", "catalog_car"."color", "catalog_car"."transmission", "catalog_car"."fuel", "catalog_car"."engine_volume", "catalog_car"."horsepower", "catalog_car"."description", "catalog_car"."photo", "catalog_car"."status", "catalog_car"."created_at", "catalog_car"."updated_at" FROM "catalog_car" WHERE "catalog_car"."vin" = 'WDC1660091B654321' LIMIT 21; args=('WDC1660091B654321',); alias=default
DEBUG 2026-05-19 14:09:57,094 utils 33440 140413422653440 (0.000) BEGIN; args=None; alias=default
DEBUG 2026-05-19 14:09:57,095 utils 33440 140413422653440 (0.000) INSERT INTO "catalog_car" ("vin", "name", "manufacturer_id", "car_type_id", "year", "price", "mileage", "color", "transmission", "fuel", "engine_volume", "horsepower", "description", "photo", "status", "created_at", "updated_at") VALUES ('WDC1660091B654321', 'C 200', 3, 1, 2021, '105000.00', 45000, 'Синий', 'AT', 'petrol', '1.5', 204, 'Mercedes-Benz C 200 2021 года — отличное состояние, полная комплектация.', '', 'sold', '2026-05-19 11:09:57.095157', '2026-05-19 11:09:57.095202') RETURNING "catalog_car"."id"; args=('WDC1660091B654321', 'C 200', 3, 1, 2021, '105000.00', 45000, 'Синий', 'AT', 'petrol', '1.5', 204, 'Mercedes-Benz C 200 2021 года — отличное состояние, полная комплектация.', '', 'sold', '2026-05-19 11:09:57.095157', '2026-05-19 11:09:57.095202'); alias=default
DEBUG 2026-05-19 14:09:57,110 utils 33440 140413422653440 (0.014) COMMIT; args=None; alias=default
DEBUG 2026-05-19 14:09:57,111 utils 33440 140413422653440 (0.000) BEGIN; args=None; alias=default
DEBUG 2026-05-19 14:09:57,112 utils 33440 140413422653440 (0.000) SELECT "catalog_feature"."id" FROM "catalog_feature" INNER JOIN "catalog_car_features" ON ("catalog_feature"."id" = "catalog_car_features"."feature_id") WHERE "catalog_car_features"."car_id" = 11; args=(11,); alias=default
DEBUG 2026-05-19 14:09:57,113 utils 33440 140413422653440 (0.000) INSERT OR IGNORE INTO "catalog_car_features" ("car_id", "feature_id") VALUES (11, 1), (11, 3), (11, 6), (11, 7), (11, 9); args=(11, 1, 11, 3, 11, 6, 11, 7, 11, 9); alias=default
DEBUG 2026-05-19 14:09:57,125 utils 33440 140413422653440 (0.011) COMMIT; args=None; alias=default
DEBUG 2026-05-19 14:09:57,127 utils 33440 140413422653440 (0.000) SELECT "catalog_car"."id", "catalog_car"."vin", "catalog_car"."name", "catalog_car"."manufacturer_id", "catalog_car"."car_type_id", "catalog_car"."year", "catalog_car"."price", "catalog_car"."mileage", "catalog_car"."color", "catalog_car"."transmission", "catalog_car"."fuel", "catalog_car"."engine_volume", "catalog_car"."horsepower", "catalog_car"."description", "catalog_car"."photo", "catalog_car"."status", "catalog_car"."created_at", "catalog_car"."updated_at" FROM "catalog_car" WHERE "catalog_car"."vin" = 'WVWZZZAUZEW123456' LIMIT 21; args=('WVWZZZAUZEW123456',); alias=default
DEBUG 2026-05-19 14:09:57,127 utils 33440 140413422653440 (0.000) BEGIN; args=None; alias=default
DEBUG 2026-05-19 14:09:57,129 utils 33440 140413422653440 (0.000) INSERT INTO "catalog_car" ("vin", "name", "manufacturer_id", "car_type_id", "year", "price", "mileage", "color", "transmission", "fuel", "engine_volume", "horsepower", "description", "photo", "status", "created_at", "updated_at") VALUES ('WVWZZZAUZEW123456', 'Golf', 4, 3, 2022, '58000.00', 15000, 'Белый', 'MT', 'petrol', '1.2', 105, 'Volkswagen Golf 2022 года — отличное состояние, полная комплектация.', '', 'reserved', '2026-05-19 11:09:57.128539', '2026-05-19 11:09:57.128580') RETURNING "catalog_car"."id"; args=('WVWZZZAUZEW123456', 'Golf', 4, 3, 2022, '58000.00', 15000, 'Белый', 'MT', 'petrol', '1.2', 105, 'Volkswagen Golf 2022 года — отличное состояние, полная комплектация.', '', 'reserved', '2026-05-19 11:09:57.128539', '2026-05-19 11:09:57.128580'); alias=default
DEBUG 2026-05-19 14:09:57,139 utils 33440 140413422653440 (0.010) COMMIT; args=None; alias=default
DEBUG 2026-05-19 14:09:57,139 utils 33440 140413422653440 (0.000) BEGIN; args=None; alias=default
DEBUG 2026-05-19 14:09:57,140 utils 33440 140413422653440 (0.000) SELECT "catalog_feature"."id" FROM "catalog_feature" INNER JOIN "catalog_car_features" ON ("catalog_feature"."id" = "catalog_car_features"."feature_id") WHERE "catalog_car_features"."car_id" = 12; args=(12,); alias=default
DEBUG 2026-05-19 14:09:57,142 utils 33440 140413422653440 (0.000) INSERT OR IGNORE INTO "catalog_car_features" ("car_id", "feature_id") VALUES (12, 1), (12, 2), (12, 6), (12, 8), (12, 9), (12, 10); args=(12, 1, 12, 2, 12, 6, 12, 8, 12, 9, 12, 10); alias=default
DEBUG 2026-05-19 14:09:57,152 utils 33440 140413422653440 (0.011) COMMIT; args=None; alias=default
DEBUG 2026-05-19 14:09:57,154 utils 33440 140413422653440 (0.000) SELECT 1 AS "a" FROM "auth_user" WHERE "auth_user"."username" = 'admin' LIMIT 1; args=(1, 'admin'); alias=default
DEBUG 2026-05-19 14:09:57,490 utils 33440 140413422653440 (0.001) INSERT INTO "auth_user" ("password", "last_login", "is_superuser", "username", "first_name", "last_name", "email", "is_staff", "is_active", "date_joined") VALUES ('pbkdf2_sha256$600000$QHjb2y21FGOWUIDstQvnci$QTjH7vJByFar3uIfEFOBdF7jeZNJ7pXjw/J8flB1sWQ=', NULL, 1, 'admin', '', '', 'admin@autopremium.by', 1, 1, '2026-05-19 11:09:57.154667') RETURNING "auth_user"."id"; args=('pbkdf2_sha256$600000$QHjb2y21FGOWUIDstQvnci$QTjH7vJByFar3uIfEFOBdF7jeZNJ7pXjw/J8flB1sWQ=', None, True, 'admin', '', '', 'admin@autopremium.by', True, True, '2026-05-19 11:09:57.154667'); alias=default
DEBUG 2026-05-19 14:09:57,505 utils 33440 140413422653440 (0.000) SELECT 1 AS "a" FROM "auth_user" WHERE "auth_user"."username" = 'manager1' LIMIT 1; args=(1, 'manager1'); alias=default
DEBUG 2026-05-19 14:09:57,832 utils 33440 140413422653440 (0.000) INSERT INTO "auth_user" ("password", "last_login", "is_superuser", "username", "first_name", "last_name", "email", "is_staff", "is_active", "date_joined") VALUES ('pbkdf2_sha256$600000$YH4FYEc9omit8vcbUmar1t$qrIBw8oibpkXm6Q0WNQ9LsQx65px4vpKkvuTjhlEO0A=', NULL, 0, 'manager1', 'Иван', 'Петров', 'manager@autopremium.by', 0, 1, '2026-05-19 11:09:57.505624') RETURNING "auth_user"."id"; args=('pbkdf2_sha256$600000$YH4FYEc9omit8vcbUmar1t$qrIBw8oibpkXm6Q0WNQ9LsQx65px4vpKkvuTjhlEO0A=', None, False, 'manager1', 'Иван', 'Петров', 'manager@autopremium.by', False, True, '2026-05-19 11:09:57.505624'); alias=default
DEBUG 2026-05-19 14:09:57,846 utils 33440 140413422653440 (0.000) INSERT INTO "catalog_employee" ("user_id", "role", "phone", "birth_date", "photo", "hired_at") VALUES (2, 'manager', '+375 (29) 987-65-43', '1990-05-15', '', '2026-05-19') RETURNING "catalog_employee"."id"; args=(2, 'manager', '+375 (29) 987-65-43', '1990-05-15', '', '2026-05-19'); alias=default
DEBUG 2026-05-19 14:09:57,858 utils 33440 140413422653440 (0.000) SELECT 1 AS "a" FROM "auth_user" WHERE "auth_user"."username" = 'client1' LIMIT 1; args=(1, 'client1'); alias=default
DEBUG 2026-05-19 14:09:58,178 utils 33440 140413422653440 (0.000) INSERT INTO "auth_user" ("password", "last_login", "is_superuser", "username", "first_name", "last_name", "email", "is_staff", "is_active", "date_joined") VALUES ('pbkdf2_sha256$600000$DCiOa5GImY8fNOC1IrIscS$EJJEnX6X1MtUx/ukTmwud/U0xH4c4TAr+OFWraCctok=', NULL, 0, 'client1', 'Алексей', 'Иванов', 'client1@mail.ru', 0, 1, '2026-05-19 11:09:57.858760') RETURNING "auth_user"."id"; args=('pbkdf2_sha256$600000$DCiOa5GImY8fNOC1IrIscS$EJJEnX6X1MtUx/ukTmwud/U0xH4c4TAr+OFWraCctok=', None, False, 'client1', 'Алексей', 'Иванов', 'client1@mail.ru', False, True, '2026-05-19 11:09:57.858760'); alias=default
DEBUG 2026-05-19 14:09:58,191 utils 33440 140413422653440 (0.000) INSERT INTO "catalog_client" ("user_id", "phone", "address", "birth_date", "city", "email", "created_at") VALUES (3, '+375 (29) 111-22-33', 'Минск, ул. Ленина, 1', '1985-03-20', 'Минск', 'client1@mail.ru', '2026-05-19 11:09:58.191027') RETURNING "catalog_client"."id"; args=(3, '+375 (29) 111-22-33', 'Минск, ул. Ленина, 1', '1985-03-20', 'Минск', 'client1@mail.ru', '2026-05-19 11:09:58.191027'); alias=default
DEBUG 2026-05-19 14:09:58,202 utils 33440 140413422653440 (0.000) SELECT 1 AS "a" FROM "auth_user" WHERE "auth_user"."username" = 'client2' LIMIT 1; args=(1, 'client2'); alias=default
DEBUG 2026-05-19 14:09:58,533 utils 33440 140413422653440 (0.000) INSERT INTO "auth_user" ("password", "last_login", "is_superuser", "username", "first_name", "last_name", "email", "is_staff", "is_active", "date_joined") VALUES ('pbkdf2_sha256$600000$RWEWmZ67PWZwBtSiXB9KCz$+vnMYW04Yg9Q+tz4dQeogJoiqEWaI6CS+zHY489QKj4=', NULL, 0, 'client2', 'Мария', 'Сидорова', 'client2@mail.ru', 0, 1, '2026-05-19 11:09:58.203239') RETURNING "auth_user"."id"; args=('pbkdf2_sha256$600000$RWEWmZ67PWZwBtSiXB9KCz$+vnMYW04Yg9Q+tz4dQeogJoiqEWaI6CS+zHY489QKj4=', None, False, 'client2', 'Мария', 'Сидорова', 'client2@mail.ru', False, True, '2026-05-19 11:09:58.203239'); alias=default
DEBUG 2026-05-19 14:09:58,545 utils 33440 140413422653440 (0.000) INSERT INTO "catalog_client" ("user_id", "phone", "address", "birth_date", "city", "email", "created_at") VALUES (4, '+375 (33) 222-33-44', 'Гомель, ул. Ленина, 1', '1992-07-10', 'Гомель', 'client2@mail.ru', '2026-05-19 11:09:58.544885') RETURNING "catalog_client"."id"; args=(4, '+375 (33) 222-33-44', 'Гомель, ул. Ленина, 1', '1992-07-10', 'Гомель', 'client2@mail.ru', '2026-05-19 11:09:58.544885'); alias=default
DEBUG 2026-05-19 14:09:58,557 utils 33440 140413422653440 (0.000) SELECT 1 AS "a" FROM "auth_user" WHERE "auth_user"."username" = 'client3' LIMIT 1; args=(1, 'client3'); alias=default
DEBUG 2026-05-19 14:09:58,889 utils 33440 140413422653440 (0.000) INSERT INTO "auth_user" ("password", "last_login", "is_superuser", "username", "first_name", "last_name", "email", "is_staff", "is_active", "date_joined") VALUES ('pbkdf2_sha256$600000$16RxhaUIFiLG4LR7C71BO9$Qdi4MsVXXZIuyoGo8UMGwbvTAaupDNl0MIKgSMPHBYE=', NULL, 0, 'client3', 'Дмитрий', 'Козлов', 'client3@mail.ru', 0, 1, '2026-05-19 11:09:58.557761') RETURNING "auth_user"."id"; args=('pbkdf2_sha256$600000$16RxhaUIFiLG4LR7C71BO9$Qdi4MsVXXZIuyoGo8UMGwbvTAaupDNl0MIKgSMPHBYE=', None, False, 'client3', 'Дмитрий', 'Козлов', 'client3@mail.ru', False, True, '2026-05-19 11:09:58.557761'); alias=default
DEBUG 2026-05-19 14:09:58,903 utils 33440 140413422653440 (0.000) INSERT INTO "catalog_client" ("user_id", "phone", "address", "birth_date", "city", "email", "created_at") VALUES (5, '+375 (44) 333-44-55', 'Брест, ул. Ленина, 1', '1988-11-05', 'Брест', 'client3@mail.ru', '2026-05-19 11:09:58.902821') RETURNING "catalog_client"."id"; args=(5, '+375 (44) 333-44-55', 'Брест, ул. Ленина, 1', '1988-11-05', 'Брест', 'client3@mail.ru', '2026-05-19 11:09:58.902821'); alias=default
DEBUG 2026-05-19 14:09:58,915 utils 33440 140413422653440 (0.000) SELECT "catalog_order"."id", "catalog_order"."client_id", "catalog_order"."car_id", "catalog_order"."employee_id", "catalog_order"."status", "catalog_order"."sale_price", "catalog_order"."sale_date", "catalog_order"."delivery_date", "catalog_order"."comment", "catalog_order"."created_at" FROM "catalog_order" WHERE "catalog_order"."car_id" = 11 LIMIT 21; args=(11,); alias=default
DEBUG 2026-05-19 14:09:58,916 utils 33440 140413422653440 (0.000) BEGIN; args=None; alias=default
DEBUG 2026-05-19 14:09:58,917 utils 33440 140413422653440 (0.000) INSERT INTO "catalog_order" ("client_id", "car_id", "employee_id", "status", "sale_price", "sale_date", "delivery_date", "comment", "created_at") VALUES (1, 11, 1, 'completed', '105000.00', '2026-04-19', '2026-04-29', '', '2026-05-19 11:09:58.917132') RETURNING "catalog_order"."id"; args=(1, 11, 1, 'completed', '105000.00', '2026-04-19', '2026-04-29', '', '2026-05-19 11:09:58.917132'); alias=default
DEBUG 2026-05-19 14:09:58,929 utils 33440 140413422653440 (0.011) COMMIT; args=None; alias=default
DEBUG 2026-05-19 14:09:58,931 utils 33440 140413422653440 (0.000) SELECT "catalog_order"."id", "catalog_order"."client_id", "catalog_order"."car_id", "catalog_order"."employee_id", "catalog_order"."status", "catalog_order"."sale_price", "catalog_order"."sale_date", "catalog_order"."delivery_date", "catalog_order"."comment", "catalog_order"."created_at" FROM "catalog_order" WHERE "catalog_order"."car_id" = 12 LIMIT 21; args=(12,); alias=default
DEBUG 2026-05-19 14:09:58,931 utils 33440 140413422653440 (0.000) BEGIN; args=None; alias=default
DEBUG 2026-05-19 14:09:58,932 utils 33440 140413422653440 (0.000) INSERT INTO "catalog_order" ("client_id", "car_id", "employee_id", "status", "sale_price", "sale_date", "delivery_date", "comment", "created_at") VALUES (2, 12, 1, 'approved', '58000.00', '2026-03-20', '2026-04-09', '', '2026-05-19 11:09:58.932176') RETURNING "catalog_order"."id"; args=(2, 12, 1, 'approved', '58000.00', '2026-03-20', '2026-04-09', '', '2026-05-19 11:09:58.932176'); alias=default
DEBUG 2026-05-19 14:09:58,942 utils 33440 140413422653440 (0.010) COMMIT; args=None; alias=default
DEBUG 2026-05-19 14:09:58,944 utils 33440 140413422653440 (0.000) SELECT "catalog_article"."id", "catalog_article"."title", "catalog_article"."summary", "catalog_article"."content", "catalog_article"."image", "catalog_article"."published_at", "catalog_article"."is_published" FROM "catalog_article" WHERE "catalog_article"."title" = 'Новые поступления: Toyota и BMW' LIMIT 21; args=('Новые поступления: Toyota и BMW',); alias=default
DEBUG 2026-05-19 14:09:58,944 utils 33440 140413422653440 (0.000) BEGIN; args=None; alias=default
DEBUG 2026-05-19 14:09:58,945 utils 33440 140413422653440 (0.000) INSERT INTO "catalog_article" ("title", "summary", "content", "image", "published_at", "is_published") VALUES ('Новые поступления: Toyota и BMW', 'Ждём поставку новых авто уже в ноябре!', 'Наш автосалон рад сообщить о новых поступлениях. В ноябре ожидается поставка Toyota Camry нового поколения и BMW 5 Series 2024 года. Оставляйте заявки уже сейчас!', '', '2026-05-19 11:09:58.944966', 1) RETURNING "catalog_article"."id"; args=('Новые поступления: Toyota и BMW', 'Ждём поставку новых авто уже в ноябре!', 'Наш автосалон рад сообщить о новых поступлениях. В ноябре ожидается поставка Toyota Camry нового поколения и BMW 5 Series 2024 года. Оставляйте заявки уже сейчас!', '', '2026-05-19 11:09:58.944966', True); alias=default
DEBUG 2026-05-19 14:09:58,956 utils 33440 140413422653440 (0.010) COMMIT; args=None; alias=default
DEBUG 2026-05-19 14:09:58,957 utils 33440 140413422653440 (0.000) SELECT "catalog_article"."id", "catalog_article"."title", "catalog_article"."summary", "catalog_article"."content", "catalog_article"."image", "catalog_article"."published_at", "catalog_article"."is_published" FROM "catalog_article" WHERE "catalog_article"."title" = 'Специальные условия кредитования' LIMIT 21; args=('Специальные условия кредитования',); alias=default
DEBUG 2026-05-19 14:09:58,958 utils 33440 140413422653440 (0.000) BEGIN; args=None; alias=default
DEBUG 2026-05-19 14:09:58,959 utils 33440 140413422653440 (0.000) INSERT INTO "catalog_article" ("title", "summary", "content", "image", "published_at", "is_published") VALUES ('Специальные условия кредитования', 'Кредит от 0% на выбранные модели.', 'До конца месяца действует специальное предложение — кредит под 0% годовых на автомобили Toyota и Kia. Подробности у наших менеджеров.', '', '2026-05-19 11:09:58.958506', 1) RETURNING "catalog_article"."id"; args=('Специальные условия кредитования', 'Кредит от 0% на выбранные модели.', 'До конца месяца действует специальное предложение — кредит под 0% годовых на автомобили Toyota и Kia. Подробности у наших менеджеров.', '', '2026-05-19 11:09:58.958506', True); alias=default
DEBUG 2026-05-19 14:09:58,969 utils 33440 140413422653440 (0.009) COMMIT; args=None; alias=default
DEBUG 2026-05-19 14:09:58,970 utils 33440 140413422653440 (0.000) SELECT "catalog_article"."id", "catalog_article"."title", "catalog_article"."summary", "catalog_article"."content", "catalog_article"."image", "catalog_article"."published_at", "catalog_article"."is_published" FROM "catalog_article" WHERE "catalog_article"."title" = 'Расширение сервисного центра' LIMIT 21; args=('Расширение сервисного центра',); alias=default
DEBUG 2026-05-19 14:09:58,970 utils 33440 140413422653440 (0.000) BEGIN; args=None; alias=default
DEBUG 2026-05-19 14:09:58,971 utils 33440 140413422653440 (0.000) INSERT INTO "catalog_article" ("title", "summary", "content", "image", "published_at", "is_published") VALUES ('Расширение сервисного центра', 'Открываем новый сервисный зал.', 'Мы рады сообщить об открытии нового сервисного зала. Теперь мы обслуживаем до 20 автомобилей в день без очереди.', '', '2026-05-19 11:09:58.970827', 1) RETURNING "catalog_article"."id"; args=('Расширение сервисного центра', 'Открываем новый сервисный зал.', 'Мы рады сообщить об открытии нового сервисного зала. Теперь мы обслуживаем до 20 автомобилей в день без очереди.', '', '2026-05-19 11:09:58.970827', True); alias=default
DEBUG 2026-05-19 14:09:58,983 utils 33440 140413422653440 (0.011) COMMIT; args=None; alias=default
DEBUG 2026-05-19 14:09:58,984 utils 33440 140413422653440 (0.000) SELECT "catalog_faq"."id", "catalog_faq"."question", "catalog_faq"."answer", "catalog_faq"."added_at" FROM "catalog_faq" WHERE "catalog_faq"."question" = 'Что такое VIN-код?' LIMIT 21; args=('Что такое VIN-код?',); alias=default
DEBUG 2026-05-19 14:09:58,985 utils 33440 140413422653440 (0.000) BEGIN; args=None; alias=default
DEBUG 2026-05-19 14:09:58,986 utils 33440 140413422653440 (0.000) INSERT INTO "catalog_faq" ("question", "answer", "added_at") VALUES ('Что такое VIN-код?', 'VIN (Vehicle Identification Number) — уникальный 17-значный идентификатор автомобиля, позволяющий получить полную информацию о его истории.', '2026-05-19') RETURNING "catalog_faq"."id"; args=('Что такое VIN-код?', 'VIN (Vehicle Identification Number) — уникальный 17-значный идентификатор автомобиля, позволяющий получить полную информацию о его истории.', '2026-05-19'); alias=default
DEBUG 2026-05-19 14:09:58,996 utils 33440 140413422653440 (0.010) COMMIT; args=None; alias=default
DEBUG 2026-05-19 14:09:58,998 utils 33440 140413422653440 (0.000) SELECT "catalog_faq"."id", "catalog_faq"."question", "catalog_faq"."answer", "catalog_faq"."added_at" FROM "catalog_faq" WHERE "catalog_faq"."question" = 'Как оформить заказ на автомобиль?' LIMIT 21; args=('Как оформить заказ на автомобиль?',); alias=default
DEBUG 2026-05-19 14:09:58,998 utils 33440 140413422653440 (0.000) BEGIN; args=None; alias=default
DEBUG 2026-05-19 14:09:58,999 utils 33440 140413422653440 (0.000) INSERT INTO "catalog_faq" ("question", "answer", "added_at") VALUES ('Как оформить заказ на автомобиль?', 'Зарегистрируйтесь на сайте, выберите автомобиль в каталоге и нажмите "Заказать". Наш менеджер свяжется с вами в течение 1 рабочего дня.', '2026-05-19') RETURNING "catalog_faq"."id"; args=('Как оформить заказ на автомобиль?', 'Зарегистрируйтесь на сайте, выберите автомобиль в каталоге и нажмите "Заказать". Наш менеджер свяжется с вами в течение 1 рабочего дня.', '2026-05-19'); alias=default
DEBUG 2026-05-19 14:09:59,008 utils 33440 140413422653440 (0.009) COMMIT; args=None; alias=default
DEBUG 2026-05-19 14:09:59,010 utils 33440 140413422653440 (0.000) SELECT "catalog_faq"."id", "catalog_faq"."question", "catalog_faq"."answer", "catalog_faq"."added_at" FROM "catalog_faq" WHERE "catalog_faq"."question" = 'Какие документы нужны для покупки?' LIMIT 21; args=('Какие документы нужны для покупки?',); alias=default
DEBUG 2026-05-19 14:09:59,010 utils 33440 140413422653440 (0.000) BEGIN; args=None; alias=default
DEBUG 2026-05-19 14:09:59,011 utils 33440 140413422653440 (0.000) INSERT INTO "catalog_faq" ("question", "answer", "added_at") VALUES ('Какие документы нужны для покупки?', 'Для оформления покупки нужен паспорт гражданина РБ и водительское удостоверение.', '2026-05-19') RETURNING "catalog_faq"."id"; args=('Какие документы нужны для покупки?', 'Для оформления покупки нужен паспорт гражданина РБ и водительское удостоверение.', '2026-05-19'); alias=default
DEBUG 2026-05-19 14:09:59,020 utils 33440 140413422653440 (0.009) COMMIT; args=None; alias=default
DEBUG 2026-05-19 14:09:59,021 utils 33440 140413422653440 (0.000) SELECT "catalog_faq"."id", "catalog_faq"."question", "catalog_faq"."answer", "catalog_faq"."added_at" FROM "catalog_faq" WHERE "catalog_faq"."question" = 'Есть ли возможность тест-драйва?' LIMIT 21; args=('Есть ли возможность тест-драйва?',); alias=default
DEBUG 2026-05-19 14:09:59,022 utils 33440 140413422653440 (0.000) BEGIN; args=None; alias=default
DEBUG 2026-05-19 14:09:59,022 utils 33440 140413422653440 (0.000) INSERT INTO "catalog_faq" ("question", "answer", "added_at") VALUES ('Есть ли возможность тест-драйва?', 'Да! Запишитесь к нам по телефону или через форму на сайте. Тест-драйв бесплатный.', '2026-05-19') RETURNING "catalog_faq"."id"; args=('Есть ли возможность тест-драйва?', 'Да! Запишитесь к нам по телефону или через форму на сайте. Тест-драйв бесплатный.', '2026-05-19'); alias=default
DEBUG 2026-05-19 14:09:59,033 utils 33440 140413422653440 (0.010) COMMIT; args=None; alias=default
DEBUG 2026-05-19 14:09:59,034 utils 33440 140413422653440 (0.000) SELECT "catalog_faq"."id", "catalog_faq"."question", "catalog_faq"."answer", "catalog_faq"."added_at" FROM "catalog_faq" WHERE "catalog_faq"."question" = 'Какие методы оплаты принимаются?' LIMIT 21; args=('Какие методы оплаты принимаются?',); alias=default
DEBUG 2026-05-19 14:09:59,035 utils 33440 140413422653440 (0.000) BEGIN; args=None; alias=default
DEBUG 2026-05-19 14:09:59,036 utils 33440 140413422653440 (0.000) INSERT INTO "catalog_faq" ("question", "answer", "added_at") VALUES ('Какие методы оплаты принимаются?', 'Наличные, банковская карта, банковский перевод, а также автокредитование от партнёрских банков.', '2026-05-19') RETURNING "catalog_faq"."id"; args=('Какие методы оплаты принимаются?', 'Наличные, банковская карта, банковский перевод, а также автокредитование от партнёрских банков.', '2026-05-19'); alias=default
DEBUG 2026-05-19 14:09:59,046 utils 33440 140413422653440 (0.010) COMMIT; args=None; alias=default
DEBUG 2026-05-19 14:09:59,047 utils 33440 140413422653440 (0.000) SELECT "catalog_review"."id", "catalog_review"."client_id", "catalog_review"."car_id", "catalog_review"."rating", "catalog_review"."text", "catalog_review"."created_at" FROM "catalog_review" WHERE "catalog_review"."client_id" = 1 LIMIT 21; args=(1,); alias=default
DEBUG 2026-05-19 14:09:59,048 utils 33440 140413422653440 (0.000) BEGIN; args=None; alias=default
DEBUG 2026-05-19 14:09:59,049 utils 33440 140413422653440 (0.000) INSERT INTO "catalog_review" ("client_id", "car_id", "rating", "text", "created_at") VALUES (1, 1, 5, 'Отличный автосалон! Купил Toyota Camry, очень доволен. Менеджеры профессиональные, всё оформили быстро.', '2026-05-19 11:09:59.048888') RETURNING "catalog_review"."id"; args=(1, 1, 5, 'Отличный автосалон! Купил Toyota Camry, очень доволен. Менеджеры профессиональные, всё оформили быстро.', '2026-05-19 11:09:59.048888'); alias=default
DEBUG 2026-05-19 14:09:59,060 utils 33440 140413422653440 (0.010) COMMIT; args=None; alias=default
DEBUG 2026-05-19 14:09:59,061 utils 33440 140413422653440 (0.000) SELECT "catalog_review"."id", "catalog_review"."client_id", "catalog_review"."car_id", "catalog_review"."rating", "catalog_review"."text", "catalog_review"."created_at" FROM "catalog_review" WHERE "catalog_review"."client_id" = 2 LIMIT 21; args=(2,); alias=default
DEBUG 2026-05-19 14:09:59,062 utils 33440 140413422653440 (0.000) BEGIN; args=None; alias=default
DEBUG 2026-05-19 14:09:59,063 utils 33440 140413422653440 (0.000) INSERT INTO "catalog_review" ("client_id", "car_id", "rating", "text", "created_at") VALUES (2, 3, 4, 'Хороший выбор автомобилей, цены адекватные. Единственное — пришлось подождать документы чуть дольше.', '2026-05-19 11:09:59.062676') RETURNING "catalog_review"."id"; args=(2, 3, 4, 'Хороший выбор автомобилей, цены адекватные. Единственное — пришлось подождать документы чуть дольше.', '2026-05-19 11:09:59.062676'); alias=default
DEBUG 2026-05-19 14:09:59,072 utils 33440 140413422653440 (0.009) COMMIT; args=None; alias=default
DEBUG 2026-05-19 14:09:59,073 utils 33440 140413422653440 (0.000) SELECT "catalog_review"."id", "catalog_review"."client_id", "catalog_review"."car_id", "catalog_review"."rating", "catalog_review"."text", "catalog_review"."created_at" FROM "catalog_review" WHERE "catalog_review"."client_id" = 3 LIMIT 21; args=(3,); alias=default
DEBUG 2026-05-19 14:09:59,074 utils 33440 140413422653440 (0.000) BEGIN; args=None; alias=default
DEBUG 2026-05-19 14:09:59,075 utils 33440 140413422653440 (0.000) INSERT INTO "catalog_review" ("client_id", "car_id", "rating", "text", "created_at") VALUES (3, NULL, 5, 'Рекомендую всем! Сервис на высшем уровне, честные цены, нет скрытых платежей.', '2026-05-19 11:09:59.075007') RETURNING "catalog_review"."id"; args=(3, None, 5, 'Рекомендую всем! Сервис на высшем уровне, честные цены, нет скрытых платежей.', '2026-05-19 11:09:59.075007'); alias=default
DEBUG 2026-05-19 14:09:59,085 utils 33440 140413422653440 (0.010) COMMIT; args=None; alias=default
DEBUG 2026-05-19 14:09:59,087 utils 33440 140413422653440 (0.000) SELECT "catalog_vacancy"."id", "catalog_vacancy"."title", "catalog_vacancy"."description", "catalog_vacancy"."salary_from", "catalog_vacancy"."salary_to", "catalog_vacancy"."is_active", "catalog_vacancy"."created_at" FROM "catalog_vacancy" WHERE "catalog_vacancy"."title" = 'Менеджер по продажам автомобилей' LIMIT 21; args=('Менеджер по продажам автомобилей',); alias=default
DEBUG 2026-05-19 14:09:59,087 utils 33440 140413422653440 (0.000) BEGIN; args=None; alias=default
DEBUG 2026-05-19 14:09:59,088 utils 33440 140413422653440 (0.000) INSERT INTO "catalog_vacancy" ("title", "description", "salary_from", "salary_to", "is_active", "created_at") VALUES ('Менеджер по продажам автомобилей', 'Продажа новых и б/у автомобилей. Опыт в продажах от 1 года. График 5/2.', '1500.00', '3000.00', 1, '2026-05-19') RETURNING "catalog_vacancy"."id"; args=('Менеджер по продажам автомобилей', 'Продажа новых и б/у автомобилей. Опыт в продажах от 1 года. График 5/2.', '1500.00', '3000.00', True, '2026-05-19'); alias=default
DEBUG 2026-05-19 14:09:59,099 utils 33440 140413422653440 (0.010) COMMIT; args=None; alias=default
DEBUG 2026-05-19 14:09:59,100 utils 33440 140413422653440 (0.000) SELECT "catalog_vacancy"."id", "catalog_vacancy"."title", "catalog_vacancy"."description", "catalog_vacancy"."salary_from", "catalog_vacancy"."salary_to", "catalog_vacancy"."is_active", "catalog_vacancy"."created_at" FROM "catalog_vacancy" WHERE "catalog_vacancy"."title" = 'Автомеханик' LIMIT 21; args=('Автомеханик',); alias=default
DEBUG 2026-05-19 14:09:59,101 utils 33440 140413422653440 (0.000) BEGIN; args=None; alias=default
DEBUG 2026-05-19 14:09:59,102 utils 33440 140413422653440 (0.000) INSERT INTO "catalog_vacancy" ("title", "description", "salary_from", "salary_to", "is_active", "created_at") VALUES ('Автомеханик', 'Диагностика и ремонт автомобилей. СТО, допуск к ТО.', '1200.00', '2500.00', 1, '2026-05-19') RETURNING "catalog_vacancy"."id"; args=('Автомеханик', 'Диагностика и ремонт автомобилей. СТО, допуск к ТО.', '1200.00', '2500.00', True, '2026-05-19'); alias=default
DEBUG 2026-05-19 14:09:59,112 utils 33440 140413422653440 (0.010) COMMIT; args=None; alias=default
DEBUG 2026-05-19 14:09:59,114 utils 33440 140413422653440 (0.000) SELECT "catalog_vacancy"."id", "catalog_vacancy"."title", "catalog_vacancy"."description", "catalog_vacancy"."salary_from", "catalog_vacancy"."salary_to", "catalog_vacancy"."is_active", "catalog_vacancy"."created_at" FROM "catalog_vacancy" WHERE "catalog_vacancy"."title" = 'Специалист по кредитованию' LIMIT 21; args=('Специалист по кредитованию',); alias=default
DEBUG 2026-05-19 14:09:59,114 utils 33440 140413422653440 (0.000) BEGIN; args=None; alias=default
DEBUG 2026-05-19 14:09:59,115 utils 33440 140413422653440 (0.000) INSERT INTO "catalog_vacancy" ("title", "description", "salary_from", "salary_to", "is_active", "created_at") VALUES ('Специалист по кредитованию', 'Оформление автокредитов. Опыт в банковской сфере приветствуется.', '1300.00', '2000.00', 1, '2026-05-19') RETURNING "catalog_vacancy"."id"; args=('Специалист по кредитованию', 'Оформление автокредитов. Опыт в банковской сфере приветствуется.', '1300.00', '2000.00', True, '2026-05-19'); alias=default
DEBUG 2026-05-19 14:09:59,125 utils 33440 140413422653440 (0.009) COMMIT; args=None; alias=default
DEBUG 2026-05-19 14:09:59,127 utils 33440 140413422653440 (0.000) SELECT "catalog_promo"."id", "catalog_promo"."code", "catalog_promo"."discount_percent", "catalog_promo"."description", "catalog_promo"."valid_until", "catalog_promo"."status" FROM "catalog_promo" WHERE "catalog_promo"."code" = 'AUTUMN2024' LIMIT 21; args=('AUTUMN2024',); alias=default
DEBUG 2026-05-19 14:09:59,127 utils 33440 140413422653440 (0.000) BEGIN; args=None; alias=default
DEBUG 2026-05-19 14:09:59,128 utils 33440 140413422653440 (0.000) INSERT INTO "catalog_promo" ("code", "discount_percent", "description", "valid_until", "status") VALUES ('AUTUMN2024', 10, 'Осенняя скидка на все SUV', '2026-06-18', 'active') RETURNING "catalog_promo"."id"; args=('AUTUMN2024', 10, 'Осенняя скидка на все SUV', '2026-06-18', 'active'); alias=default
DEBUG 2026-05-19 14:09:59,138 utils 33440 140413422653440 (0.009) COMMIT; args=None; alias=default
DEBUG 2026-05-19 14:09:59,139 utils 33440 140413422653440 (0.000) SELECT "catalog_promo"."id", "catalog_promo"."code", "catalog_promo"."discount_percent", "catalog_promo"."description", "catalog_promo"."valid_until", "catalog_promo"."status" FROM "catalog_promo" WHERE "catalog_promo"."code" = 'NEW2024' LIMIT 21; args=('NEW2024',); alias=default
DEBUG 2026-05-19 14:09:59,139 utils 33440 140413422653440 (0.000) BEGIN; args=None; alias=default
DEBUG 2026-05-19 14:09:59,140 utils 33440 140413422653440 (0.000) INSERT INTO "catalog_promo" ("code", "discount_percent", "description", "valid_until", "status") VALUES ('NEW2024', 5, 'Скидка на новые поступления', '2026-07-18', 'active') RETURNING "catalog_promo"."id"; args=('NEW2024', 5, 'Скидка на новые поступления', '2026-07-18', 'active'); alias=default
DEBUG 2026-05-19 14:09:59,151 utils 33440 140413422653440 (0.010) COMMIT; args=None; alias=default
DEBUG 2026-05-19 14:09:59,152 utils 33440 140413422653440 (0.000) SELECT "catalog_promo"."id", "catalog_promo"."code", "catalog_promo"."discount_percent", "catalog_promo"."description", "catalog_promo"."valid_until", "catalog_promo"."status" FROM "catalog_promo" WHERE "catalog_promo"."code" = 'SUMMER2024' LIMIT 21; args=('SUMMER2024',); alias=default
DEBUG 2026-05-19 14:09:59,152 utils 33440 140413422653440 (0.000) BEGIN; args=None; alias=default
DEBUG 2026-05-19 14:09:59,153 utils 33440 140413422653440 (0.000) INSERT INTO "catalog_promo" ("code", "discount_percent", "description", "valid_until", "status") VALUES ('SUMMER2024', 7, 'Летняя акция (завершена)', '2026-05-09', 'archived') RETURNING "catalog_promo"."id"; args=('SUMMER2024', 7, 'Летняя акция (завершена)', '2026-05-09', 'archived'); alias=default
DEBUG 2026-05-19 14:09:59,163 utils 33440 140413422653440 (0.010) COMMIT; args=None; alias=default
DEBUG 2026-05-19 14:09:59,165 utils 33440 140413422653440 (0.000) SELECT "catalog_contact"."id", "catalog_contact"."name", "catalog_contact"."position", "catalog_contact"."phone", "catalog_contact"."email", "catalog_contact"."photo", "catalog_contact"."description" FROM "catalog_contact" WHERE "catalog_contact"."name" = 'Александр Новиков' LIMIT 21; args=('Александр Новиков',); alias=default
DEBUG 2026-05-19 14:09:59,165 utils 33440 140413422653440 (0.000) BEGIN; args=None; alias=default
DEBUG 2026-05-19 14:09:59,166 utils 33440 140413422653440 (0.000) INSERT INTO "catalog_contact" ("name", "position", "phone", "email", "photo", "description") VALUES ('Александр Новиков', 'Директор', '+375 (29) 100-00-01', 'director@autopremium.by', '', 'Общее руководство салоном') RETURNING "catalog_contact"."id"; args=('Александр Новиков', 'Директор', '+375 (29) 100-00-01', 'director@autopremium.by', '', 'Общее руководство салоном'); alias=default
DEBUG 2026-05-19 14:09:59,176 utils 33440 140413422653440 (0.009) COMMIT; args=None; alias=default
DEBUG 2026-05-19 14:09:59,177 utils 33440 140413422653440 (0.000) SELECT "catalog_contact"."id", "catalog_contact"."name", "catalog_contact"."position", "catalog_contact"."phone", "catalog_contact"."email", "catalog_contact"."photo", "catalog_contact"."description" FROM "catalog_contact" WHERE "catalog_contact"."name" = 'Елена Кравцова' LIMIT 21; args=('Елена Кравцова',); alias=default
DEBUG 2026-05-19 14:09:59,178 utils 33440 140413422653440 (0.000) BEGIN; args=None; alias=default
DEBUG 2026-05-19 14:09:59,178 utils 33440 140413422653440 (0.000) INSERT INTO "catalog_contact" ("name", "position", "phone", "email", "photo", "description") VALUES ('Елена Кравцова', 'Менеджер по продажам', '+375 (29) 100-00-02', 'sales@autopremium.by', '', 'Консультации по выбору автомобиля') RETURNING "catalog_contact"."id"; args=('Елена Кравцова', 'Менеджер по продажам', '+375 (29) 100-00-02', 'sales@autopremium.by', '', 'Консультации по выбору автомобиля'); alias=default
DEBUG 2026-05-19 14:09:59,188 utils 33440 140413422653440 (0.009) COMMIT; args=None; alias=default
DEBUG 2026-05-19 14:09:59,189 utils 33440 140413422653440 (0.000) SELECT "catalog_contact"."id", "catalog_contact"."name", "catalog_contact"."position", "catalog_contact"."phone", "catalog_contact"."email", "catalog_contact"."photo", "catalog_contact"."description" FROM "catalog_contact" WHERE "catalog_contact"."name" = 'Игорь Семёнов' LIMIT 21; args=('Игорь Семёнов',); alias=default
DEBUG 2026-05-19 14:09:59,190 utils 33440 140413422653440 (0.000) BEGIN; args=None; alias=default
DEBUG 2026-05-19 14:09:59,191 utils 33440 140413422653440 (0.000) INSERT INTO "catalog_contact" ("name", "position", "phone", "email", "photo", "description") VALUES ('Игорь Семёнов', 'Специалист по кредитованию', '+375 (29) 100-00-03', 'credit@autopremium.by', '', 'Оформление автокредитов и лизинга') RETURNING "catalog_contact"."id"; args=('Игорь Семёнов', 'Специалист по кредитованию', '+375 (29) 100-00-03', 'credit@autopremium.by', '', 'Оформление автокредитов и лизинга'); alias=default
DEBUG 2026-05-19 14:09:59,202 utils 33440 140413422653440 (0.011) COMMIT; args=None; alias=default
INFO 2026-05-19 14:10:22,858 autoreload 33539 135874775416832 Watching for file changes with StatReloader
DEBUG 2026-05-19 14:10:22,860 autoreload 33539 135874775416832 Waiting for apps ready_event.
DEBUG 2026-05-19 14:10:22,974 autoreload 33539 135874775416832 Apps ready_event triggered. Sending autoreload_started signal.
DEBUG 2026-05-19 14:10:23,000 autoreload 33539 135874775416832 Watching dir /home/anton/4_sem_vsakoe/IGI_LR5_v2/carshop/templates with glob **/*.
DEBUG 2026-05-19 14:10:23,001 autoreload 33539 135874775416832 Watching dir /home/anton/4_sem_vsakoe/IGI_LR5_v2/carshop/locale with glob **/*.mo.
DEBUG 2026-05-19 14:10:23,001 autoreload 33539 135874775416832 Watching dir /home/anton/4_sem_vsakoe/IGI_LR5_v2/carshop/catalog/locale with glob **/*.mo.
DEBUG 2026-05-19 14:10:23,002 autoreload 33539 135874775416832 Watching dir /home/anton/4_sem_vsakoe/IGI_LR5_v2/carshop/users/locale with glob **/*.mo.
DEBUG 2026-05-19 14:10:23,126 utils 33539 135874741585472 (0.001) 
            SELECT name, type FROM sqlite_master
            WHERE type in ('table', 'view') AND NOT name='sqlite_sequence'
            ORDER BY name; args=None; alias=default
DEBUG 2026-05-19 14:10:23,132 utils 33539 135874741585472 (0.001) SELECT "django_migrations"."id", "django_migrations"."app", "django_migrations"."name", "django_migrations"."applied" FROM "django_migrations"; args=(); alias=default
DEBUG 2026-05-19 14:10:23,194 autoreload 33539 135874775416832 File /usr/lib/python3.10/asyncio/base_events.py first seen with mtime 1772538992.0
DEBUG 2026-05-19 14:10:23,194 autoreload 33539 135874775416832 File /usr/lib/python3.10/encodings/mac_turkish.py first seen with mtime 1772538992.0
DEBUG 2026-05-19 14:10:23,195 autoreload 33539 135874775416832 File /home/anton/4_sem_vsakoe/IGI_LR5_v2/.venv/lib/python3.10/site-packages/django/db/backends/ddl_references.py first seen with mtime 1778162466.3191347
DEBUG 2026-05-19 14:10:23,195 autoreload 33539 135874775416832 File /usr/lib/python3.10/ntpath.py first seen with mtime 1772538992.0
DEBUG 2026-05-19 14:10:23,195 autoreload 33539 135874775416832 File /usr/lib/python3.10/importlib/machinery.py first seen with mtime 1772538992.0
DEBUG 2026-05-19 14:10:23,196 autoreload 33539 135874775416832 File /home/anton/4_sem_vsakoe/IGI_LR5_v2/.venv/lib/python3.10/site-packages/django/apps/registry.py first seen with mtime 1778162464.214155
DEBUG 2026-05-19 14:10:23,196 autoreload 33539 135874775416832 File /home/anton/4_sem_vsakoe/IGI_LR5_v2/.venv/lib/python3.10/site-packages/django/contrib/admin/decorators.py first seen with mtime 1778162464.4353824
DEBUG 2026-05-19 14:10:23,197 autoreload 33539 135874775416832 File /home/anton/4_sem_vsakoe/IGI_LR5_v2/.venv/lib/python3.10/site-packages/django/template/loaders/cached.py first seen with mtime 1778162466.4435337
DEBUG 2026-05-19 14:10:23,197 autoreload 33539 135874775416832 File /home/anton/4_sem_vsakoe/IGI_LR5_v2/.venv/lib/python3.10/site-packages/django/utils/dateformat.py first seen with mtime 1778162466.4601202
DEBUG 2026-05-19 14:10:23,197 autoreload 33539 135874775416832 File /usr/lib/python3.10/importlib/_common.py first seen with mtime 1772538992.0
DEBUG 2026-05-19 14:10:23,197 autoreload 33539 135874775416832 File /home/anton/4_sem_vsakoe/IGI_LR5_v2/.venv/lib/python3.10/site-packages/django/core/cache/backends/__init__.py first seen with mtime 1778162466.269375
DEBUG 2026-05-19 14:10:23,197 autoreload 33539 135874775416832 File /usr/lib/python3.10/zipfile.py first seen with mtime 1772538992.0
DEBUG 2026-05-19 14:10:23,197 autoreload 33539 135874775416832 File /usr/lib/python3.10/email/mime/message.py first seen with mtime 1772538992.0
DEBUG 2026-05-19 14:10:23,197 autoreload 33539 135874775416832 File /usr/lib/python3.10/genericpath.py first seen with mtime 1772538992.0
DEBUG 2026-05-19 14:10:23,197 autoreload 33539 135874775416832 File /home/anton/4_sem_vsakoe/IGI_LR5_v2/.venv/lib/python3.10/site-packages/django/db/backends/signals.py first seen with mtime 1778162466.3191347
DEBUG 2026-05-19 14:10:23,197 autoreload 33539 135874775416832 File /home/anton/4_sem_vsakoe/IGI_LR5_v2/.venv/lib/python3.10/site-packages/django/urls/conf.py first seen with mtime 1778162466.451827
DEBUG 2026-05-19 14:10:23,198 autoreload 33539 135874775416832 File /usr/lib/python3.10/lib-dynload/_sqlite3.cpython-310-x86_64-linux-gnu.so first seen with mtime 1772538992.0
DEBUG 2026-05-19 14:10:23,198 autoreload 33539 135874775416832 File /usr/lib/python3.10/pathlib.py first seen with mtime 1772538992.0
DEBUG 2026-05-19 14:10:23,198 autoreload 33539 135874775416832 File /home/anton/4_sem_vsakoe/IGI_LR5_v2/.venv/lib/python3.10/site-packages/django/db/models/enums.py first seen with mtime 1778162466.3688943
DEBUG 2026-05-19 14:10:23,198 autoreload 33539 135874775416832 File /home/anton/4_sem_vsakoe/IGI_LR5_v2/.venv/lib/python3.10/site-packages/django/template/loader.py first seen with mtime 1778162466.4435337
DEBUG 2026-05-19 14:10:23,199 autoreload 33539 135874775416832 File /home/anton/4_sem_vsakoe/IGI_LR5_v2/.venv/lib/python3.10/site-packages/django/core/checks/security/sessions.py first seen with mtime 1778162466.2776685
DEBUG 2026-05-19 14:10:23,199 autoreload 33539 135874775416832 File /usr/lib/python3.10/importlib/readers.py first seen with mtime 1772538992.0
DEBUG 2026-05-19 14:10:23,199 autoreload 33539 135874775416832 File /usr/lib/python3.10/uu.py first seen with mtime 1772538992.0
DEBUG 2026-05-19 14:10:23,199 autoreload 33539 135874775416832 File /home/anton/4_sem_vsakoe/IGI_LR5_v2/.venv/lib/python3.10/site-packages/django/templatetags/l10n.py first seen with mtime 1778162466.4435337
DEBUG 2026-05-19 14:10:23,199 autoreload 33539 135874775416832 File /usr/lib/python3.10/encodings/cp852.py first seen with mtime 1772538992.0
DEBUG 2026-05-19 14:10:23,199 autoreload 33539 135874775416832 File /home/anton/4_sem_vsakoe/IGI_LR5_v2/.venv/lib/python3.10/site-packages/django/core/cache/utils.py first seen with mtime 1778162466.269375
DEBUG 2026-05-19 14:10:23,199 autoreload 33539 135874775416832 File /home/anton/4_sem_vsakoe/IGI_LR5_v2/.venv/lib/python3.10/site-packages/django/db/models/functions/text.py first seen with mtime 1778162466.3813343
DEBUG 2026-05-19 14:10:23,199 autoreload 33539 135874775416832 File /home/anton/4_sem_vsakoe/IGI_LR5_v2/.venv/lib/python3.10/site-packages/django/template/loaders/__init__.py first seen with mtime 1778162466.4435337
DEBUG 2026-05-19 14:10:23,199 autoreload 33539 135874775416832 File /usr/lib/python3.10/contextvars.py first seen with mtime 1772538992.0
DEBUG 2026-05-19 14:10:23,200 autoreload 33539 135874775416832 File /home/anton/4_sem_vsakoe/IGI_LR5_v2/.venv/lib/python3.10/site-packages/django/urls/base.py first seen with mtime 1778162466.451827
DEBUG 2026-05-19 14:10:23,200 autoreload 33539 135874775416832 File /usr/lib/python3.10/email/_encoded_words.py first seen with mtime 1772538992.0
DEBUG 2026-05-19 14:10:23,200 autoreload 33539 135874775416832 File /usr/lib/python3.10/encodings/cp866.py first seen with mtime 1772538992.0
DEBUG 2026-05-19 14:10:23,200 autoreload 33539 135874775416832 File /usr/lib/python3.10/asyncio/tasks.py first seen with mtime 1772538992.0
DEBUG 2026-05-19 14:10:23,200 autoreload 33539 135874775416832 File /home/anton/4_sem_vsakoe/IGI_LR5_v2/carshop/catalog/models.py first seen with mtime 1778161820.0828426
DEBUG 2026-05-19 14:10:23,200 autoreload 33539 135874775416832 File /usr/lib/python3.10/operator.py first seen with mtime 1772538992.0
DEBUG 2026-05-19 14:10:23,200 autoreload 33539 135874775416832 File /home/anton/4_sem_vsakoe/IGI_LR5_v2/.venv/lib/python3.10/site-packages/sqlparse/engine/filter_stack.py first seen with mtime 1778152624.823165
DEBUG 2026-05-19 14:10:23,200 autoreload 33539 135874775416832 File /home/anton/4_sem_vsakoe/IGI_LR5_v2/.venv/lib/python3.10/site-packages/django/middleware/http.py first seen with mtime 1778162466.4352405
DEBUG 2026-05-19 14:10:23,201 autoreload 33539 135874775416832 File /usr/lib/python3.10/encodings/euc_kr.py first seen with mtime 1772538992.0
DEBUG 2026-05-19 14:10:23,201 autoreload 33539 135874775416832 File /home/anton/4_sem_vsakoe/IGI_LR5_v2/.venv/lib/python3.10/site-packages/django/utils/termcolors.py first seen with mtime 1778162466.4684136
DEBUG 2026-05-19 14:10:23,201 autoreload 33539 135874775416832 File /home/anton/4_sem_vsakoe/IGI_LR5_v2/.venv/lib/python3.10/site-packages/django/core/management/base.py first seen with mtime 1778162466.294255
DEBUG 2026-05-19 14:10:23,201 autoreload 33539 135874775416832 File /home/anton/4_sem_vsakoe/IGI_LR5_v2/.venv/lib/python3.10/site-packages/django/contrib/staticfiles/management/commands/__init__.py first seen with mtime 1778162466.261082
DEBUG 2026-05-19 14:10:23,201 autoreload 33539 135874775416832 File /usr/lib/python3.10/logging/config.py first seen with mtime 1772538992.0
DEBUG 2026-05-19 14:10:23,201 autoreload 33539 135874775416832 File /home/anton/4_sem_vsakoe/IGI_LR5_v2/carshop/users/apps.py first seen with mtime 1779184322.620537
DEBUG 2026-05-19 14:10:23,201 autoreload 33539 135874775416832 File /usr/lib/python3.10/zoneinfo/__init__.py first seen with mtime 1772538992.0
DEBUG 2026-05-19 14:10:23,201 autoreload 33539 135874775416832 File /home/anton/4_sem_vsakoe/IGI_LR5_v2/.venv/lib/python3.10/site-packages/django/contrib/auth/validators.py first seen with mtime 1778162464.8899043
DEBUG 2026-05-19 14:10:23,201 autoreload 33539 135874775416832 File /home/anton/4_sem_vsakoe/IGI_LR5_v2/.venv/lib/python3.10/site-packages/sqlparse/filters/__init__.py first seen with mtime 1778152624.823165
DEBUG 2026-05-19 14:10:23,202 autoreload 33539 135874775416832 File /home/anton/4_sem_vsakoe/IGI_LR5_v2/.venv/lib/python3.10/site-packages/django/utils/autoreload.py first seen with mtime 1778162466.4559736
DEBUG 2026-05-19 14:10:23,202 autoreload 33539 135874775416832 File /usr/lib/python3.10/csv.py first seen with mtime 1772538992.0
DEBUG 2026-05-19 14:10:23,202 autoreload 33539 135874775416832 File /home/anton/4_sem_vsakoe/IGI_LR5_v2/.venv/lib/python3.10/site-packages/django/contrib/admin/views/__init__.py first seen with mtime 1778162464.7451007
DEBUG 2026-05-19 14:10:23,202 autoreload 33539 135874775416832 File /usr/lib/python3.10/os.py first seen with mtime 1772538992.0
DEBUG 2026-05-19 14:10:23,202 autoreload 33539 135874775416832 File /home/anton/4_sem_vsakoe/IGI_LR5_v2/.venv/lib/python3.10/site-packages/django/db/models/fields/json.py first seen with mtime 1778162466.3771875
DEBUG 2026-05-19 14:10:23,202 autoreload 33539 135874775416832 File /home/anton/4_sem_vsakoe/IGI_LR5_v2/carshop/users/admin.py first seen with mtime 1778155802.597721
DEBUG 2026-05-19 14:10:23,202 autoreload 33539 135874775416832 File /home/anton/4_sem_vsakoe/IGI_LR5_v2/carshop/carshop/urls.py first seen with mtime 1779183378.2298298
DEBUG 2026-05-19 14:10:23,202 autoreload 33539 135874775416832 File /home/anton/4_sem_vsakoe/IGI_LR5_v2/.venv/lib/python3.10/site-packages/django/utils/asyncio.py first seen with mtime 1778162466.4559736
DEBUG 2026-05-19 14:10:23,203 autoreload 33539 135874775416832 File /home/anton/4_sem_vsakoe/IGI_LR5_v2/.venv/lib/python3.10/site-packages/django/db/backends/sqlite3/introspection.py first seen with mtime 1778162466.3440146
DEBUG 2026-05-19 14:10:23,203 autoreload 33539 135874775416832 File /usr/lib/python3.10/textwrap.py first seen with mtime 1772538992.0
DEBUG 2026-05-19 14:10:23,203 autoreload 33539 135874775416832 File /usr/lib/python3.10/encodings/iso8859_2.py first seen with mtime 1772538992.0
DEBUG 2026-05-19 14:10:23,203 autoreload 33539 135874775416832 File /usr/lib/python3.10/encodings/aliases.py first seen with mtime 1772538992.0
DEBUG 2026-05-19 14:10:23,203 autoreload 33539 135874775416832 File /home/anton/4_sem_vsakoe/IGI_LR5_v2/.venv/lib/python3.10/site-packages/django/views/__init__.py first seen with mtime 1778162466.4725602
DEBUG 2026-05-19 14:10:23,203 autoreload 33539 135874775416832 File /home/anton/4_sem_vsakoe/IGI_LR5_v2/.venv/lib/python3.10/site-packages/django/db/backends/base/__init__.py first seen with mtime 1778162466.3232813
DEBUG 2026-05-19 14:10:23,203 autoreload 33539 135874775416832 File /home/anton/4_sem_vsakoe/IGI_LR5_v2/.venv/lib/python3.10/site-packages/django/template/backends/__init__.py first seen with mtime 1778162466.4435337
DEBUG 2026-05-19 14:10:23,203 autoreload 33539 135874775416832 File /usr/lib/python3.10/shutil.py first seen with mtime 1772538992.0
DEBUG 2026-05-19 14:10:23,204 autoreload 33539 135874775416832 File /usr/lib/python3.10/encodings/cp865.py first seen with mtime 1772538992.0
DEBUG 2026-05-19 14:10:23,204 autoreload 33539 135874775416832 File /usr/lib/python3.10/statistics.py first seen with mtime 1772538992.0
DEBUG 2026-05-19 14:10:23,204 autoreload 33539 135874775416832 File /home/anton/4_sem_vsakoe/IGI_LR5_v2/carshop/catalog/apps.py first seen with mtime 1779183526.425373
DEBUG 2026-05-19 14:10:23,204 autoreload 33539 135874775416832 File /home/anton/4_sem_vsakoe/IGI_LR5_v2/.venv/lib/python3.10/site-packages/django/utils/connection.py first seen with mtime 1778162466.4559736
DEBUG 2026-05-19 14:10:23,204 autoreload 33539 135874775416832 File /home/anton/4_sem_vsakoe/IGI_LR5_v2/.venv/lib/python3.10/site-packages/django/db/backends/base/client.py first seen with mtime 1778162466.3232813
DEBUG 2026-05-19 14:10:23,204 autoreload 33539 135874775416832 File /home/anton/4_sem_vsakoe/IGI_LR5_v2/.venv/lib/python3.10/site-packages/django/views/decorators/csrf.py first seen with mtime 1778162466.4767067
DEBUG 2026-05-19 14:10:23,204 autoreload 33539 135874775416832 File /home/anton/4_sem_vsakoe/IGI_LR5_v2/.venv/lib/python3.10/site-packages/django/urls/resolvers.py first seen with mtime 1778162466.451827
DEBUG 2026-05-19 14:10:23,204 autoreload 33539 135874775416832 File /home/anton/4_sem_vsakoe/IGI_LR5_v2/.venv/lib/python3.10/site-packages/django/template/library.py first seen with mtime 1778162466.4435337
DEBUG 2026-05-19 14:10:23,205 autoreload 33539 135874775416832 File /usr/lib/python3.10/email/mime/text.py first seen with mtime 1772538992.0
DEBUG 2026-05-19 14:10:23,205 autoreload 33539 135874775416832 File /usr/lib/python3.10/lib-dynload/_decimal.cpython-310-x86_64-linux-gnu.so first seen with mtime 1772538992.0
DEBUG 2026-05-19 14:10:23,205 autoreload 33539 135874775416832 File /home/anton/4_sem_vsakoe/IGI_LR5_v2/.venv/lib/python3.10/site-packages/django/contrib/auth/management/__init__.py first seen with mtime 1778162465.0318182
DEBUG 2026-05-19 14:10:23,205 autoreload 33539 135874775416832 File /home/anton/4_sem_vsakoe/IGI_LR5_v2/.venv/lib/python3.10/site-packages/django/utils/deconstruct.py first seen with mtime 1778162466.4601202
DEBUG 2026-05-19 14:10:23,205 autoreload 33539 135874775416832 File /home/anton/4_sem_vsakoe/IGI_LR5_v2/.venv/lib/python3.10/site-packages/django/utils/itercompat.py first seen with mtime 1778162466.464267
DEBUG 2026-05-19 14:10:23,206 autoreload 33539 135874775416832 File /home/anton/4_sem_vsakoe/IGI_LR5_v2/.venv/lib/python3.10/site-packages/charset_normalizer/version.py first seen with mtime 1778162461.3340445
DEBUG 2026-05-19 14:10:23,206 autoreload 33539 135874775416832 File /usr/lib/python3.10/lib-dynload/_queue.cpython-310-x86_64-linux-gnu.so first seen with mtime 1772538992.0
DEBUG 2026-05-19 14:10:23,206 autoreload 33539 135874775416832 File /home/anton/4_sem_vsakoe/IGI_LR5_v2/.venv/lib/python3.10/site-packages/django/core/wsgi.py first seen with mtime 1778162466.2652285
DEBUG 2026-05-19 14:10:23,206 autoreload 33539 135874775416832 File /home/anton/4_sem_vsakoe/IGI_LR5_v2/.venv/lib/python3.10/site-packages/django/db/models/constraints.py first seen with mtime 1778162466.3688943
DEBUG 2026-05-19 14:10:23,207 autoreload 33539 135874775416832 File /home/anton/4_sem_vsakoe/IGI_LR5_v2/.venv/lib/python3.10/site-packages/django/conf/urls/__init__.py first seen with mtime 1778162464.4353824
DEBUG 2026-05-19 14:10:23,208 autoreload 33539 135874775416832 File /usr/lib/python3.10/pprint.py first seen with mtime 1772538992.0
DEBUG 2026-05-19 14:10:23,208 autoreload 33539 135874775416832 File /home/anton/4_sem_vsakoe/IGI_LR5_v2/.venv/lib/python3.10/site-packages/sqlparse/exceptions.py first seen with mtime 1778152624.8191655
DEBUG 2026-05-19 14:10:23,209 autoreload 33539 135874775416832 File /home/anton/4_sem_vsakoe/IGI_LR5_v2/.venv/lib/python3.10/site-packages/django/core/serializers/json.py first seen with mtime 1778162466.3108416
DEBUG 2026-05-19 14:10:23,209 autoreload 33539 135874775416832 File /home/anton/4_sem_vsakoe/IGI_LR5_v2/.venv/lib/python3.10/site-packages/django/db/models/fields/files.py first seen with mtime 1778162466.3771875
DEBUG 2026-05-19 14:10:23,209 autoreload 33539 135874775416832 File /home/anton/4_sem_vsakoe/IGI_LR5_v2/.venv/lib/python3.10/site-packages/urllib3/util/url.py first seen with mtime 1778162458.7033594
DEBUG 2026-05-19 14:10:23,209 autoreload 33539 135874775416832 File /home/anton/4_sem_vsakoe/IGI_LR5_v2/.venv/lib/python3.10/site-packages/requests/compat.py first seen with mtime 1778162461.4301424
DEBUG 2026-05-19 14:10:23,209 autoreload 33539 135874775416832 File /home/anton/4_sem_vsakoe/IGI_LR5_v2/.venv/lib/python3.10/site-packages/sqlparse/tokens.py first seen with mtime 1778152624.8191655
DEBUG 2026-05-19 14:10:23,210 autoreload 33539 135874775416832 File /usr/lib/python3.10/encodings/mac_cyrillic.py first seen with mtime 1772538992.0
DEBUG 2026-05-19 14:10:23,210 autoreload 33539 135874775416832 File /usr/lib/python3.10/_sitebuiltins.py first seen with mtime 1772538992.0
DEBUG 2026-05-19 14:10:23,210 autoreload 33539 135874775416832 File /home/anton/4_sem_vsakoe/IGI_LR5_v2/.venv/lib/python3.10/site-packages/django/db/models/fields/related.py first seen with mtime 1778162466.3771875
DEBUG 2026-05-19 14:10:23,210 autoreload 33539 135874775416832 File /home/anton/4_sem_vsakoe/IGI_LR5_v2/.venv/lib/python3.10/site-packages/django/contrib/auth/signals.py first seen with mtime 1778162464.885882
DEBUG 2026-05-19 14:10:23,211 autoreload 33539 135874775416832 File /home/anton/4_sem_vsakoe/IGI_LR5_v2/.venv/lib/python3.10/site-packages/sqlparse/utils.py first seen with mtime 1778152624.8191655
DEBUG 2026-05-19 14:10:23,211 autoreload 33539 135874775416832 File /home/anton/4_sem_vsakoe/IGI_LR5_v2/.venv/lib/python3.10/site-packages/urllib3/connection.py first seen with mtime 1778162458.691347
DEBUG 2026-05-19 14:10:23,211 autoreload 33539 135874775416832 File /usr/lib/python3.10/heapq.py first seen with mtime 1772538992.0
DEBUG 2026-05-19 14:10:23,211 autoreload 33539 135874775416832 File /home/anton/4_sem_vsakoe/IGI_LR5_v2/.venv/lib/python3.10/site-packages/django/db/models/deletion.py first seen with mtime 1778162466.3688943
DEBUG 2026-05-19 14:10:23,211 autoreload 33539 135874775416832 File /home/anton/4_sem_vsakoe/IGI_LR5_v2/.venv/lib/python3.10/site-packages/django/db/models/sql/where.py first seen with mtime 1778162466.3896275
DEBUG 2026-05-19 14:10:23,211 autoreload 33539 135874775416832 File /home/anton/4_sem_vsakoe/IGI_LR5_v2/.venv/lib/python3.10/site-packages/django/views/generic/base.py first seen with mtime 1778162466.4808533
DEBUG 2026-05-19 14:10:23,212 autoreload 33539 135874775416832 File /home/anton/4_sem_vsakoe/IGI_LR5_v2/.venv/lib/python3.10/site-packages/django/http/multipartparser.py first seen with mtime 1778162466.426947
DEBUG 2026-05-19 14:10:23,212 autoreload 33539 135874775416832 File /usr/lib/python3.10/functools.py first seen with mtime 1772538992.0
DEBUG 2026-05-19 14:10:23,212 autoreload 33539 135874775416832 File /usr/lib/python3.10/asyncio/base_tasks.py first seen with mtime 1772538992.0
DEBUG 2026-05-19 14:10:23,213 autoreload 33539 135874775416832 File /home/anton/4_sem_vsakoe/IGI_LR5_v2/.venv/lib/python3.10/site-packages/django/core/cache/backends/filebased.py first seen with mtime 1778162466.269375
DEBUG 2026-05-19 14:10:23,213 autoreload 33539 135874775416832 File /home/anton/4_sem_vsakoe/IGI_LR5_v2/.venv/lib/python3.10/site-packages/django/contrib/admin/views/autocomplete.py first seen with mtime 1778162464.7451007
DEBUG 2026-05-19 14:10:23,213 autoreload 33539 135874775416832 File /home/anton/4_sem_vsakoe/IGI_LR5_v2/.venv/lib/python3.10/site-packages/django/core/__init__.py first seen with mtime 1778162466.2652285
DEBUG 2026-05-19 14:10:23,213 autoreload 33539 135874775416832 File /usr/lib/python3.10/contextlib.py first seen with mtime 1772538992.0
DEBUG 2026-05-19 14:10:23,214 autoreload 33539 135874775416832 File /usr/lib/python3.10/uuid.py first seen with mtime 1772538992.0
DEBUG 2026-05-19 14:10:23,215 autoreload 33539 135874775416832 File /home/anton/4_sem_vsakoe/IGI_LR5_v2/.venv/lib/python3.10/site-packages/django/contrib/auth/tokens.py first seen with mtime 1778162464.885882
DEBUG 2026-05-19 14:10:23,216 autoreload 33539 135874775416832 File /usr/lib/python3.10/encodings/iso8859_16.py first seen with mtime 1772538992.0
DEBUG 2026-05-19 14:10:23,216 autoreload 33539 135874775416832 File /home/anton/4_sem_vsakoe/IGI_LR5_v2/.venv/lib/python3.10/site-packages/django/contrib/admin/helpers.py first seen with mtime 1778162464.4394047
DEBUG 2026-05-19 14:10:23,216 autoreload 33539 135874775416832 File /usr/lib/python3.10/mimetypes.py first seen with mtime 1772538992.0
DEBUG 2026-05-19 14:10:23,216 autoreload 33539 135874775416832 File /usr/lib/python3.10/collections/__init__.py first seen with mtime 1772538992.0
DEBUG 2026-05-19 14:10:23,216 autoreload 33539 135874775416832 File /usr/lib/python3.10/email/parser.py first seen with mtime 1772538992.0
DEBUG 2026-05-19 14:10:23,216 autoreload 33539 135874775416832 File /usr/lib/python3.10/email/mime/base.py first seen with mtime 1772538992.0
DEBUG 2026-05-19 14:10:23,216 autoreload 33539 135874775416832 File /home/anton/4_sem_vsakoe/IGI_LR5_v2/.venv/lib/python3.10/site-packages/django/contrib/auth/apps.py first seen with mtime 1778162464.8818595
DEBUG 2026-05-19 14:10:23,217 autoreload 33539 135874775416832 File /usr/lib/python3.10/shlex.py first seen with mtime 1772538992.0
DEBUG 2026-05-19 14:10:23,217 autoreload 33539 135874775416832 File /usr/lib/python3.10/copy.py first seen with mtime 1772538992.0
DEBUG 2026-05-19 14:10:23,217 autoreload 33539 135874775416832 File /usr/lib/python3.10/importlib/metadata/_functools.py first seen with mtime 1772538992.0
DEBUG 2026-05-19 14:10:23,217 autoreload 33539 135874775416832 File /home/anton/4_sem_vsakoe/IGI_LR5_v2/.venv/lib/python3.10/site-packages/django/views/decorators/debug.py first seen with mtime 1778162466.4767067
DEBUG 2026-05-19 14:10:23,217 autoreload 33539 135874775416832 File /home/anton/4_sem_vsakoe/IGI_LR5_v2/.venv/lib/python3.10/site-packages/django/core/checks/templates.py first seen with mtime 1778162466.2735217
DEBUG 2026-05-19 14:10:23,217 autoreload 33539 135874775416832 File /home/anton/4_sem_vsakoe/IGI_LR5_v2/.venv/lib/python3.10/site-packages/requests/__version__.py first seen with mtime 1778162461.4301424
DEBUG 2026-05-19 14:10:23,217 autoreload 33539 135874775416832 File /home/anton/4_sem_vsakoe/IGI_LR5_v2/.venv/lib/python3.10/site-packages/django/core/files/utils.py first seen with mtime 1778162466.281815
DEBUG 2026-05-19 14:10:23,217 autoreload 33539 135874775416832 File /usr/lib/python3.10/importlib/metadata/_meta.py first seen with mtime 1772538992.0
DEBUG 2026-05-19 14:10:23,218 autoreload 33539 135874775416832 File /home/anton/4_sem_vsakoe/IGI_LR5_v2/.venv/lib/python3.10/site-packages/urllib3/_version.py first seen with mtime 1778162458.691347
DEBUG 2026-05-19 14:10:23,218 autoreload 33539 135874775416832 File /usr/lib/python3.10/encodings/cp1252.py first seen with mtime 1772538992.0
DEBUG 2026-05-19 14:10:23,218 autoreload 33539 135874775416832 File /home/anton/4_sem_vsakoe/IGI_LR5_v2/.venv/lib/python3.10/site-packages/certifi/__init__.py first seen with mtime 1778162461.3941057
DEBUG 2026-05-19 14:10:23,218 autoreload 33539 135874775416832 File /home/anton/4_sem_vsakoe/IGI_LR5_v2/.venv/lib/python3.10/site-packages/django/contrib/auth/admin.py first seen with mtime 1778162464.8818595
DEBUG 2026-05-19 14:10:23,218 autoreload 33539 135874775416832 File /home/anton/4_sem_vsakoe/IGI_LR5_v2/.venv/lib/python3.10/site-packages/charset_normalizer/models.py first seen with mtime 1778162461.3340445
DEBUG 2026-05-19 14:10:23,218 autoreload 33539 135874775416832 File /home/anton/4_sem_vsakoe/IGI_LR5_v2/.venv/lib/python3.10/site-packages/django/core/checks/urls.py first seen with mtime 1778162466.2735217
DEBUG 2026-05-19 14:10:23,219 autoreload 33539 135874775416832 File /home/anton/4_sem_vsakoe/IGI_LR5_v2/.venv/lib/python3.10/site-packages/django/contrib/staticfiles/views.py first seen with mtime 1778162466.261082
DEBUG 2026-05-19 14:10:23,219 autoreload 33539 135874775416832 File /home/anton/4_sem_vsakoe/IGI_LR5_v2/.venv/lib/python3.10/site-packages/urllib3/filepost.py first seen with mtime 1778162458.691347
DEBUG 2026-05-19 14:10:23,219 autoreload 33539 135874775416832 File /home/anton/4_sem_vsakoe/IGI_LR5_v2/carshop/catalog/urls.py first seen with mtime 1779183763.9818764
DEBUG 2026-05-19 14:10:23,219 autoreload 33539 135874775416832 File /usr/lib/python3.10/email/charset.py first seen with mtime 1772538992.0
DEBUG 2026-05-19 14:10:23,219 autoreload 33539 135874775416832 File /usr/lib/python3.10/lzma.py first seen with mtime 1772538992.0
DEBUG 2026-05-19 14:10:23,219 autoreload 33539 135874775416832 File /home/anton/4_sem_vsakoe/IGI_LR5_v2/.venv/lib/python3.10/site-packages/django/template/__init__.py first seen with mtime 1778162466.4352405
DEBUG 2026-05-19 14:10:23,219 autoreload 33539 135874775416832 File /home/anton/4_sem_vsakoe/IGI_LR5_v2/.venv/lib/python3.10/site-packages/django/http/cookie.py first seen with mtime 1778162466.426947
DEBUG 2026-05-19 14:10:23,219 autoreload 33539 135874775416832 File /home/anton/4_sem_vsakoe/IGI_LR5_v2/.venv/lib/python3.10/site-packages/django/db/models/fields/related_lookups.py first seen with mtime 1778162466.3813343
DEBUG 2026-05-19 14:10:23,220 autoreload 33539 135874775416832 File /usr/lib/python3.10/abc.py first seen with mtime 1772538992.0
DEBUG 2026-05-19 14:10:23,220 autoreload 33539 135874775416832 File /home/anton/4_sem_vsakoe/IGI_LR5_v2/.venv/lib/python3.10/site-packages/sqlparse/filters/reindent.py first seen with mtime 1778152624.823165
DEBUG 2026-05-19 14:10:23,220 autoreload 33539 135874775416832 File /usr/lib/python3.10/urllib/__init__.py first seen with mtime 1772538992.0
DEBUG 2026-05-19 14:10:23,220 autoreload 33539 135874775416832 File /usr/lib/python3.10/inspect.py first seen with mtime 1772538992.0
DEBUG 2026-05-19 14:10:23,220 autoreload 33539 135874775416832 File /home/anton/4_sem_vsakoe/IGI_LR5_v2/.venv/lib/python3.10/site-packages/django/contrib/admin/__init__.py first seen with mtime 1778162464.4353824
DEBUG 2026-05-19 14:10:23,220 autoreload 33539 135874775416832 File /home/anton/4_sem_vsakoe/IGI_LR5_v2/.venv/lib/python3.10/site-packages/django/forms/__init__.py first seen with mtime 1778162466.3896275
DEBUG 2026-05-19 14:10:23,220 autoreload 33539 135874775416832 File /home/anton/4_sem_vsakoe/IGI_LR5_v2/.venv/lib/python3.10/site-packages/charset_normalizer/cd.cpython-310-x86_64-linux-gnu.so first seen with mtime 1778162461.3300405
DEBUG 2026-05-19 14:10:23,221 autoreload 33539 135874775416832 File /home/anton/4_sem_vsakoe/IGI_LR5_v2/.venv/lib/python3.10/site-packages/django/conf/locale/__init__.py first seen with mtime 1778162464.2181773
DEBUG 2026-05-19 14:10:23,221 autoreload 33539 135874775416832 File /home/anton/4_sem_vsakoe/IGI_LR5_v2/.venv/lib/python3.10/site-packages/django/db/backends/sqlite3/operations.py first seen with mtime 1778162466.3440146
DEBUG 2026-05-19 14:10:23,221 autoreload 33539 135874775416832 File /home/anton/4_sem_vsakoe/IGI_LR5_v2/.venv/lib/python3.10/site-packages/django/contrib/admin/models.py first seen with mtime 1778162464.4394047
DEBUG 2026-05-19 14:10:23,221 autoreload 33539 135874775416832 File /home/anton/4_sem_vsakoe/IGI_LR5_v2/.venv/lib/python3.10/site-packages/django/contrib/staticfiles/finders.py first seen with mtime 1778162466.2569351
DEBUG 2026-05-19 14:10:23,221 autoreload 33539 135874775416832 File /home/anton/4_sem_vsakoe/IGI_LR5_v2/.venv/lib/python3.10/site-packages/charset_normalizer/api.py first seen with mtime 1778162461.3300405
DEBUG 2026-05-19 14:10:23,221 autoreload 33539 135874775416832 File /home/anton/4_sem_vsakoe/IGI_LR5_v2/.venv/lib/python3.10/site-packages/django/forms/models.py first seen with mtime 1778162466.393774
DEBUG 2026-05-19 14:10:23,221 autoreload 33539 135874775416832 File /home/anton/4_sem_vsakoe/IGI_LR5_v2/.venv/lib/python3.10/site-packages/django/views/decorators/http.py first seen with mtime 1778162466.4767067
DEBUG 2026-05-19 14:10:23,221 autoreload 33539 135874775416832 File /home/anton/4_sem_vsakoe/IGI_LR5_v2/.venv/lib/python3.10/site-packages/django/utils/deprecation.py first seen with mtime 1778162466.4601202
DEBUG 2026-05-19 14:10:23,222 autoreload 33539 135874775416832 File /usr/lib/python3.10/encodings/mac_roman.py first seen with mtime 1772538992.0
DEBUG 2026-05-19 14:10:23,222 autoreload 33539 135874775416832 File /usr/lib/python3.10/sre_compile.py first seen with mtime 1772538992.0
DEBUG 2026-05-19 14:10:23,222 autoreload 33539 135874775416832 File /usr/lib/python3.10/wsgiref/headers.py first seen with mtime 1772538992.0
DEBUG 2026-05-19 14:10:23,222 autoreload 33539 135874775416832 File /home/anton/4_sem_vsakoe/IGI_LR5_v2/.venv/lib/python3.10/site-packages/django/core/handlers/base.py first seen with mtime 1778162466.2859616
DEBUG 2026-05-19 14:10:23,222 autoreload 33539 135874775416832 File /etc/python3.10/sitecustomize.py first seen with mtime 1648890259.0
DEBUG 2026-05-19 14:10:23,222 autoreload 33539 135874775416832 File /usr/lib/python3.10/stringprep.py first seen with mtime 1772538992.0
DEBUG 2026-05-19 14:10:23,222 autoreload 33539 135874775416832 File /home/anton/4_sem_vsakoe/IGI_LR5_v2/.venv/lib/python3.10/site-packages/urllib3/util/response.py first seen with mtime 1778162458.6993551
DEBUG 2026-05-19 14:10:23,222 autoreload 33539 135874775416832 File /usr/lib/python3.10/multiprocessing/context.py first seen with mtime 1772538992.0
DEBUG 2026-05-19 14:10:23,223 autoreload 33539 135874775416832 File /usr/lib/python3.10/encodings/johab.py first seen with mtime 1772538992.0
DEBUG 2026-05-19 14:10:23,223 autoreload 33539 135874775416832 File /home/anton/4_sem_vsakoe/IGI_LR5_v2/.venv/lib/python3.10/site-packages/django/contrib/staticfiles/management/__init__.py first seen with mtime 1778162466.261082
DEBUG 2026-05-19 14:10:23,223 autoreload 33539 135874775416832 File /home/anton/4_sem_vsakoe/IGI_LR5_v2/.venv/lib/python3.10/site-packages/django/contrib/contenttypes/views.py first seen with mtime 1778162465.0443878
DEBUG 2026-05-19 14:10:23,223 autoreload 33539 135874775416832 File /home/anton/4_sem_vsakoe/IGI_LR5_v2/.venv/lib/python3.10/site-packages/django/contrib/sessions/base_session.py first seen with mtime 1778162465.9581287
DEBUG 2026-05-19 14:10:23,223 autoreload 33539 135874775416832 File /usr/lib/python3.10/encodings/cp1255.py first seen with mtime 1772538992.0
DEBUG 2026-05-19 14:10:23,223 autoreload 33539 135874775416832 File /usr/lib/python3.10/lib-dynload/_asyncio.cpython-310-x86_64-linux-gnu.so first seen with mtime 1772538992.0
DEBUG 2026-05-19 14:10:23,223 autoreload 33539 135874775416832 File /home/anton/4_sem_vsakoe/IGI_LR5_v2/.venv/lib/python3.10/site-packages/django/db/models/signals.py first seen with mtime 1778162466.373041
DEBUG 2026-05-19 14:10:23,224 autoreload 33539 135874775416832 File /usr/lib/python3.10/importlib/metadata/__init__.py first seen with mtime 1772538992.0
DEBUG 2026-05-19 14:10:23,224 autoreload 33539 135874775416832 File /home/anton/4_sem_vsakoe/IGI_LR5_v2/.venv/lib/python3.10/site-packages/django/db/models/sql/__init__.py first seen with mtime 1778162466.3854809
DEBUG 2026-05-19 14:10:23,224 autoreload 33539 135874775416832 File /home/anton/4_sem_vsakoe/IGI_LR5_v2/.venv/lib/python3.10/site-packages/decouple.py first seen with mtime 1778162458.6232772
DEBUG 2026-05-19 14:10:23,224 autoreload 33539 135874775416832 File /usr/lib/python3.10/encodings/iso8859_11.py first seen with mtime 1772538992.0
DEBUG 2026-05-19 14:10:23,224 autoreload 33539 135874775416832 File /home/anton/4_sem_vsakoe/IGI_LR5_v2/.venv/lib/python3.10/site-packages/django/contrib/staticfiles/checks.py first seen with mtime 1778162466.2569351
DEBUG 2026-05-19 14:10:23,224 autoreload 33539 135874775416832 File /home/anton/4_sem_vsakoe/IGI_LR5_v2/.venv/lib/python3.10/site-packages/django/core/checks/security/csrf.py first seen with mtime 1778162466.2776685
DEBUG 2026-05-19 14:10:23,224 autoreload 33539 135874775416832 File /home/anton/4_sem_vsakoe/IGI_LR5_v2/.venv/lib/python3.10/site-packages/django/core/management/color.py first seen with mtime 1778162466.294255
DEBUG 2026-05-19 14:10:23,225 autoreload 33539 135874775416832 File /usr/lib/python3.10/locale.py first seen with mtime 1772538992.0
DEBUG 2026-05-19 14:10:23,225 autoreload 33539 135874775416832 File /home/anton/4_sem_vsakoe/IGI_LR5_v2/.venv/lib/python3.10/site-packages/asgiref/sync.py first seen with mtime 1778152624.8831575
DEBUG 2026-05-19 14:10:23,225 autoreload 33539 135874775416832 File /home/anton/4_sem_vsakoe/IGI_LR5_v2/.venv/lib/python3.10/site-packages/django/dispatch/dispatcher.py first seen with mtime 1778162466.3896275
DEBUG 2026-05-19 14:10:23,225 autoreload 33539 135874775416832 File /usr/lib/python3.10/encodings/cp1256.py first seen with mtime 1772538992.0
DEBUG 2026-05-19 14:10:23,225 autoreload 33539 135874775416832 File /usr/lib/python3.10/encodings/euc_jisx0213.py first seen with mtime 1772538992.0
DEBUG 2026-05-19 14:10:23,225 autoreload 33539 135874775416832 File /usr/lib/python3.10/numbers.py first seen with mtime 1772538992.0
DEBUG 2026-05-19 14:10:23,225 autoreload 33539 135874775416832 File /usr/lib/python3.10/calendar.py first seen with mtime 1772538992.0
DEBUG 2026-05-19 14:10:23,225 autoreload 33539 135874775416832 File /usr/lib/python3.10/__future__.py first seen with mtime 1772538992.0
DEBUG 2026-05-19 14:10:23,226 autoreload 33539 135874775416832 File /usr/lib/python3.10/encodings/iso8859_10.py first seen with mtime 1772538992.0
DEBUG 2026-05-19 14:10:23,226 autoreload 33539 135874775416832 File /home/anton/4_sem_vsakoe/IGI_LR5_v2/.venv/lib/python3.10/site-packages/django/contrib/staticfiles/utils.py first seen with mtime 1778162466.261082
DEBUG 2026-05-19 14:10:23,226 autoreload 33539 135874775416832 File /home/anton/4_sem_vsakoe/IGI_LR5_v2/.venv/lib/python3.10/site-packages/django/db/__init__.py first seen with mtime 1778162466.3191347
DEBUG 2026-05-19 14:10:23,226 autoreload 33539 135874775416832 File /usr/lib/python3.10/codecs.py first seen with mtime 1772538992.0
DEBUG 2026-05-19 14:10:23,226 autoreload 33539 135874775416832 File /home/anton/4_sem_vsakoe/IGI_LR5_v2/.venv/lib/python3.10/site-packages/django/forms/forms.py first seen with mtime 1778162466.393774
DEBUG 2026-05-19 14:10:23,226 autoreload 33539 135874775416832 File /home/anton/4_sem_vsakoe/IGI_LR5_v2/.venv/lib/python3.10/site-packages/django/urls/__init__.py first seen with mtime 1778162466.451827
DEBUG 2026-05-19 14:10:23,226 autoreload 33539 135874775416832 File /home/anton/4_sem_vsakoe/IGI_LR5_v2/.venv/lib/python3.10/site-packages/django/utils/decorators.py first seen with mtime 1778162466.4601202
DEBUG 2026-05-19 14:10:23,227 autoreload 33539 135874775416832 File /home/anton/4_sem_vsakoe/IGI_LR5_v2/.venv/lib/python3.10/site-packages/django/middleware/csrf.py first seen with mtime 1778162466.4352405
DEBUG 2026-05-19 14:10:23,227 autoreload 33539 135874775416832 File /usr/lib/python3.10/encodings/cp950.py first seen with mtime 1772538992.0
DEBUG 2026-05-19 14:10:23,227 autoreload 33539 135874775416832 File /usr/lib/python3.10/asyncio/transports.py first seen with mtime 1772538992.0
DEBUG 2026-05-19 14:10:23,227 autoreload 33539 135874775416832 File /home/anton/4_sem_vsakoe/IGI_LR5_v2/.venv/lib/python3.10/site-packages/django/contrib/messages/api.py first seen with mtime 1778162465.7122414
DEBUG 2026-05-19 14:10:23,227 autoreload 33539 135874775416832 File /home/anton/4_sem_vsakoe/IGI_LR5_v2/.venv/lib/python3.10/site-packages/urllib3/_request_methods.py first seen with mtime 1778162458.691347
DEBUG 2026-05-19 14:10:23,227 autoreload 33539 135874775416832 File /usr/lib/python3.10/_collections_abc.py first seen with mtime 1772538992.0
DEBUG 2026-05-19 14:10:23,228 autoreload 33539 135874775416832 File /home/anton/4_sem_vsakoe/IGI_LR5_v2/.venv/lib/python3.10/site-packages/django/core/management/commands/runserver.py first seen with mtime 1778162466.3066947
DEBUG 2026-05-19 14:10:23,228 autoreload 33539 135874775416832 File /usr/lib/python3.10/lib-dynload/_lzma.cpython-310-x86_64-linux-gnu.so first seen with mtime 1772538992.0
DEBUG 2026-05-19 14:10:23,228 autoreload 33539 135874775416832 File /home/anton/4_sem_vsakoe/IGI_LR5_v2/.venv/lib/python3.10/site-packages/django/forms/fields.py first seen with mtime 1778162466.3896275
DEBUG 2026-05-19 14:10:23,228 autoreload 33539 135874775416832 File /usr/lib/python3.10/fnmatch.py first seen with mtime 1772538992.0
DEBUG 2026-05-19 14:10:23,228 autoreload 33539 135874775416832 File /usr/lib/python3.10/asyncio/selector_events.py first seen with mtime 1772538992.0
DEBUG 2026-05-19 14:10:23,228 autoreload 33539 135874775416832 File /home/anton/4_sem_vsakoe/IGI_LR5_v2/.venv/lib/python3.10/site-packages/django/utils/hashable.py first seen with mtime 1778162466.4601202
DEBUG 2026-05-19 14:10:23,228 autoreload 33539 135874775416832 File /home/anton/4_sem_vsakoe/IGI_LR5_v2/.venv/lib/python3.10/site-packages/django/core/management/__init__.py first seen with mtime 1778162466.2901082
DEBUG 2026-05-19 14:10:23,228 autoreload 33539 135874775416832 File /usr/lib/python3.10/asyncio/threads.py first seen with mtime 1772538992.0
DEBUG 2026-05-19 14:10:23,229 autoreload 33539 135874775416832 File /home/anton/4_sem_vsakoe/IGI_LR5_v2/.venv/lib/python3.10/site-packages/django/views/debug.py first seen with mtime 1778162466.4725602
DEBUG 2026-05-19 14:10:23,229 autoreload 33539 135874775416832 File /home/anton/4_sem_vsakoe/IGI_LR5_v2/.venv/lib/python3.10/site-packages/django/core/files/storage/handler.py first seen with mtime 1778162466.2859616
DEBUG 2026-05-19 14:10:23,229 autoreload 33539 135874775416832 File /home/anton/4_sem_vsakoe/IGI_LR5_v2/.venv/lib/python3.10/site-packages/django/forms/boundfield.py first seen with mtime 1778162466.3896275
DEBUG 2026-05-19 14:10:23,229 autoreload 33539 135874775416832 File /usr/lib/python3.10/encodings/iso2022_kr.py first seen with mtime 1772538992.0
DEBUG 2026-05-19 14:10:23,229 autoreload 33539 135874775416832 File /usr/lib/python3.10/encodings/cp500.py first seen with mtime 1772538992.0
DEBUG 2026-05-19 14:10:23,229 autoreload 33539 135874775416832 File /usr/lib/python3.10/hashlib.py first seen with mtime 1772538992.0
DEBUG 2026-05-19 14:10:23,229 autoreload 33539 135874775416832 File /home/anton/4_sem_vsakoe/IGI_LR5_v2/.venv/lib/python3.10/site-packages/urllib3/http2/probe.py first seen with mtime 1778162458.6993551
DEBUG 2026-05-19 14:10:23,230 autoreload 33539 135874775416832 File /home/anton/4_sem_vsakoe/IGI_LR5_v2/.venv/lib/python3.10/site-packages/django/contrib/contenttypes/checks.py first seen with mtime 1778162465.040198
DEBUG 2026-05-19 14:10:23,230 autoreload 33539 135874775416832 File /usr/lib/python3.10/encodings/cp860.py first seen with mtime 1772538992.0
DEBUG 2026-05-19 14:10:23,230 autoreload 33539 135874775416832 File /usr/lib/python3.10/importlib/metadata/_collections.py first seen with mtime 1772538992.0
DEBUG 2026-05-19 14:10:23,230 autoreload 33539 135874775416832 File /home/anton/4_sem_vsakoe/IGI_LR5_v2/.venv/lib/python3.10/site-packages/django/contrib/admin/sites.py first seen with mtime 1778162464.4394047
DEBUG 2026-05-19 14:10:23,231 autoreload 33539 135874775416832 File /home/anton/4_sem_vsakoe/IGI_LR5_v2/.venv/lib/python3.10/site-packages/django/views/generic/detail.py first seen with mtime 1778162466.4808533
DEBUG 2026-05-19 14:10:23,231 autoreload 33539 135874775416832 File /home/anton/4_sem_vsakoe/IGI_LR5_v2/.venv/lib/python3.10/site-packages/django/contrib/sessions/apps.py first seen with mtime 1778162465.9581287
DEBUG 2026-05-19 14:10:23,232 autoreload 33539 135874775416832 File /home/anton/4_sem_vsakoe/IGI_LR5_v2/.venv/lib/python3.10/site-packages/django/middleware/cache.py first seen with mtime 1778162466.431094
DEBUG 2026-05-19 14:10:23,232 autoreload 33539 135874775416832 File /usr/lib/python3.10/keyword.py first seen with mtime 1772538992.0
DEBUG 2026-05-19 14:10:23,233 autoreload 33539 135874775416832 File /usr/lib/python3.10/queue.py first seen with mtime 1772538992.0
DEBUG 2026-05-19 14:10:23,233 autoreload 33539 135874775416832 File /usr/lib/python3.10/quopri.py first seen with mtime 1772538992.0
DEBUG 2026-05-19 14:10:23,233 autoreload 33539 135874775416832 File /home/anton/4_sem_vsakoe/IGI_LR5_v2/.venv/lib/python3.10/site-packages/django/http/request.py first seen with mtime 1778162466.426947
DEBUG 2026-05-19 14:10:23,233 autoreload 33539 135874775416832 File /usr/lib/python3.10/typing.py first seen with mtime 1772538992.0
DEBUG 2026-05-19 14:10:23,233 autoreload 33539 135874775416832 File /usr/lib/python3.10/encodings/cp949.py first seen with mtime 1772538992.0
DEBUG 2026-05-19 14:10:23,233 autoreload 33539 135874775416832 File /home/anton/4_sem_vsakoe/IGI_LR5_v2/.venv/lib/python3.10/site-packages/django/db/models/functions/math.py first seen with mtime 1778162466.3813343
DEBUG 2026-05-19 14:10:23,233 autoreload 33539 135874775416832 File /home/anton/4_sem_vsakoe/IGI_LR5_v2/.venv/lib/python3.10/site-packages/requests/exceptions.py first seen with mtime 1778162461.4301424
DEBUG 2026-05-19 14:10:23,234 autoreload 33539 135874775416832 File /usr/lib/python3.10/encodings/iso8859_13.py first seen with mtime 1772538992.0
DEBUG 2026-05-19 14:10:23,234 autoreload 33539 135874775416832 File /home/anton/4_sem_vsakoe/IGI_LR5_v2/carshop/users/views.py first seen with mtime 1779184653.0972416
DEBUG 2026-05-19 14:10:23,234 autoreload 33539 135874775416832 File /home/anton/4_sem_vsakoe/IGI_LR5_v2/.venv/lib/python3.10/site-packages/django/db/backends/base/introspection.py first seen with mtime 1778162466.3232813
DEBUG 2026-05-19 14:10:23,234 autoreload 33539 135874775416832 File /usr/lib/python3.10/encodings/iso2022_jp_2.py first seen with mtime 1772538992.0
DEBUG 2026-05-19 14:10:23,234 autoreload 33539 135874775416832 File /home/anton/4_sem_vsakoe/IGI_LR5_v2/.venv/lib/python3.10/site-packages/django/utils/crypto.py first seen with mtime 1778162466.4559736
DEBUG 2026-05-19 14:10:23,234 autoreload 33539 135874775416832 File /home/anton/4_sem_vsakoe/IGI_LR5_v2/.venv/lib/python3.10/site-packages/django/db/models/sql/datastructures.py first seen with mtime 1778162466.3854809
DEBUG 2026-05-19 14:10:23,235 autoreload 33539 135874775416832 File /home/anton/4_sem_vsakoe/IGI_LR5_v2/.venv/lib/python3.10/site-packages/django/templatetags/static.py first seen with mtime 1778162466.4435337
DEBUG 2026-05-19 14:10:23,235 autoreload 33539 135874775416832 File /home/anton/4_sem_vsakoe/IGI_LR5_v2/.venv/lib/python3.10/site-packages/requests/utils.py first seen with mtime 1778162461.4341464
DEBUG 2026-05-19 14:10:23,235 autoreload 33539 135874775416832 File /home/anton/4_sem_vsakoe/IGI_LR5_v2/.venv/lib/python3.10/site-packages/urllib3/http2/__init__.py first seen with mtime 1778162458.6993551
DEBUG 2026-05-19 14:10:23,235 autoreload 33539 135874775416832 File /home/anton/4_sem_vsakoe/IGI_LR5_v2/.venv/lib/python3.10/site-packages/urllib3/util/retry.py first seen with mtime 1778162458.7033594
DEBUG 2026-05-19 14:10:23,235 autoreload 33539 135874775416832 File /home/anton/4_sem_vsakoe/IGI_LR5_v2/.venv/lib/python3.10/site-packages/django/db/models/constants.py first seen with mtime 1778162466.3688943
DEBUG 2026-05-19 14:10:23,235 autoreload 33539 135874775416832 File /home/anton/4_sem_vsakoe/IGI_LR5_v2/.venv/lib/python3.10/site-packages/django/templatetags/cache.py first seen with mtime 1778162466.4435337
DEBUG 2026-05-19 14:10:23,235 autoreload 33539 135874775416832 File /home/anton/4_sem_vsakoe/IGI_LR5_v2/.venv/lib/python3.10/site-packages/django/utils/functional.py first seen with mtime 1778162466.4601202
DEBUG 2026-05-19 14:10:23,236 autoreload 33539 135874775416832 File /home/anton/4_sem_vsakoe/IGI_LR5_v2/.venv/lib/python3.10/site-packages/django/core/checks/registry.py first seen with mtime 1778162466.2735217
DEBUG 2026-05-19 14:10:23,236 autoreload 33539 135874775416832 File /usr/lib/python3.10/lib-dynload/_codecs_iso2022.cpython-310-x86_64-linux-gnu.so first seen with mtime 1772538992.0
DEBUG 2026-05-19 14:10:23,236 autoreload 33539 135874775416832 File /usr/lib/python3.10/email/headerregistry.py first seen with mtime 1772538992.0
DEBUG 2026-05-19 14:10:23,236 autoreload 33539 135874775416832 File /home/anton/4_sem_vsakoe/IGI_LR5_v2/.venv/lib/python3.10/site-packages/django/core/handlers/exception.py first seen with mtime 1778162466.2859616
DEBUG 2026-05-19 14:10:23,236 autoreload 33539 135874775416832 File /usr/lib/python3.10/encodings/iso2022_jp_3.py first seen with mtime 1772538992.0
DEBUG 2026-05-19 14:10:23,236 autoreload 33539 135874775416832 File /home/anton/4_sem_vsakoe/IGI_LR5_v2/carshop/catalog/views.py first seen with mtime 1778484297.2427235
DEBUG 2026-05-19 14:10:23,236 autoreload 33539 135874775416832 File /usr/lib/python3.10/zoneinfo/_common.py first seen with mtime 1772538992.0
DEBUG 2026-05-19 14:10:23,236 autoreload 33539 135874775416832 File /usr/lib/python3.10/lib-dynload/_codecs_kr.cpython-310-x86_64-linux-gnu.so first seen with mtime 1772538992.0
DEBUG 2026-05-19 14:10:23,237 autoreload 33539 135874775416832 File /usr/lib/python3.10/encodings/ascii.py first seen with mtime 1772538992.0
DEBUG 2026-05-19 14:10:23,237 autoreload 33539 135874775416832 File /home/anton/4_sem_vsakoe/IGI_LR5_v2/.venv/lib/python3.10/site-packages/django/template/engine.py first seen with mtime 1778162466.4435337
DEBUG 2026-05-19 14:10:23,237 autoreload 33539 135874775416832 File /home/anton/4_sem_vsakoe/IGI_LR5_v2/.venv/lib/python3.10/site-packages/django/db/models/base.py first seen with mtime 1778162466.3647478
DEBUG 2026-05-19 14:10:23,237 autoreload 33539 135874775416832 File /home/anton/4_sem_vsakoe/IGI_LR5_v2/.venv/lib/python3.10/site-packages/django/contrib/contenttypes/forms.py first seen with mtime 1778162465.0443878
DEBUG 2026-05-19 14:10:23,237 autoreload 33539 135874775416832 File /home/anton/4_sem_vsakoe/IGI_LR5_v2/.venv/lib/python3.10/site-packages/django/core/cache/__init__.py first seen with mtime 1778162466.2652285
DEBUG 2026-05-19 14:10:23,237 autoreload 33539 135874775416832 File /home/anton/4_sem_vsakoe/IGI_LR5_v2/.venv/lib/python3.10/site-packages/django/utils/topological_sort.py first seen with mtime 1778162466.4684136
DEBUG 2026-05-19 14:10:23,237 autoreload 33539 135874775416832 File /home/anton/4_sem_vsakoe/IGI_LR5_v2/.venv/lib/python3.10/site-packages/django/utils/http.py first seen with mtime 1778162466.464267
DEBUG 2026-05-19 14:10:23,238 autoreload 33539 135874775416832 File /usr/lib/python3.10/_weakrefset.py first seen with mtime 1772538992.0
DEBUG 2026-05-19 14:10:23,238 autoreload 33539 135874775416832 File /usr/lib/python3.10/wsgiref/simple_server.py first seen with mtime 1772538992.0
DEBUG 2026-05-19 14:10:23,238 autoreload 33539 135874775416832 File /home/anton/4_sem_vsakoe/IGI_LR5_v2/.venv/lib/python3.10/site-packages/django/contrib/sites/__init__.py first seen with mtime 1778162466.1325362
DEBUG 2026-05-19 14:10:23,238 autoreload 33539 135874775416832 File /home/anton/4_sem_vsakoe/IGI_LR5_v2/.venv/lib/python3.10/site-packages/django/utils/module_loading.py first seen with mtime 1778162466.4684136
DEBUG 2026-05-19 14:10:23,238 autoreload 33539 135874775416832 File /usr/lib/python3.10/gettext.py first seen with mtime 1772538992.0
DEBUG 2026-05-19 14:10:23,238 autoreload 33539 135874775416832 File /usr/lib/python3.10/encodings/utf_8.py first seen with mtime 1772538992.0
DEBUG 2026-05-19 14:10:23,239 autoreload 33539 135874775416832 File /home/anton/4_sem_vsakoe/IGI_LR5_v2/.venv/lib/python3.10/site-packages/django/views/generic/__init__.py first seen with mtime 1778162466.4767067
DEBUG 2026-05-19 14:10:23,239 autoreload 33539 135874775416832 File /usr/lib/python3.10/json/__init__.py first seen with mtime 1772538992.0
DEBUG 2026-05-19 14:10:23,239 autoreload 33539 135874775416832 File /home/anton/4_sem_vsakoe/IGI_LR5_v2/.venv/lib/python3.10/site-packages/django/db/backends/__init__.py first seen with mtime 1778162466.3191347
DEBUG 2026-05-19 14:10:23,239 autoreload 33539 135874775416832 File /usr/lib/python3.10/encodings/cp1253.py first seen with mtime 1772538992.0
DEBUG 2026-05-19 14:10:23,239 autoreload 33539 135874775416832 File /home/anton/4_sem_vsakoe/IGI_LR5_v2/.venv/lib/python3.10/site-packages/django/contrib/sites/requests.py first seen with mtime 1778162466.1366827
DEBUG 2026-05-19 14:10:23,239 autoreload 33539 135874775416832 File /usr/lib/python3.10/asyncio/futures.py first seen with mtime 1772538992.0
DEBUG 2026-05-19 14:10:23,239 autoreload 33539 135874775416832 File /usr/lib/python3.10/encodings/kz1048.py first seen with mtime 1772538992.0
DEBUG 2026-05-19 14:10:23,240 autoreload 33539 135874775416832 File /home/anton/4_sem_vsakoe/IGI_LR5_v2/.venv/lib/python3.10/site-packages/django/core/checks/compatibility/__init__.py first seen with mtime 1778162466.2735217
DEBUG 2026-05-19 14:10:23,240 autoreload 33539 135874775416832 File /usr/lib/python3.10/asyncio/log.py first seen with mtime 1772538992.0
DEBUG 2026-05-19 14:10:23,240 autoreload 33539 135874775416832 File /usr/lib/python3.10/email/quoprimime.py first seen with mtime 1772538992.0
DEBUG 2026-05-19 14:10:23,240 autoreload 33539 135874775416832 File /home/anton/4_sem_vsakoe/IGI_LR5_v2/.venv/lib/python3.10/site-packages/urllib3/util/util.py first seen with mtime 1778162458.7033594
DEBUG 2026-05-19 14:10:23,240 autoreload 33539 135874775416832 File /usr/lib/python3.10/types.py first seen with mtime 1772538992.0
DEBUG 2026-05-19 14:10:23,240 autoreload 33539 135874775416832 File /home/anton/4_sem_vsakoe/IGI_LR5_v2/.venv/lib/python3.10/site-packages/django/contrib/messages/storage/base.py first seen with mtime 1778162465.716409
DEBUG 2026-05-19 14:10:23,240 autoreload 33539 135874775416832 File /home/anton/4_sem_vsakoe/IGI_LR5_v2/carshop/users/__init__.py first seen with mtime 1778155802.597721
DEBUG 2026-05-19 14:10:23,241 autoreload 33539 135874775416832 File /home/anton/4_sem_vsakoe/IGI_LR5_v2/.venv/lib/python3.10/site-packages/django/contrib/admin/templatetags/admin_list.py first seen with mtime 1778162464.7410784
DEBUG 2026-05-19 14:10:23,241 autoreload 33539 135874775416832 File /usr/lib/python3.10/email/base64mime.py first seen with mtime 1772538992.0
DEBUG 2026-05-19 14:10:23,241 autoreload 33539 135874775416832 File /home/anton/4_sem_vsakoe/IGI_LR5_v2/.venv/lib/python3.10/site-packages/django/contrib/admin/templatetags/admin_urls.py first seen with mtime 1778162464.7410784
DEBUG 2026-05-19 14:10:23,241 autoreload 33539 135874775416832 File /home/anton/4_sem_vsakoe/IGI_LR5_v2/.venv/lib/python3.10/site-packages/django/urls/converters.py first seen with mtime 1778162466.451827
DEBUG 2026-05-19 14:10:23,241 autoreload 33539 135874775416832 File /usr/lib/python3.10/email/mime/__init__.py first seen with mtime 1772538992.0
DEBUG 2026-05-19 14:10:23,241 autoreload 33539 135874775416832 File /usr/lib/python3.10/email/encoders.py first seen with mtime 1772538992.0
DEBUG 2026-05-19 14:10:23,241 autoreload 33539 135874775416832 File /usr/lib/python3.10/encodings/cp875.py first seen with mtime 1772538992.0
DEBUG 2026-05-19 14:10:23,241 autoreload 33539 135874775416832 File /usr/lib/python3.10/fractions.py first seen with mtime 1772538992.0
DEBUG 2026-05-19 14:10:23,242 autoreload 33539 135874775416832 File /usr/lib/python3.10/encodings/cp775.py first seen with mtime 1772538992.0
DEBUG 2026-05-19 14:10:23,242 autoreload 33539 135874775416832 File /home/anton/4_sem_vsakoe/IGI_LR5_v2/.venv/lib/python3.10/site-packages/django/utils/version.py first seen with mtime 1778162466.4684136
DEBUG 2026-05-19 14:10:23,242 autoreload 33539 135874775416832 File /home/anton/4_sem_vsakoe/IGI_LR5_v2/.venv/lib/python3.10/site-packages/requests/_internal_utils.py first seen with mtime 1778162461.4301424
DEBUG 2026-05-19 14:10:23,242 autoreload 33539 135874775416832 File /home/anton/4_sem_vsakoe/IGI_LR5_v2/.venv/lib/python3.10/site-packages/urllib3/contrib/__init__.py first seen with mtime 1778162458.6953511
DEBUG 2026-05-19 14:10:23,243 autoreload 33539 135874775416832 File /home/anton/4_sem_vsakoe/IGI_LR5_v2/.venv/lib/python3.10/site-packages/django/core/management/commands/__init__.py first seen with mtime 1778162466.294255
DEBUG 2026-05-19 14:10:23,243 autoreload 33539 135874775416832 File /usr/lib/python3.10/encodings/cp855.py first seen with mtime 1772538992.0
DEBUG 2026-05-19 14:10:23,243 autoreload 33539 135874775416832 File /home/anton/4_sem_vsakoe/IGI_LR5_v2/.venv/lib/python3.10/site-packages/django/template/context.py first seen with mtime 1778162466.439387
DEBUG 2026-05-19 14:10:23,243 autoreload 33539 135874775416832 File /home/anton/4_sem_vsakoe/IGI_LR5_v2/.venv/lib/python3.10/site-packages/django/db/migrations/operations/base.py first seen with mtime 1778162466.360601
DEBUG 2026-05-19 14:10:23,243 autoreload 33539 135874775416832 File /usr/lib/python3.10/json/decoder.py first seen with mtime 1772538992.0
DEBUG 2026-05-19 14:10:23,243 autoreload 33539 135874775416832 File /home/anton/4_sem_vsakoe/IGI_LR5_v2/.venv/lib/python3.10/site-packages/django/core/handlers/wsgi.py first seen with mtime 1778162466.2859616
DEBUG 2026-05-19 14:10:23,243 autoreload 33539 135874775416832 File /usr/lib/python3.10/datetime.py first seen with mtime 1772538992.0
DEBUG 2026-05-19 14:10:23,244 autoreload 33539 135874775416832 File /home/anton/4_sem_vsakoe/IGI_LR5_v2/.venv/lib/python3.10/site-packages/django/core/files/storage/base.py first seen with mtime 1778162466.281815
DEBUG 2026-05-19 14:10:23,244 autoreload 33539 135874775416832 File /home/anton/4_sem_vsakoe/IGI_LR5_v2/.venv/lib/python3.10/site-packages/django/utils/dates.py first seen with mtime 1778162466.4601202
DEBUG 2026-05-19 14:10:23,244 autoreload 33539 135874775416832 File /usr/lib/python3.10/lib-dynload/termios.cpython-310-x86_64-linux-gnu.so first seen with mtime 1772538992.0
DEBUG 2026-05-19 14:10:23,244 autoreload 33539 135874775416832 File /usr/lib/python3.10/threading.py first seen with mtime 1772538992.0
DEBUG 2026-05-19 14:10:23,244 autoreload 33539 135874775416832 File /usr/lib/python3.10/lib-dynload/_codecs_cn.cpython-310-x86_64-linux-gnu.so first seen with mtime 1772538992.0
DEBUG 2026-05-19 14:10:23,244 autoreload 33539 135874775416832 File /home/anton/4_sem_vsakoe/IGI_LR5_v2/.venv/lib/python3.10/site-packages/requests/status_codes.py first seen with mtime 1778162461.4341464
DEBUG 2026-05-19 14:10:23,244 autoreload 33539 135874775416832 File /home/anton/4_sem_vsakoe/IGI_LR5_v2/.venv/lib/python3.10/site-packages/81d243bd2c585b0f4821__mypyc.cpython-310-x86_64-linux-gnu.so first seen with mtime 1778162461.3260365
DEBUG 2026-05-19 14:10:23,245 autoreload 33539 135874775416832 File /home/anton/4_sem_vsakoe/IGI_LR5_v2/.venv/lib/python3.10/site-packages/django/core/files/storage/filesystem.py first seen with mtime 1778162466.281815
DEBUG 2026-05-19 14:10:23,245 autoreload 33539 135874775416832 File /usr/lib/python3.10/encodings/iso8859_9.py first seen with mtime 1772538992.0
DEBUG 2026-05-19 14:10:23,245 autoreload 33539 135874775416832 File /home/anton/4_sem_vsakoe/IGI_LR5_v2/.venv/lib/python3.10/site-packages/django/core/checks/messages.py first seen with mtime 1778162466.2735217
DEBUG 2026-05-19 14:10:23,245 autoreload 33539 135874775416832 File /home/anton/4_sem_vsakoe/IGI_LR5_v2/.venv/lib/python3.10/site-packages/django/core/files/images.py first seen with mtime 1778162466.281815
DEBUG 2026-05-19 14:10:23,245 autoreload 33539 135874775416832 File /home/anton/4_sem_vsakoe/IGI_LR5_v2/.venv/lib/python3.10/site-packages/django/db/models/manager.py first seen with mtime 1778162466.3688943
DEBUG 2026-05-19 14:10:23,245 autoreload 33539 135874775416832 File /home/anton/4_sem_vsakoe/IGI_LR5_v2/.venv/lib/python3.10/site-packages/asgiref/current_thread_executor.py first seen with mtime 1778152624.8831575
DEBUG 2026-05-19 14:10:23,245 autoreload 33539 135874775416832 File /home/anton/4_sem_vsakoe/IGI_LR5_v2/.venv/lib/python3.10/site-packages/django/utils/inspect.py first seen with mtime 1778162466.464267
DEBUG 2026-05-19 14:10:23,246 autoreload 33539 135874775416832 File /home/anton/4_sem_vsakoe/IGI_LR5_v2/.venv/lib/python3.10/site-packages/django/templatetags/i18n.py first seen with mtime 1778162466.4435337
DEBUG 2026-05-19 14:10:23,246 autoreload 33539 135874775416832 File /usr/lib/python3.10/asyncio/runners.py first seen with mtime 1772538992.0
DEBUG 2026-05-19 14:10:23,246 autoreload 33539 135874775416832 File /home/anton/4_sem_vsakoe/IGI_LR5_v2/.venv/lib/python3.10/site-packages/django/views/defaults.py first seen with mtime 1778162466.4725602
DEBUG 2026-05-19 14:10:23,246 autoreload 33539 135874775416832 File /usr/lib/python3.10/asyncio/locks.py first seen with mtime 1772538992.0
DEBUG 2026-05-19 14:10:23,246 autoreload 33539 135874775416832 File /usr/lib/python3.10/encodings/cp1257.py first seen with mtime 1772538992.0
DEBUG 2026-05-19 14:10:23,246 autoreload 33539 135874775416832 File /home/anton/4_sem_vsakoe/IGI_LR5_v2/.venv/lib/python3.10/site-packages/urllib3/util/timeout.py first seen with mtime 1778162458.7033594
DEBUG 2026-05-19 14:10:23,247 autoreload 33539 135874775416832 File /usr/lib/python3.10/zoneinfo/_tzpath.py first seen with mtime 1772538992.0
DEBUG 2026-05-19 14:10:23,247 autoreload 33539 135874775416832 File /home/anton/4_sem_vsakoe/IGI_LR5_v2/.venv/lib/python3.10/site-packages/django/template/response.py first seen with mtime 1778162466.4435337
DEBUG 2026-05-19 14:10:23,247 autoreload 33539 135874775416832 File /home/anton/4_sem_vsakoe/IGI_LR5_v2/.venv/lib/python3.10/site-packages/django/contrib/auth/hashers.py first seen with mtime 1778162464.885882
DEBUG 2026-05-19 14:10:23,248 autoreload 33539 135874775416832 File /usr/lib/python3.10/urllib/response.py first seen with mtime 1772538992.0
DEBUG 2026-05-19 14:10:23,248 autoreload 33539 135874775416832 File /usr/lib/python3.10/importlib/_adapters.py first seen with mtime 1772538992.0
DEBUG 2026-05-19 14:10:23,249 autoreload 33539 135874775416832 File /home/anton/4_sem_vsakoe/IGI_LR5_v2/.venv/lib/python3.10/site-packages/django/db/models/functions/mixins.py first seen with mtime 1778162466.3813343
DEBUG 2026-05-19 14:10:23,249 autoreload 33539 135874775416832 File /home/anton/4_sem_vsakoe/IGI_LR5_v2/carshop/catalog/admin.py first seen with mtime 1778170886.7003644
DEBUG 2026-05-19 14:10:23,249 autoreload 33539 135874775416832 File /usr/lib/python3.10/bisect.py first seen with mtime 1772538992.0
DEBUG 2026-05-19 14:10:23,249 autoreload 33539 135874775416832 File /home/anton/4_sem_vsakoe/IGI_LR5_v2/.venv/lib/python3.10/site-packages/django/core/validators.py first seen with mtime 1778162466.2652285
DEBUG 2026-05-19 14:10:23,250 autoreload 33539 135874775416832 File /home/anton/4_sem_vsakoe/IGI_LR5_v2/.venv/lib/python3.10/site-packages/django/core/handlers/__init__.py first seen with mtime 1778162466.2859616
DEBUG 2026-05-19 14:10:23,250 autoreload 33539 135874775416832 File /home/anton/4_sem_vsakoe/IGI_LR5_v2/.venv/lib/python3.10/site-packages/django/db/migrations/operations/special.py first seen with mtime 1778162466.360601
DEBUG 2026-05-19 14:10:23,250 autoreload 33539 135874775416832 File /home/anton/4_sem_vsakoe/IGI_LR5_v2/carshop/users/forms.py first seen with mtime 1779184524.8293784
DEBUG 2026-05-19 14:10:23,250 autoreload 33539 135874775416832 File /usr/lib/python3.10/hmac.py first seen with mtime 1772538992.0
DEBUG 2026-05-19 14:10:23,250 autoreload 33539 135874775416832 File /usr/lib/python3.10/collections/abc.py first seen with mtime 1772538992.0
DEBUG 2026-05-19 14:10:23,250 autoreload 33539 135874775416832 File /home/anton/4_sem_vsakoe/IGI_LR5_v2/.venv/lib/python3.10/site-packages/django/db/backends/base/operations.py first seen with mtime 1778162466.3232813
DEBUG 2026-05-19 14:10:23,250 autoreload 33539 135874775416832 File /home/anton/4_sem_vsakoe/IGI_LR5_v2/.venv/lib/python3.10/site-packages/django/db/models/expressions.py first seen with mtime 1778162466.3688943
DEBUG 2026-05-19 14:10:23,251 autoreload 33539 135874775416832 File /home/anton/4_sem_vsakoe/IGI_LR5_v2/.venv/lib/python3.10/site-packages/sqlparse/engine/statement_splitter.py first seen with mtime 1778152624.823165
DEBUG 2026-05-19 14:10:23,251 autoreload 33539 135874775416832 File /usr/lib/python3.10/encodings/iso8859_15.py first seen with mtime 1772538992.0
DEBUG 2026-05-19 14:10:23,251 autoreload 33539 135874775416832 File /home/anton/4_sem_vsakoe/IGI_LR5_v2/.venv/lib/python3.10/site-packages/django/conf/global_settings.py first seen with mtime 1778162464.2181773
DEBUG 2026-05-19 14:10:23,251 autoreload 33539 135874775416832 File /home/anton/4_sem_vsakoe/IGI_LR5_v2/.venv/lib/python3.10/site-packages/django/utils/numberformat.py first seen with mtime 1778162466.4684136
DEBUG 2026-05-19 14:10:23,251 autoreload 33539 135874775416832 File /home/anton/4_sem_vsakoe/IGI_LR5_v2/.venv/lib/python3.10/site-packages/django/db/transaction.py first seen with mtime 1778162466.3191347
DEBUG 2026-05-19 14:10:23,251 autoreload 33539 135874775416832 File /home/anton/4_sem_vsakoe/IGI_LR5_v2/.venv/lib/python3.10/site-packages/django/utils/__init__.py first seen with mtime 1778162466.4559736
DEBUG 2026-05-19 14:10:23,251 autoreload 33539 135874775416832 File /usr/lib/python3.10/encodings/cp858.py first seen with mtime 1772538992.0
DEBUG 2026-05-19 14:10:23,252 autoreload 33539 135874775416832 File /usr/lib/python3.10/sre_parse.py first seen with mtime 1772538992.0
DEBUG 2026-05-19 14:10:23,252 autoreload 33539 135874775416832 File /home/anton/4_sem_vsakoe/IGI_LR5_v2/carshop/manage.py first seen with mtime 1778152871.606064
DEBUG 2026-05-19 14:10:23,252 autoreload 33539 135874775416832 File /home/anton/4_sem_vsakoe/IGI_LR5_v2/.venv/lib/python3.10/site-packages/django/views/decorators/cache.py first seen with mtime 1778162466.4767067
DEBUG 2026-05-19 14:10:23,252 autoreload 33539 135874775416832 File /usr/lib/python3.10/tokenize.py first seen with mtime 1772538992.0
DEBUG 2026-05-19 14:10:23,252 autoreload 33539 135874775416832 File /home/anton/4_sem_vsakoe/IGI_LR5_v2/.venv/lib/python3.10/site-packages/django/contrib/admin/actions.py first seen with mtime 1778162464.4353824
DEBUG 2026-05-19 14:10:23,252 autoreload 33539 135874775416832 File /usr/lib/python3.10/asyncio/events.py first seen with mtime 1772538992.0
DEBUG 2026-05-19 14:10:23,253 autoreload 33539 135874775416832 File /usr/lib/python3.10/glob.py first seen with mtime 1772538992.0
DEBUG 2026-05-19 14:10:23,253 autoreload 33539 135874775416832 File /home/anton/4_sem_vsakoe/IGI_LR5_v2/.venv/lib/python3.10/site-packages/django/forms/renderers.py first seen with mtime 1778162466.393774
DEBUG 2026-05-19 14:10:23,253 autoreload 33539 135874775416832 File /usr/lib/python3.10/encodings/hp_roman8.py first seen with mtime 1772538992.0
DEBUG 2026-05-19 14:10:23,253 autoreload 33539 135874775416832 File /usr/lib/python3.10/traceback.py first seen with mtime 1772538992.0
DEBUG 2026-05-19 14:10:23,253 autoreload 33539 135874775416832 File /home/anton/4_sem_vsakoe/IGI_LR5_v2/.venv/lib/python3.10/site-packages/django/contrib/admin/options.py first seen with mtime 1778162464.4394047
DEBUG 2026-05-19 14:10:23,253 autoreload 33539 135874775416832 File /usr/lib/python3.10/pkgutil.py first seen with mtime 1772538992.0
DEBUG 2026-05-19 14:10:23,253 autoreload 33539 135874775416832 File /home/anton/4_sem_vsakoe/IGI_LR5_v2/.venv/lib/python3.10/site-packages/django/core/handlers/asgi.py first seen with mtime 1778162466.2859616
DEBUG 2026-05-19 14:10:23,253 autoreload 33539 135874775416832 File /home/anton/4_sem_vsakoe/IGI_LR5_v2/.venv/lib/python3.10/site-packages/django/templatetags/tz.py first seen with mtime 1778162466.4476805
DEBUG 2026-05-19 14:10:23,254 autoreload 33539 135874775416832 File /home/anton/4_sem_vsakoe/IGI_LR5_v2/.venv/lib/python3.10/site-packages/django/core/mail/__init__.py first seen with mtime 1778162466.2859616
DEBUG 2026-05-19 14:10:23,254 autoreload 33539 135874775416832 File /home/anton/4_sem_vsakoe/IGI_LR5_v2/.venv/lib/python3.10/site-packages/django/contrib/auth/checks.py first seen with mtime 1778162464.8818595
DEBUG 2026-05-19 14:10:23,254 autoreload 33539 135874775416832 File /usr/lib/python3.10/email/errors.py first seen with mtime 1772538992.0
DEBUG 2026-05-19 14:10:23,254 autoreload 33539 135874775416832 File /home/anton/4_sem_vsakoe/IGI_LR5_v2/.venv/lib/python3.10/site-packages/django/core/files/uploadhandler.py first seen with mtime 1778162466.281815
DEBUG 2026-05-19 14:10:23,254 autoreload 33539 135874775416832 File /usr/lib/python3.10/encodings/cp856.py first seen with mtime 1772538992.0
DEBUG 2026-05-19 14:10:23,254 autoreload 33539 135874775416832 File /usr/lib/python3.10/asyncio/streams.py first seen with mtime 1772538992.0
DEBUG 2026-05-19 14:10:23,255 autoreload 33539 135874775416832 File /usr/lib/python3.10/io.py first seen with mtime 1772538992.0
DEBUG 2026-05-19 14:10:23,255 autoreload 33539 135874775416832 File /home/anton/4_sem_vsakoe/IGI_LR5_v2/.venv/lib/python3.10/site-packages/urllib3/util/ssl_match_hostname.py first seen with mtime 1778162458.7033594
DEBUG 2026-05-19 14:10:23,255 autoreload 33539 135874775416832 File /usr/lib/python3.10/lib-dynload/_codecs_tw.cpython-310-x86_64-linux-gnu.so first seen with mtime 1772538992.0
DEBUG 2026-05-19 14:10:23,255 autoreload 33539 135874775416832 File /home/anton/4_sem_vsakoe/IGI_LR5_v2/.venv/lib/python3.10/site-packages/urllib3/__init__.py first seen with mtime 1778162458.687343
DEBUG 2026-05-19 14:10:23,255 autoreload 33539 135874775416832 File /usr/lib/python3.10/concurrent/futures/thread.py first seen with mtime 1772538992.0
DEBUG 2026-05-19 14:10:23,256 autoreload 33539 135874775416832 File /usr/lib/python3.10/email/contentmanager.py first seen with mtime 1772538992.0
DEBUG 2026-05-19 14:10:23,256 autoreload 33539 135874775416832 File /home/anton/4_sem_vsakoe/IGI_LR5_v2/.venv/lib/python3.10/site-packages/django/db/migrations/__init__.py first seen with mtime 1778162466.3481612
DEBUG 2026-05-19 14:10:23,256 autoreload 33539 135874775416832 File /home/anton/4_sem_vsakoe/IGI_LR5_v2/.venv/lib/python3.10/site-packages/django/template/defaulttags.py first seen with mtime 1778162466.439387
DEBUG 2026-05-19 14:10:23,256 autoreload 33539 135874775416832 File /home/anton/4_sem_vsakoe/IGI_LR5_v2/.venv/lib/python3.10/site-packages/django/template/backends/django.py first seen with mtime 1778162466.4435337
DEBUG 2026-05-19 14:10:23,256 autoreload 33539 135874775416832 File /usr/lib/python3.10/wsgiref/__init__.py first seen with mtime 1772538992.0
DEBUG 2026-05-19 14:10:23,256 autoreload 33539 135874775416832 File /home/anton/4_sem_vsakoe/IGI_LR5_v2/.venv/lib/python3.10/site-packages/django/utils/_os.py first seen with mtime 1778162466.4559736
DEBUG 2026-05-19 14:10:23,257 autoreload 33539 135874775416832 File /home/anton/4_sem_vsakoe/IGI_LR5_v2/.venv/lib/python3.10/site-packages/django/contrib/admin/filters.py first seen with mtime 1778162464.4394047
DEBUG 2026-05-19 14:10:23,257 autoreload 33539 135874775416832 File /home/anton/4_sem_vsakoe/IGI_LR5_v2/.venv/lib/python3.10/site-packages/django/db/models/functions/window.py first seen with mtime 1778162466.3813343
DEBUG 2026-05-19 14:10:23,257 autoreload 33539 135874775416832 File /usr/lib/python3.10/pickle.py first seen with mtime 1772538992.0
DEBUG 2026-05-19 14:10:23,257 autoreload 33539 135874775416832 File /home/anton/4_sem_vsakoe/IGI_LR5_v2/.venv/lib/python3.10/site-packages/django/db/backends/sqlite3/features.py first seen with mtime 1778162466.3440146
DEBUG 2026-05-19 14:10:23,257 autoreload 33539 135874775416832 File /home/anton/4_sem_vsakoe/IGI_LR5_v2/.venv/lib/python3.10/site-packages/django/contrib/sites/shortcuts.py first seen with mtime 1778162466.1366827
DEBUG 2026-05-19 14:10:23,257 autoreload 33539 135874775416832 File /home/anton/4_sem_vsakoe/IGI_LR5_v2/.venv/lib/python3.10/site-packages/django/core/exceptions.py first seen with mtime 1778162466.2652285
DEBUG 2026-05-19 14:10:23,257 autoreload 33539 135874775416832 File /usr/lib/python3.10/_markupbase.py first seen with mtime 1772538992.0
DEBUG 2026-05-19 14:10:23,257 autoreload 33539 135874775416832 File /home/anton/4_sem_vsakoe/IGI_LR5_v2/.venv/lib/python3.10/site-packages/idna/core.py first seen with mtime 1778162460.9656696
DEBUG 2026-05-19 14:10:23,258 autoreload 33539 135874775416832 File /usr/lib/python3.10/html/parser.py first seen with mtime 1772538992.0
DEBUG 2026-05-19 14:10:23,258 autoreload 33539 135874775416832 File /usr/lib/python3.10/multiprocessing/process.py first seen with mtime 1772538992.0
DEBUG 2026-05-19 14:10:23,258 autoreload 33539 135874775416832 File /usr/lib/python3.10/sqlite3/dbapi2.py first seen with mtime 1772538992.0
DEBUG 2026-05-19 14:10:23,258 autoreload 33539 135874775416832 File /home/anton/4_sem_vsakoe/IGI_LR5_v2/.venv/lib/python3.10/site-packages/django/utils/translation/trans_real.py first seen with mtime 1778162466.4725602
DEBUG 2026-05-19 14:10:23,258 autoreload 33539 135874775416832 File /home/anton/4_sem_vsakoe/IGI_LR5_v2/.venv/lib/python3.10/site-packages/django/core/checks/database.py first seen with mtime 1778162466.2735217
DEBUG 2026-05-19 14:10:23,258 autoreload 33539 135874775416832 File /usr/lib/python3.10/lib-dynload/_contextvars.cpython-310-x86_64-linux-gnu.so first seen with mtime 1772538992.0
DEBUG 2026-05-19 14:10:23,258 autoreload 33539 135874775416832 File /home/anton/4_sem_vsakoe/IGI_LR5_v2/.venv/lib/python3.10/site-packages/requests/packages.py first seen with mtime 1778162461.4341464
DEBUG 2026-05-19 14:10:23,259 autoreload 33539 135874775416832 File /usr/lib/python3.10/encodings/idna.py first seen with mtime 1772538992.0
DEBUG 2026-05-19 14:10:23,259 autoreload 33539 135874775416832 File /usr/lib/python3.10/platform.py first seen with mtime 1772538992.0
DEBUG 2026-05-19 14:10:23,259 autoreload 33539 135874775416832 File /home/anton/4_sem_vsakoe/IGI_LR5_v2/.venv/lib/python3.10/site-packages/django/utils/datastructures.py first seen with mtime 1778162466.4559736
DEBUG 2026-05-19 14:10:23,259 autoreload 33539 135874775416832 File /usr/lib/python3.10/email/__init__.py first seen with mtime 1772538992.0
DEBUG 2026-05-19 14:10:23,259 autoreload 33539 135874775416832 File /home/anton/4_sem_vsakoe/IGI_LR5_v2/.venv/lib/python3.10/site-packages/django/contrib/auth/forms.py first seen with mtime 1778162464.885882
DEBUG 2026-05-19 14:10:23,259 autoreload 33539 135874775416832 File /usr/lib/python3.10/encodings/cp273.py first seen with mtime 1772538992.0
DEBUG 2026-05-19 14:10:23,260 autoreload 33539 135874775416832 File /usr/lib/python3.10/asyncio/base_subprocess.py first seen with mtime 1772538992.0
DEBUG 2026-05-19 14:10:23,260 autoreload 33539 135874775416832 File /usr/lib/python3.10/encodings/iso8859_8.py first seen with mtime 1772538992.0
DEBUG 2026-05-19 14:10:23,260 autoreload 33539 135874775416832 File /home/anton/4_sem_vsakoe/IGI_LR5_v2/.venv/lib/python3.10/site-packages/urllib3/_collections.py first seen with mtime 1778162458.691347
DEBUG 2026-05-19 14:10:23,260 autoreload 33539 135874775416832 File /home/anton/4_sem_vsakoe/IGI_LR5_v2/.venv/lib/python3.10/site-packages/django/views/static.py first seen with mtime 1778162466.4767067
DEBUG 2026-05-19 14:10:23,260 autoreload 33539 135874775416832 File /home/anton/4_sem_vsakoe/IGI_LR5_v2/.venv/lib/python3.10/site-packages/django/template/exceptions.py first seen with mtime 1778162466.4435337
DEBUG 2026-05-19 14:10:23,260 autoreload 33539 135874775416832 File /home/anton/4_sem_vsakoe/IGI_LR5_v2/.venv/lib/python3.10/site-packages/django/core/serializers/python.py first seen with mtime 1778162466.3149881
DEBUG 2026-05-19 14:10:23,260 autoreload 33539 135874775416832 File /home/anton/4_sem_vsakoe/IGI_LR5_v2/.venv/lib/python3.10/site-packages/charset_normalizer/utils.py first seen with mtime 1778162461.3340445
DEBUG 2026-05-19 14:10:23,260 autoreload 33539 135874775416832 File /home/anton/4_sem_vsakoe/IGI_LR5_v2/.venv/lib/python3.10/site-packages/sqlparse/filters/others.py first seen with mtime 1778152624.823165
DEBUG 2026-05-19 14:10:23,261 autoreload 33539 135874775416832 File /home/anton/4_sem_vsakoe/IGI_LR5_v2/.venv/lib/python3.10/site-packages/django/core/checks/async_checks.py first seen with mtime 1778162466.269375
DEBUG 2026-05-19 14:10:23,261 autoreload 33539 135874775416832 File /home/anton/4_sem_vsakoe/IGI_LR5_v2/.venv/lib/python3.10/site-packages/django/db/models/lookups.py first seen with mtime 1778162466.3688943
DEBUG 2026-05-19 14:10:23,261 autoreload 33539 135874775416832 File /usr/lib/python3.10/encodings/cp869.py first seen with mtime 1772538992.0
DEBUG 2026-05-19 14:10:23,261 autoreload 33539 135874775416832 File /home/anton/4_sem_vsakoe/IGI_LR5_v2/.venv/lib/python3.10/site-packages/urllib3/poolmanager.py first seen with mtime 1778162458.6953511
DEBUG 2026-05-19 14:10:23,261 autoreload 33539 135874775416832 File /usr/lib/python3.10/multiprocessing/reduction.py first seen with mtime 1772538992.0
DEBUG 2026-05-19 14:10:23,261 autoreload 33539 135874775416832 File /usr/lib/python3.10/encodings/iso2022_jp_2004.py first seen with mtime 1772538992.0
DEBUG 2026-05-19 14:10:23,261 autoreload 33539 135874775416832 File /home/anton/4_sem_vsakoe/IGI_LR5_v2/.venv/lib/python3.10/site-packages/urllib3/fields.py first seen with mtime 1778162458.691347
DEBUG 2026-05-19 14:10:23,261 autoreload 33539 135874775416832 File /home/anton/4_sem_vsakoe/IGI_LR5_v2/.venv/lib/python3.10/site-packages/django/contrib/admin/views/main.py first seen with mtime 1778162464.7451007
DEBUG 2026-05-19 14:10:23,262 autoreload 33539 135874775416832 File /usr/lib/python3.10/asyncio/sslproto.py first seen with mtime 1772538992.0
DEBUG 2026-05-19 14:10:23,262 autoreload 33539 135874775416832 File /usr/lib/python3.10/wsgiref/util.py first seen with mtime 1772538992.0
DEBUG 2026-05-19 14:10:23,262 autoreload 33539 135874775416832 File /usr/lib/python3.10/lib-dynload/_codecs_hk.cpython-310-x86_64-linux-gnu.so first seen with mtime 1772538992.0
DEBUG 2026-05-19 14:10:23,262 autoreload 33539 135874775416832 File /home/anton/4_sem_vsakoe/IGI_LR5_v2/.venv/lib/python3.10/site-packages/django/contrib/staticfiles/__init__.py first seen with mtime 1778162466.2569351
DEBUG 2026-05-19 14:10:23,262 autoreload 33539 135874775416832 File /home/anton/4_sem_vsakoe/IGI_LR5_v2/.venv/lib/python3.10/site-packages/django/db/models/__init__.py first seen with mtime 1778162466.3647478
DEBUG 2026-05-19 14:10:23,263 autoreload 33539 135874775416832 File /usr/lib/python3.10/reprlib.py first seen with mtime 1772538992.0
DEBUG 2026-05-19 14:10:23,263 autoreload 33539 135874775416832 File /home/anton/4_sem_vsakoe/IGI_LR5_v2/.venv/lib/python3.10/site-packages/django/template/utils.py first seen with mtime 1778162466.4435337
DEBUG 2026-05-19 14:10:23,263 autoreload 33539 135874775416832 File /usr/lib/python3.10/encodings/shift_jisx0213.py first seen with mtime 1772538992.0
DEBUG 2026-05-19 14:10:23,263 autoreload 33539 135874775416832 File /home/anton/4_sem_vsakoe/IGI_LR5_v2/.venv/lib/python3.10/site-packages/django/views/generic/edit.py first seen with mtime 1778162466.4808533
DEBUG 2026-05-19 14:10:23,263 autoreload 33539 135874775416832 File /home/anton/4_sem_vsakoe/IGI_LR5_v2/.venv/lib/python3.10/site-packages/requests/hooks.py first seen with mtime 1778162461.4341464
DEBUG 2026-05-19 14:10:23,263 autoreload 33539 135874775416832 File /home/anton/4_sem_vsakoe/IGI_LR5_v2/.venv/lib/python3.10/site-packages/django/conf/__init__.py first seen with mtime 1778162464.214155
DEBUG 2026-05-19 14:10:23,263 autoreload 33539 135874775416832 File /usr/lib/python3.10/encodings/cp1258.py first seen with mtime 1772538992.0
DEBUG 2026-05-19 14:10:23,264 autoreload 33539 135874775416832 File /home/anton/4_sem_vsakoe/IGI_LR5_v2/.venv/lib/python3.10/site-packages/django/contrib/auth/password_validation.py first seen with mtime 1778162464.885882
DEBUG 2026-05-19 14:10:23,264 autoreload 33539 135874775416832 File /usr/lib/python3.10/asyncio/exceptions.py first seen with mtime 1772538992.0
DEBUG 2026-05-19 14:10:23,264 autoreload 33539 135874775416832 File /home/anton/4_sem_vsakoe/IGI_LR5_v2/.venv/lib/python3.10/site-packages/django/contrib/admin/apps.py first seen with mtime 1778162464.4353824
DEBUG 2026-05-19 14:10:23,264 autoreload 33539 135874775416832 File /home/anton/4_sem_vsakoe/IGI_LR5_v2/.venv/lib/python3.10/site-packages/django/forms/utils.py first seen with mtime 1778162466.393774
DEBUG 2026-05-19 14:10:23,264 autoreload 33539 135874775416832 File /home/anton/4_sem_vsakoe/IGI_LR5_v2/.venv/lib/python3.10/site-packages/django/contrib/admin/templatetags/base.py first seen with mtime 1778162464.7410784
DEBUG 2026-05-19 14:10:23,264 autoreload 33539 135874775416832 File /usr/lib/python3.10/encodings/cp1026.py first seen with mtime 1772538992.0
DEBUG 2026-05-19 14:10:23,264 autoreload 33539 135874775416832 File /usr/lib/python3.10/asyncio/trsock.py first seen with mtime 1772538992.0
DEBUG 2026-05-19 14:10:23,265 autoreload 33539 135874775416832 File /home/anton/4_sem_vsakoe/IGI_LR5_v2/.venv/lib/python3.10/site-packages/django/conf/urls/static.py first seen with mtime 1778162464.4353824
DEBUG 2026-05-19 14:10:23,265 autoreload 33539 135874775416832 File /home/anton/4_sem_vsakoe/IGI_LR5_v2/.venv/lib/python3.10/site-packages/django/db/models/functions/comparison.py first seen with mtime 1778162466.3813343
DEBUG 2026-05-19 14:10:23,266 autoreload 33539 135874775416832 File /usr/lib/python3.10/encodings/cp720.py first seen with mtime 1772538992.0
DEBUG 2026-05-19 14:10:23,266 autoreload 33539 135874775416832 File /usr/lib/python3.10/lib-dynload/_zoneinfo.cpython-310-x86_64-linux-gnu.so first seen with mtime 1772538992.0
DEBUG 2026-05-19 14:10:23,267 autoreload 33539 135874775416832 File /home/anton/4_sem_vsakoe/IGI_LR5_v2/.venv/lib/python3.10/site-packages/django/core/files/base.py first seen with mtime 1778162466.281815
DEBUG 2026-05-19 14:10:23,267 autoreload 33539 135874775416832 File /home/anton/4_sem_vsakoe/IGI_LR5_v2/.venv/lib/python3.10/site-packages/django/contrib/messages/storage/__init__.py first seen with mtime 1778162465.716409
DEBUG 2026-05-19 14:10:23,267 autoreload 33539 135874775416832 File /home/anton/4_sem_vsakoe/IGI_LR5_v2/.venv/lib/python3.10/site-packages/django/core/checks/translation.py first seen with mtime 1778162466.2735217
DEBUG 2026-05-19 14:10:23,267 autoreload 33539 135874775416832 File /home/anton/4_sem_vsakoe/IGI_LR5_v2/.venv/lib/python3.10/site-packages/django/core/checks/security/base.py first seen with mtime 1778162466.2776685
DEBUG 2026-05-19 14:10:23,267 autoreload 33539 135874775416832 File /usr/lib/python3.10/warnings.py first seen with mtime 1772538992.0
DEBUG 2026-05-19 14:10:23,267 autoreload 33539 135874775416832 File /home/anton/4_sem_vsakoe/IGI_LR5_v2/.venv/lib/python3.10/site-packages/django/db/models/fields/related_descriptors.py first seen with mtime 1778162466.3813343
DEBUG 2026-05-19 14:10:23,268 autoreload 33539 135874775416832 File /home/anton/4_sem_vsakoe/IGI_LR5_v2/.venv/lib/python3.10/site-packages/django/utils/cache.py first seen with mtime 1778162466.4559736
DEBUG 2026-05-19 14:10:23,268 autoreload 33539 135874775416832 File /home/anton/4_sem_vsakoe/IGI_LR5_v2/.venv/lib/python3.10/site-packages/django/utils/log.py first seen with mtime 1778162466.464267
DEBUG 2026-05-19 14:10:23,268 autoreload 33539 135874775416832 File /usr/lib/python3.10/difflib.py first seen with mtime 1772538992.0
DEBUG 2026-05-19 14:10:23,268 autoreload 33539 135874775416832 File /usr/lib/python3.10/lib-dynload/_codecs_jp.cpython-310-x86_64-linux-gnu.so first seen with mtime 1772538992.0
DEBUG 2026-05-19 14:10:23,268 autoreload 33539 135874775416832 File /home/anton/4_sem_vsakoe/IGI_LR5_v2/.venv/lib/python3.10/site-packages/django/contrib/messages/apps.py first seen with mtime 1778162465.7122414
DEBUG 2026-05-19 14:10:23,268 autoreload 33539 135874775416832 File /home/anton/4_sem_vsakoe/IGI_LR5_v2/.venv/lib/python3.10/site-packages/django/contrib/messages/utils.py first seen with mtime 1778162465.716409
DEBUG 2026-05-19 14:10:23,268 autoreload 33539 135874775416832 File /usr/lib/python3.10/ast.py first seen with mtime 1772538992.0
DEBUG 2026-05-19 14:10:23,269 autoreload 33539 135874775416832 File /home/anton/4_sem_vsakoe/IGI_LR5_v2/.venv/lib/python3.10/site-packages/django/utils/formats.py first seen with mtime 1778162466.4601202
DEBUG 2026-05-19 14:10:23,269 autoreload 33539 135874775416832 File /usr/lib/python3.10/wsgiref/handlers.py first seen with mtime 1772538992.0
DEBUG 2026-05-19 14:10:23,269 autoreload 33539 135874775416832 File /home/anton/4_sem_vsakoe/IGI_LR5_v2/.venv/lib/python3.10/site-packages/django/db/migrations/operations/__init__.py first seen with mtime 1778162466.3564544
DEBUG 2026-05-19 14:10:23,269 autoreload 33539 135874775416832 File /usr/lib/python3.10/encodings/tis_620.py first seen with mtime 1772538992.0
DEBUG 2026-05-19 14:10:23,270 autoreload 33539 135874775416832 File /home/anton/4_sem_vsakoe/IGI_LR5_v2/.venv/lib/python3.10/site-packages/django/contrib/contenttypes/__init__.py first seen with mtime 1778162465.040198
DEBUG 2026-05-19 14:10:23,270 autoreload 33539 135874775416832 File /home/anton/4_sem_vsakoe/IGI_LR5_v2/.venv/lib/python3.10/site-packages/django/core/files/storage/__init__.py first seen with mtime 1778162466.281815
DEBUG 2026-05-19 14:10:23,270 autoreload 33539 135874775416832 File /home/anton/4_sem_vsakoe/IGI_LR5_v2/.venv/lib/python3.10/site-packages/django/contrib/auth/decorators.py first seen with mtime 1778162464.885882
DEBUG 2026-05-19 14:10:23,271 autoreload 33539 135874775416832 File /home/anton/4_sem_vsakoe/IGI_LR5_v2/.venv/lib/python3.10/site-packages/django/db/migrations/operations/models.py first seen with mtime 1778162466.360601
DEBUG 2026-05-19 14:10:23,271 autoreload 33539 135874775416832 File /usr/lib/python3.10/encodings/iso8859_4.py first seen with mtime 1772538992.0
DEBUG 2026-05-19 14:10:23,271 autoreload 33539 135874775416832 File /home/anton/4_sem_vsakoe/IGI_LR5_v2/.venv/lib/python3.10/site-packages/django/contrib/contenttypes/models.py first seen with mtime 1778162465.0443878
DEBUG 2026-05-19 14:10:23,272 autoreload 33539 135874775416832 File /home/anton/4_sem_vsakoe/IGI_LR5_v2/carshop/carshop/__init__.py first seen with mtime 1778152871.6099164
DEBUG 2026-05-19 14:10:23,272 autoreload 33539 135874775416832 File /home/anton/4_sem_vsakoe/IGI_LR5_v2/.venv/lib/python3.10/site-packages/django/urls/exceptions.py first seen with mtime 1778162466.451827
DEBUG 2026-05-19 14:10:23,272 autoreload 33539 135874775416832 File /home/anton/4_sem_vsakoe/IGI_LR5_v2/.venv/lib/python3.10/site-packages/sqlparse/engine/grouping.py first seen with mtime 1778152624.823165
DEBUG 2026-05-19 14:10:23,272 autoreload 33539 135874775416832 File /usr/lib/python3.10/token.py first seen with mtime 1772538992.0
DEBUG 2026-05-19 14:10:23,272 autoreload 33539 135874775416832 File /usr/lib/python3.10/asyncio/unix_events.py first seen with mtime 1772538992.0
DEBUG 2026-05-19 14:10:23,272 autoreload 33539 135874775416832 File /usr/lib/python3.10/encodings/iso2022_jp.py first seen with mtime 1772538992.0
DEBUG 2026-05-19 14:10:23,272 autoreload 33539 135874775416832 File /usr/lib/python3.10/copyreg.py first seen with mtime 1772538992.0
DEBUG 2026-05-19 14:10:23,272 autoreload 33539 135874775416832 File /usr/lib/python3.10/asyncio/staggered.py first seen with mtime 1772538992.0
DEBUG 2026-05-19 14:10:23,273 autoreload 33539 135874775416832 File /usr/lib/python3.10/concurrent/futures/_base.py first seen with mtime 1772538992.0
DEBUG 2026-05-19 14:10:23,273 autoreload 33539 135874775416832 File /usr/lib/python3.10/sqlite3/__init__.py first seen with mtime 1772538992.0
DEBUG 2026-05-19 14:10:23,273 autoreload 33539 135874775416832 File /home/anton/4_sem_vsakoe/IGI_LR5_v2/.venv/lib/python3.10/site-packages/django/db/models/fields/mixins.py first seen with mtime 1778162466.3771875
DEBUG 2026-05-19 14:10:23,273 autoreload 33539 135874775416832 File /home/anton/4_sem_vsakoe/IGI_LR5_v2/.venv/lib/python3.10/site-packages/django/db/models/functions/__init__.py first seen with mtime 1778162466.3813343
DEBUG 2026-05-19 14:10:23,273 autoreload 33539 135874775416832 File /home/anton/4_sem_vsakoe/IGI_LR5_v2/.venv/lib/python3.10/site-packages/django/views/i18n.py first seen with mtime 1778162466.4725602
DEBUG 2026-05-19 14:10:23,273 autoreload 33539 135874775416832 File /usr/lib/python3.10/importlib/metadata/_itertools.py first seen with mtime 1772538992.0
DEBUG 2026-05-19 14:10:23,273 autoreload 33539 135874775416832 File /usr/lib/python3.10/json/scanner.py first seen with mtime 1772538992.0
DEBUG 2026-05-19 14:10:23,274 autoreload 33539 135874775416832 File /home/anton/4_sem_vsakoe/IGI_LR5_v2/.venv/lib/python3.10/site-packages/requests/__init__.py first seen with mtime 1778162461.4301424
DEBUG 2026-05-19 14:10:23,274 autoreload 33539 135874775416832 File /home/anton/4_sem_vsakoe/IGI_LR5_v2/.venv/lib/python3.10/site-packages/django/views/generic/dates.py first seen with mtime 1778162466.4808533
DEBUG 2026-05-19 14:10:23,274 autoreload 33539 135874775416832 File /usr/lib/python3.10/encodings/big5hkscs.py first seen with mtime 1772538992.0
DEBUG 2026-05-19 14:10:23,274 autoreload 33539 135874775416832 File /home/anton/4_sem_vsakoe/IGI_LR5_v2/.venv/lib/python3.10/site-packages/django/db/models/query_utils.py first seen with mtime 1778162466.373041
DEBUG 2026-05-19 14:10:23,274 autoreload 33539 135874775416832 File /usr/lib/python3.10/encodings/cp874.py first seen with mtime 1772538992.0
DEBUG 2026-05-19 14:10:23,274 autoreload 33539 135874775416832 File /home/anton/4_sem_vsakoe/IGI_LR5_v2/.venv/lib/python3.10/site-packages/django/db/backends/sqlite3/base.py first seen with mtime 1778162466.3398678
DEBUG 2026-05-19 14:10:23,274 autoreload 33539 135874775416832 File /usr/lib/python3.10/email/_header_value_parser.py first seen with mtime 1772538992.0
DEBUG 2026-05-19 14:10:23,274 autoreload 33539 135874775416832 File /home/anton/4_sem_vsakoe/IGI_LR5_v2/carshop/carshop/settings.py first seen with mtime 1779187467.5193605
DEBUG 2026-05-19 14:10:23,274 autoreload 33539 135874775416832 File /home/anton/4_sem_vsakoe/IGI_LR5_v2/.venv/lib/python3.10/site-packages/django/utils/dateparse.py first seen with mtime 1778162466.4601202
DEBUG 2026-05-19 14:10:23,275 autoreload 33539 135874775416832 File /usr/lib/python3.10/encodings/iso8859_14.py first seen with mtime 1772538992.0
DEBUG 2026-05-19 14:10:23,275 autoreload 33539 135874775416832 File /home/anton/4_sem_vsakoe/IGI_LR5_v2/.venv/lib/python3.10/site-packages/django/core/servers/basehttp.py first seen with mtime 1778162466.3191347
DEBUG 2026-05-19 14:10:23,275 autoreload 33539 135874775416832 File /home/anton/4_sem_vsakoe/IGI_LR5_v2/.venv/lib/python3.10/site-packages/asgiref/__init__.py first seen with mtime 1778152624.8831575
DEBUG 2026-05-19 14:10:23,275 autoreload 33539 135874775416832 File /usr/lib/python3.10/encodings/cp864.py first seen with mtime 1772538992.0
DEBUG 2026-05-19 14:10:23,275 autoreload 33539 135874775416832 File /home/anton/4_sem_vsakoe/IGI_LR5_v2/.venv/lib/python3.10/site-packages/django/core/signing.py first seen with mtime 1778162466.2652285
DEBUG 2026-05-19 14:10:23,275 autoreload 33539 135874775416832 File /home/anton/4_sem_vsakoe/IGI_LR5_v2/.venv/lib/python3.10/site-packages/urllib3/_base_connection.py first seen with mtime 1778162458.691347
DEBUG 2026-05-19 14:10:23,275 autoreload 33539 135874775416832 File /home/anton/4_sem_vsakoe/IGI_LR5_v2/.venv/lib/python3.10/site-packages/django/template/smartif.py first seen with mtime 1778162466.4435337
DEBUG 2026-05-19 14:10:23,275 autoreload 33539 135874775416832 File /usr/lib/python3.10/encodings/cp862.py first seen with mtime 1772538992.0
DEBUG 2026-05-19 14:10:23,276 autoreload 33539 135874775416832 File /home/anton/4_sem_vsakoe/IGI_LR5_v2/.venv/lib/python3.10/site-packages/django/utils/translation/__init__.py first seen with mtime 1778162466.4725602
DEBUG 2026-05-19 14:10:23,276 autoreload 33539 135874775416832 File /usr/lib/python3.10/concurrent/__init__.py first seen with mtime 1772538992.0
DEBUG 2026-05-19 14:10:23,276 autoreload 33539 135874775416832 File /home/anton/4_sem_vsakoe/IGI_LR5_v2/.venv/lib/python3.10/site-packages/django/db/models/sql/query.py first seen with mtime 1778162466.3854809
DEBUG 2026-05-19 14:10:23,276 autoreload 33539 135874775416832 File /home/anton/4_sem_vsakoe/IGI_LR5_v2/.venv/lib/python3.10/site-packages/django/utils/encoding.py first seen with mtime 1778162466.4601202
DEBUG 2026-05-19 14:10:23,276 autoreload 33539 135874775416832 File /home/anton/4_sem_vsakoe/IGI_LR5_v2/.venv/lib/python3.10/site-packages/django/apps/config.py first seen with mtime 1778162464.214155
DEBUG 2026-05-19 14:10:23,276 autoreload 33539 135874775416832 File /usr/lib/python3.10/lib-dynload/_hashlib.cpython-310-x86_64-linux-gnu.so first seen with mtime 1772538992.0
DEBUG 2026-05-19 14:10:23,276 autoreload 33539 135874775416832 File /usr/lib/python3.10/decimal.py first seen with mtime 1772538992.0
DEBUG 2026-05-19 14:10:23,276 autoreload 33539 135874775416832 File /home/anton/4_sem_vsakoe/IGI_LR5_v2/.venv/lib/python3.10/site-packages/django/contrib/staticfiles/handlers.py first seen with mtime 1778162466.2569351
DEBUG 2026-05-19 14:10:23,277 autoreload 33539 135874775416832 File /usr/lib/python3.10/email/_policybase.py first seen with mtime 1772538992.0
DEBUG 2026-05-19 14:10:23,277 autoreload 33539 135874775416832 File /usr/lib/python3.10/asyncio/constants.py first seen with mtime 1772538992.0
DEBUG 2026-05-19 14:10:23,277 autoreload 33539 135874775416832 File /usr/lib/python3.10/importlib/metadata/_text.py first seen with mtime 1772538992.0
DEBUG 2026-05-19 14:10:23,277 autoreload 33539 135874775416832 File /home/anton/4_sem_vsakoe/IGI_LR5_v2/.venv/lib/python3.10/site-packages/django/template/defaultfilters.py first seen with mtime 1778162466.439387
DEBUG 2026-05-19 14:10:23,277 autoreload 33539 135874775416832 File /usr/lib/python3.10/encodings/koi8_u.py first seen with mtime 1772538992.0
DEBUG 2026-05-19 14:10:23,277 autoreload 33539 135874775416832 File /usr/lib/python3.10/lib-dynload/_multibytecodec.cpython-310-x86_64-linux-gnu.so first seen with mtime 1772538992.0
DEBUG 2026-05-19 14:10:23,277 autoreload 33539 135874775416832 File /home/anton/4_sem_vsakoe/IGI_LR5_v2/.venv/lib/python3.10/site-packages/django/db/migrations/operations/fields.py first seen with mtime 1778162466.360601
DEBUG 2026-05-19 14:10:23,277 autoreload 33539 135874775416832 File /usr/lib/python3.10/_compat_pickle.py first seen with mtime 1772538992.0
DEBUG 2026-05-19 14:10:23,277 autoreload 33539 135874775416832 File /home/anton/4_sem_vsakoe/IGI_LR5_v2/.venv/lib/python3.10/site-packages/django/contrib/contenttypes/fields.py first seen with mtime 1778162465.0443878
DEBUG 2026-05-19 14:10:23,278 autoreload 33539 135874775416832 File /usr/lib/python3.10/dataclasses.py first seen with mtime 1772538992.0
DEBUG 2026-05-19 14:10:23,278 autoreload 33539 135874775416832 File /home/anton/4_sem_vsakoe/IGI_LR5_v2/.venv/lib/python3.10/site-packages/django/contrib/messages/constants.py first seen with mtime 1778162465.7122414
DEBUG 2026-05-19 14:10:23,278 autoreload 33539 135874775416832 File /home/anton/4_sem_vsakoe/IGI_LR5_v2/.venv/lib/python3.10/site-packages/django/http/__init__.py first seen with mtime 1778162466.426947
DEBUG 2026-05-19 14:10:23,278 autoreload 33539 135874775416832 File /home/anton/4_sem_vsakoe/IGI_LR5_v2/.venv/lib/python3.10/site-packages/django/core/serializers/base.py first seen with mtime 1778162466.3108416
DEBUG 2026-05-19 14:10:23,278 autoreload 33539 135874775416832 File /home/anton/4_sem_vsakoe/IGI_LR5_v2/.venv/lib/python3.10/site-packages/django/template/loaders/app_directories.py first seen with mtime 1778162466.4435337
DEBUG 2026-05-19 14:10:23,278 autoreload 33539 135874775416832 File /usr/lib/python3.10/linecache.py first seen with mtime 1772538992.0
DEBUG 2026-05-19 14:10:23,278 autoreload 33539 135874775416832 File /usr/lib/python3.10/encodings/iso8859_7.py first seen with mtime 1772538992.0
DEBUG 2026-05-19 14:10:23,278 autoreload 33539 135874775416832 File /usr/lib/python3.10/encodings/cp037.py first seen with mtime 1772538992.0
DEBUG 2026-05-19 14:10:23,279 autoreload 33539 135874775416832 File /usr/lib/python3.10/base64.py first seen with mtime 1772538992.0
DEBUG 2026-05-19 14:10:23,279 autoreload 33539 135874775416832 File /home/anton/4_sem_vsakoe/IGI_LR5_v2/.venv/lib/python3.10/site-packages/django/core/files/storage/memory.py first seen with mtime 1778162466.2859616
DEBUG 2026-05-19 14:10:23,279 autoreload 33539 135874775416832 File /usr/lib/python3.10/encodings/big5.py first seen with mtime 1772538992.0
DEBUG 2026-05-19 14:10:23,279 autoreload 33539 135874775416832 File /usr/lib/python3.10/socketserver.py first seen with mtime 1772538992.0
DEBUG 2026-05-19 14:10:23,279 autoreload 33539 135874775416832 File /usr/lib/python3.10/encodings/cp1006.py first seen with mtime 1772538992.0
DEBUG 2026-05-19 14:10:23,279 autoreload 33539 135874775416832 File /usr/lib/python3.10/socket.py first seen with mtime 1772538992.0
DEBUG 2026-05-19 14:10:23,279 autoreload 33539 135874775416832 File /home/anton/4_sem_vsakoe/IGI_LR5_v2/carshop/users/models.py first seen with mtime 1778155802.597721
DEBUG 2026-05-19 14:10:23,279 autoreload 33539 135874775416832 File /home/anton/4_sem_vsakoe/IGI_LR5_v2/.venv/lib/python3.10/site-packages/urllib3/util/ssl_.py first seen with mtime 1778162458.7033594
DEBUG 2026-05-19 14:10:23,279 autoreload 33539 135874775416832 File /usr/lib/python3.10/encodings/hz.py first seen with mtime 1772538992.0
DEBUG 2026-05-19 14:10:23,280 autoreload 33539 135874775416832 File /usr/lib/python3.10/encodings/mac_greek.py first seen with mtime 1772538992.0
DEBUG 2026-05-19 14:10:23,280 autoreload 33539 135874775416832 File /home/anton/4_sem_vsakoe/IGI_LR5_v2/.venv/lib/python3.10/site-packages/django/core/checks/compatibility/django_4_0.py first seen with mtime 1778162466.2735217
DEBUG 2026-05-19 14:10:23,280 autoreload 33539 135874775416832 File /usr/lib/python3.10/encodings/koi8_t.py first seen with mtime 1772538992.0
DEBUG 2026-05-19 14:10:23,280 autoreload 33539 135874775416832 File /usr/lib/python3.10/multiprocessing/__init__.py first seen with mtime 1772538992.0
DEBUG 2026-05-19 14:10:23,281 autoreload 33539 135874775416832 File /usr/lib/python3.10/importlib/abc.py first seen with mtime 1772538992.0
DEBUG 2026-05-19 14:10:23,281 autoreload 33539 135874775416832 File /home/anton/4_sem_vsakoe/IGI_LR5_v2/.venv/lib/python3.10/site-packages/django/db/models/indexes.py first seen with mtime 1778162466.3688943
DEBUG 2026-05-19 14:10:23,282 autoreload 33539 135874775416832 File /home/anton/4_sem_vsakoe/IGI_LR5_v2/.venv/lib/python3.10/site-packages/django/db/models/fields/reverse_related.py first seen with mtime 1778162466.3813343
DEBUG 2026-05-19 14:10:23,282 autoreload 33539 135874775416832 File /usr/lib/python3.10/re.py first seen with mtime 1772538992.0
DEBUG 2026-05-19 14:10:23,282 autoreload 33539 135874775416832 File /home/anton/4_sem_vsakoe/IGI_LR5_v2/.venv/lib/python3.10/site-packages/django/utils/ipv6.py first seen with mtime 1778162466.464267
DEBUG 2026-05-19 14:10:23,283 autoreload 33539 135874775416832 File /usr/lib/python3.10/encodings/cp437.py first seen with mtime 1772538992.0
DEBUG 2026-05-19 14:10:23,283 autoreload 33539 135874775416832 File /usr/lib/python3.10/importlib/resources.py first seen with mtime 1772538992.0
DEBUG 2026-05-19 14:10:23,283 autoreload 33539 135874775416832 File /home/anton/4_sem_vsakoe/IGI_LR5_v2/.venv/lib/python3.10/site-packages/django/apps/__init__.py first seen with mtime 1778162464.214155
DEBUG 2026-05-19 14:10:23,283 autoreload 33539 135874775416832 File /usr/lib/python3.10/encodings/koi8_r.py first seen with mtime 1772538992.0
DEBUG 2026-05-19 14:10:23,283 autoreload 33539 135874775416832 File /usr/lib/python3.10/asyncio/format_helpers.py first seen with mtime 1772538992.0
DEBUG 2026-05-19 14:10:23,283 autoreload 33539 135874775416832 File /home/anton/4_sem_vsakoe/IGI_LR5_v2/.venv/lib/python3.10/site-packages/django/core/checks/__init__.py first seen with mtime 1778162466.269375
DEBUG 2026-05-19 14:10:23,283 autoreload 33539 135874775416832 File /home/anton/4_sem_vsakoe/IGI_LR5_v2/.venv/lib/python3.10/site-packages/django/core/files/storage/mixins.py first seen with mtime 1778162466.2859616
DEBUG 2026-05-19 14:10:23,284 autoreload 33539 135874775416832 File /home/anton/4_sem_vsakoe/IGI_LR5_v2/.venv/lib/python3.10/site-packages/urllib3/response.py first seen with mtime 1778162458.6953511
DEBUG 2026-05-19 14:10:23,284 autoreload 33539 135874775416832 File /usr/lib/python3.10/sysconfig.py first seen with mtime 1772538992.0
DEBUG 2026-05-19 14:10:23,284 autoreload 33539 135874775416832 File /home/anton/4_sem_vsakoe/IGI_LR5_v2/carshop/catalog/__init__.py first seen with mtime 1778155790.9496388
DEBUG 2026-05-19 14:10:23,284 autoreload 33539 135874775416832 File /home/anton/4_sem_vsakoe/IGI_LR5_v2/.venv/lib/python3.10/site-packages/django/db/backends/sqlite3/creation.py first seen with mtime 1778162466.3398678
DEBUG 2026-05-19 14:10:23,284 autoreload 33539 135874775416832 File /home/anton/4_sem_vsakoe/IGI_LR5_v2/.venv/lib/python3.10/site-packages/certifi/core.py first seen with mtime 1778162461.3981097
DEBUG 2026-05-19 14:10:23,284 autoreload 33539 135874775416832 File /usr/lib/python3.10/gzip.py first seen with mtime 1772538992.0
DEBUG 2026-05-19 14:10:23,284 autoreload 33539 135874775416832 File /home/anton/4_sem_vsakoe/IGI_LR5_v2/.venv/lib/python3.10/site-packages/requests/auth.py first seen with mtime 1778162461.4301424
DEBUG 2026-05-19 14:10:23,284 autoreload 33539 135874775416832 File /home/anton/4_sem_vsakoe/IGI_LR5_v2/.venv/lib/python3.10/site-packages/django/db/models/fields/proxy.py first seen with mtime 1778162466.3771875
DEBUG 2026-05-19 14:10:23,285 autoreload 33539 135874775416832 File /usr/lib/python3.10/enum.py first seen with mtime 1772538992.0
DEBUG 2026-05-19 14:10:23,285 autoreload 33539 135874775416832 File /home/anton/4_sem_vsakoe/IGI_LR5_v2/.venv/lib/python3.10/site-packages/django/db/backends/sqlite3/schema.py first seen with mtime 1778162466.3481612
DEBUG 2026-05-19 14:10:23,285 autoreload 33539 135874775416832 File /home/anton/4_sem_vsakoe/IGI_LR5_v2/.venv/lib/python3.10/site-packages/django/db/migrations/migration.py first seen with mtime 1778162466.3564544
DEBUG 2026-05-19 14:10:23,285 autoreload 33539 135874775416832 File /usr/lib/python3.10/sre_constants.py first seen with mtime 1772538992.0
DEBUG 2026-05-19 14:10:23,285 autoreload 33539 135874775416832 File /usr/lib/python3.10/encodings/ptcp154.py first seen with mtime 1772538992.0
DEBUG 2026-05-19 14:10:23,285 autoreload 33539 135874775416832 File /home/anton/4_sem_vsakoe/IGI_LR5_v2/.venv/lib/python3.10/site-packages/django/contrib/contenttypes/management/__init__.py first seen with mtime 1778162465.2621427
DEBUG 2026-05-19 14:10:23,285 autoreload 33539 135874775416832 File /usr/lib/python3.10/encodings/euc_jis_2004.py first seen with mtime 1772538992.0
DEBUG 2026-05-19 14:10:23,286 autoreload 33539 135874775416832 File /home/anton/4_sem_vsakoe/IGI_LR5_v2/.venv/lib/python3.10/site-packages/django/core/files/move.py first seen with mtime 1778162466.281815
DEBUG 2026-05-19 14:10:23,286 autoreload 33539 135874775416832 File /home/anton/4_sem_vsakoe/IGI_LR5_v2/.venv/lib/python3.10/site-packages/django/db/backends/base/features.py first seen with mtime 1778162466.3232813
DEBUG 2026-05-19 14:10:23,286 autoreload 33539 135874775416832 File /home/anton/4_sem_vsakoe/IGI_LR5_v2/.venv/lib/python3.10/site-packages/django/db/backends/utils.py first seen with mtime 1778162466.3232813
DEBUG 2026-05-19 14:10:23,286 autoreload 33539 135874775416832 File /usr/lib/python3.10/concurrent/futures/__init__.py first seen with mtime 1772538992.0
DEBUG 2026-05-19 14:10:23,287 autoreload 33539 135874775416832 File /home/anton/4_sem_vsakoe/IGI_LR5_v2/.venv/lib/python3.10/site-packages/sqlparse/filters/tokens.py first seen with mtime 1778152624.823165
DEBUG 2026-05-19 14:10:23,287 autoreload 33539 135874775416832 File /usr/lib/python3.10/importlib/__init__.py first seen with mtime 1772538992.0
DEBUG 2026-05-19 14:10:23,287 autoreload 33539 135874775416832 File /home/anton/4_sem_vsakoe/IGI_LR5_v2/.venv/lib/python3.10/site-packages/django/contrib/admin/templatetags/admin_modify.py first seen with mtime 1778162464.7410784
DEBUG 2026-05-19 14:10:23,287 autoreload 33539 135874775416832 File /usr/lib/python3.10/signal.py first seen with mtime 1772538992.0
DEBUG 2026-05-19 14:10:23,287 autoreload 33539 135874775416832 File /usr/lib/python3.10/ssl.py first seen with mtime 1772538992.0
DEBUG 2026-05-19 14:10:23,287 autoreload 33539 135874775416832 File /usr/lib/python3.10/encodings/cp857.py first seen with mtime 1772538992.0
DEBUG 2026-05-19 14:10:23,287 autoreload 33539 135874775416832 File /home/anton/4_sem_vsakoe/IGI_LR5_v2/.venv/lib/python3.10/site-packages/django/db/migrations/state.py first seen with mtime 1778162466.3564544
DEBUG 2026-05-19 14:10:23,288 autoreload 33539 135874775416832 File /home/anton/4_sem_vsakoe/IGI_LR5_v2/.venv/lib/python3.10/site-packages/idna/intranges.py first seen with mtime 1778162460.9656696
DEBUG 2026-05-19 14:10:23,288 autoreload 33539 135874775416832 File /home/anton/4_sem_vsakoe/IGI_LR5_v2/.venv/lib/python3.10/site-packages/django/contrib/auth/base_user.py first seen with mtime 1778162464.8818595
DEBUG 2026-05-19 14:10:23,288 autoreload 33539 135874775416832 File /usr/lib/python3.10/urllib/error.py first seen with mtime 1772538992.0
DEBUG 2026-05-19 14:10:23,288 autoreload 33539 135874775416832 File /home/anton/4_sem_vsakoe/IGI_LR5_v2/.venv/lib/python3.10/site-packages/sqlparse/formatter.py first seen with mtime 1778152624.8191655
DEBUG 2026-05-19 14:10:23,288 autoreload 33539 135874775416832 File /home/anton/4_sem_vsakoe/IGI_LR5_v2/.venv/lib/python3.10/site-packages/django/forms/formsets.py first seen with mtime 1778162466.393774
DEBUG 2026-05-19 14:10:23,288 autoreload 33539 135874775416832 File /home/anton/4_sem_vsakoe/IGI_LR5_v2/.venv/lib/python3.10/site-packages/sqlparse/__init__.py first seen with mtime 1778152624.8191655
DEBUG 2026-05-19 14:10:23,288 autoreload 33539 135874775416832 File /home/anton/4_sem_vsakoe/IGI_LR5_v2/.venv/lib/python3.10/site-packages/sqlparse/cli.py first seen with mtime 1778152624.8191655
DEBUG 2026-05-19 14:10:23,288 autoreload 33539 135874775416832 File /home/anton/4_sem_vsakoe/IGI_LR5_v2/.venv/lib/python3.10/site-packages/django/utils/lorem_ipsum.py first seen with mtime 1778162466.464267
DEBUG 2026-05-19 14:10:23,288 autoreload 33539 135874775416832 File /usr/lib/python3.10/lib-dynload/_ssl.cpython-310-x86_64-linux-gnu.so first seen with mtime 1772538992.0
DEBUG 2026-05-19 14:10:23,289 autoreload 33539 135874775416832 File /home/anton/4_sem_vsakoe/IGI_LR5_v2/.venv/lib/python3.10/site-packages/requests/cookies.py first seen with mtime 1778162461.4301424
DEBUG 2026-05-19 14:10:23,289 autoreload 33539 135874775416832 File /usr/lib/python3.10/asyncio/coroutines.py first seen with mtime 1772538992.0
DEBUG 2026-05-19 14:10:23,289 autoreload 33539 135874775416832 File /usr/lib/python3.10/encodings/cp1251.py first seen with mtime 1772538992.0
DEBUG 2026-05-19 14:10:23,289 autoreload 33539 135874775416832 File /home/anton/4_sem_vsakoe/IGI_LR5_v2/.venv/lib/python3.10/site-packages/django/dispatch/__init__.py first seen with mtime 1778162466.3896275
DEBUG 2026-05-19 14:10:23,289 autoreload 33539 135874775416832 File /usr/lib/python3.10/encodings/cp1254.py first seen with mtime 1772538992.0
DEBUG 2026-05-19 14:10:23,290 autoreload 33539 135874775416832 File /home/anton/4_sem_vsakoe/IGI_LR5_v2/carshop/catalog/forms.py first seen with mtime 1778162213.308994
DEBUG 2026-05-19 14:10:23,290 autoreload 33539 135874775416832 File /usr/lib/python3.10/email/feedparser.py first seen with mtime 1772538992.0
DEBUG 2026-05-19 14:10:23,290 autoreload 33539 135874775416832 File /home/anton/4_sem_vsakoe/IGI_LR5_v2/.venv/lib/python3.10/site-packages/django/__init__.py first seen with mtime 1778162464.214155
DEBUG 2026-05-19 14:10:23,290 autoreload 33539 135874775416832 File /usr/lib/python3.10/encodings/__init__.py first seen with mtime 1772538992.0
DEBUG 2026-05-19 14:10:23,290 autoreload 33539 135874775416832 File /usr/lib/python3.10/random.py first seen with mtime 1772538992.0
DEBUG 2026-05-19 14:10:23,290 autoreload 33539 135874775416832 File /usr/lib/python3.10/struct.py first seen with mtime 1772538992.0
DEBUG 2026-05-19 14:10:23,290 autoreload 33539 135874775416832 File /home/anton/4_sem_vsakoe/IGI_LR5_v2/.venv/lib/python3.10/site-packages/django/contrib/auth/__init__.py first seen with mtime 1778162464.8818595
DEBUG 2026-05-19 14:10:23,291 autoreload 33539 135874775416832 File /usr/lib/python3.10/encodings/gb18030.py first seen with mtime 1772538992.0
DEBUG 2026-05-19 14:10:23,291 autoreload 33539 135874775416832 File /home/anton/4_sem_vsakoe/IGI_LR5_v2/.venv/lib/python3.10/site-packages/django/contrib/admin/templatetags/__init__.py first seen with mtime 1778162464.7410784
DEBUG 2026-05-19 14:10:23,291 autoreload 33539 135874775416832 File /home/anton/4_sem_vsakoe/IGI_LR5_v2/.venv/lib/python3.10/site-packages/django/db/models/functions/datetime.py first seen with mtime 1778162466.3813343
DEBUG 2026-05-19 14:10:23,291 autoreload 33539 135874775416832 File /home/anton/4_sem_vsakoe/IGI_LR5_v2/.venv/lib/python3.10/site-packages/django/core/files/__init__.py first seen with mtime 1778162466.2776685
DEBUG 2026-05-19 14:10:23,291 autoreload 33539 135874775416832 File /home/anton/4_sem_vsakoe/IGI_LR5_v2/.venv/lib/python3.10/site-packages/django/contrib/auth/models.py first seen with mtime 1778162464.885882
DEBUG 2026-05-19 14:10:23,291 autoreload 33539 135874775416832 File /usr/lib/python3.10/logging/__init__.py first seen with mtime 1772538992.0
DEBUG 2026-05-19 14:10:23,291 autoreload 33539 135874775416832 File /home/anton/4_sem_vsakoe/IGI_LR5_v2/.venv/lib/python3.10/site-packages/django/core/mail/message.py first seen with mtime 1778162466.2901082
DEBUG 2026-05-19 14:10:23,292 autoreload 33539 135874775416832 File /home/anton/4_sem_vsakoe/IGI_LR5_v2/.venv/lib/python3.10/site-packages/django/utils/safestring.py first seen with mtime 1778162466.4684136
DEBUG 2026-05-19 14:10:23,292 autoreload 33539 135874775416832 File /home/anton/4_sem_vsakoe/IGI_LR5_v2/.venv/lib/python3.10/site-packages/django/core/checks/security/__init__.py first seen with mtime 1778162466.2776685
DEBUG 2026-05-19 14:10:23,292 autoreload 33539 135874775416832 File /usr/lib/python3.10/encodings/iso2022_jp_1.py first seen with mtime 1772538992.0
DEBUG 2026-05-19 14:10:23,292 autoreload 33539 135874775416832 File /usr/lib/python3.10/http/cookiejar.py first seen with mtime 1772538992.0
DEBUG 2026-05-19 14:10:23,292 autoreload 33539 135874775416832 File /usr/lib/python3.10/http/__init__.py first seen with mtime 1772538992.0
DEBUG 2026-05-19 14:10:23,292 autoreload 33539 135874775416832 File /usr/lib/python3.10/importlib/util.py first seen with mtime 1772538992.0
DEBUG 2026-05-19 14:10:23,292 autoreload 33539 135874775416832 File /usr/lib/python3.10/ipaddress.py first seen with mtime 1772538992.0
DEBUG 2026-05-19 14:10:23,293 autoreload 33539 135874775416832 File /usr/lib/python3.10/encodings/iso8859_3.py first seen with mtime 1772538992.0
DEBUG 2026-05-19 14:10:23,293 autoreload 33539 135874775416832 File /home/anton/4_sem_vsakoe/IGI_LR5_v2/.venv/lib/python3.10/site-packages/django/core/cache/backends/base.py first seen with mtime 1778162466.269375
DEBUG 2026-05-19 14:10:23,293 autoreload 33539 135874775416832 File /home/anton/4_sem_vsakoe/IGI_LR5_v2/.venv/lib/python3.10/site-packages/django/template/autoreload.py first seen with mtime 1778162466.439387
DEBUG 2026-05-19 14:10:23,293 autoreload 33539 135874775416832 File /usr/lib/python3.10/html/entities.py first seen with mtime 1772538992.0
DEBUG 2026-05-19 14:10:23,293 autoreload 33539 135874775416832 File /home/anton/4_sem_vsakoe/IGI_LR5_v2/.venv/lib/python3.10/site-packages/sqlparse/filters/aligned_indent.py first seen with mtime 1778152624.823165
DEBUG 2026-05-19 14:10:23,293 autoreload 33539 135874775416832 File /usr/lib/python3.10/encodings/latin_1.py first seen with mtime 1772538992.0
DEBUG 2026-05-19 14:10:23,293 autoreload 33539 135874775416832 File /home/anton/4_sem_vsakoe/IGI_LR5_v2/.venv/lib/python3.10/site-packages/sqlparse/keywords.py first seen with mtime 1778152624.8191655
DEBUG 2026-05-19 14:10:23,293 autoreload 33539 135874775416832 File /usr/lib/python3.10/urllib/request.py first seen with mtime 1772538992.0
DEBUG 2026-05-19 14:10:23,294 autoreload 33539 135874775416832 File /usr/lib/python3.10/http/client.py first seen with mtime 1772538992.0
DEBUG 2026-05-19 14:10:23,294 autoreload 33539 135874775416832 File /usr/lib/python3.10/json/encoder.py first seen with mtime 1772538992.0
DEBUG 2026-05-19 14:10:23,294 autoreload 33539 135874775416832 File /home/anton/4_sem_vsakoe/IGI_LR5_v2/.venv/lib/python3.10/site-packages/django/db/models/options.py first seen with mtime 1778162466.373041
DEBUG 2026-05-19 14:10:23,294 autoreload 33539 135874775416832 File /home/anton/4_sem_vsakoe/IGI_LR5_v2/.venv/lib/python3.10/site-packages/django/core/signals.py first seen with mtime 1778162466.2652285
DEBUG 2026-05-19 14:10:23,294 autoreload 33539 135874775416832 File /usr/lib/python3.10/encodings/iso8859_6.py first seen with mtime 1772538992.0
DEBUG 2026-05-19 14:10:23,294 autoreload 33539 135874775416832 File /home/anton/4_sem_vsakoe/IGI_LR5_v2/.venv/lib/python3.10/site-packages/django/middleware/__init__.py first seen with mtime 1778162466.431094
DEBUG 2026-05-19 14:10:23,294 autoreload 33539 135874775416832 File /home/anton/4_sem_vsakoe/IGI_LR5_v2/.venv/lib/python3.10/site-packages/django/template/loaders/base.py first seen with mtime 1778162466.4435337
DEBUG 2026-05-19 14:10:23,295 autoreload 33539 135874775416832 File /usr/lib/python3.10/encodings/cp737.py first seen with mtime 1772538992.0
DEBUG 2026-05-19 14:10:23,295 autoreload 33539 135874775416832 File /usr/lib/python3.10/secrets.py first seen with mtime 1772538992.0
DEBUG 2026-05-19 14:10:23,295 autoreload 33539 135874775416832 File /home/anton/4_sem_vsakoe/IGI_LR5_v2/.venv/lib/python3.10/site-packages/django/template/loaders/filesystem.py first seen with mtime 1778162466.4435337
DEBUG 2026-05-19 14:10:23,295 autoreload 33539 135874775416832 File /home/anton/4_sem_vsakoe/IGI_LR5_v2/.venv/lib/python3.10/site-packages/django/template/loader_tags.py first seen with mtime 1778162466.4435337
DEBUG 2026-05-19 14:10:23,295 autoreload 33539 135874775416832 File /usr/lib/python3.10/lib-dynload/_uuid.cpython-310-x86_64-linux-gnu.so first seen with mtime 1772538992.0
DEBUG 2026-05-19 14:10:23,295 autoreload 33539 135874775416832 File /home/anton/4_sem_vsakoe/IGI_LR5_v2/carshop/users/urls.py first seen with mtime 1779184404.3829658
DEBUG 2026-05-19 14:10:23,295 autoreload 33539 135874775416832 File /home/anton/4_sem_vsakoe/IGI_LR5_v2/.venv/lib/python3.10/site-packages/django/db/models/fields/__init__.py first seen with mtime 1778162466.3771875
DEBUG 2026-05-19 14:10:23,295 autoreload 33539 135874775416832 File /usr/lib/python3.10/_compression.py first seen with mtime 1772538992.0
DEBUG 2026-05-19 14:10:23,296 autoreload 33539 135874775416832 File /usr/lib/python3.10/stat.py first seen with mtime 1772538992.0
DEBUG 2026-05-19 14:10:23,296 autoreload 33539 135874775416832 File /home/anton/4_sem_vsakoe/IGI_LR5_v2/.venv/lib/python3.10/site-packages/django/core/mail/utils.py first seen with mtime 1778162466.2901082
DEBUG 2026-05-19 14:10:23,296 autoreload 33539 135874775416832 File /usr/lib/python3.10/encodings/mac_iceland.py first seen with mtime 1772538992.0
DEBUG 2026-05-19 14:10:23,296 autoreload 33539 135874775416832 File /home/anton/4_sem_vsakoe/IGI_LR5_v2/.venv/lib/python3.10/site-packages/sqlparse/filters/right_margin.py first seen with mtime 1778152624.823165
DEBUG 2026-05-19 14:10:23,296 autoreload 33539 135874775416832 File /usr/lib/python3.10/http/server.py first seen with mtime 1772538992.0
DEBUG 2026-05-19 14:10:23,296 autoreload 33539 135874775416832 File /home/anton/4_sem_vsakoe/IGI_LR5_v2/.venv/lib/python3.10/site-packages/urllib3/exceptions.py first seen with mtime 1778162458.691347
DEBUG 2026-05-19 14:10:23,297 autoreload 33539 135874775416832 File /usr/lib/python3.10/asyncio/protocols.py first seen with mtime 1772538992.0
DEBUG 2026-05-19 14:10:23,297 autoreload 33539 135874775416832 File /home/anton/4_sem_vsakoe/IGI_LR5_v2/.venv/lib/python3.10/site-packages/sqlparse/lexer.py first seen with mtime 1778152624.8191655
DEBUG 2026-05-19 14:10:23,297 autoreload 33539 135874775416832 File /home/anton/4_sem_vsakoe/IGI_LR5_v2/.venv/lib/python3.10/site-packages/django/db/migrations/exceptions.py first seen with mtime 1778162466.3523078
DEBUG 2026-05-19 14:10:23,297 autoreload 33539 135874775416832 File /home/anton/4_sem_vsakoe/IGI_LR5_v2/.venv/lib/python3.10/site-packages/django/db/models/sql/subqueries.py first seen with mtime 1778162466.3896275
DEBUG 2026-05-19 14:10:23,297 autoreload 33539 135874775416832 File /home/anton/4_sem_vsakoe/IGI_LR5_v2/.venv/lib/python3.10/site-packages/django/utils/text.py first seen with mtime 1778162466.4684136
DEBUG 2026-05-19 14:10:23,297 autoreload 33539 135874775416832 File /home/anton/4_sem_vsakoe/IGI_LR5_v2/.venv/lib/python3.10/site-packages/charset_normalizer/__init__.py first seen with mtime 1778162461.3260365
DEBUG 2026-05-19 14:10:23,297 autoreload 33539 135874775416832 File /home/anton/4_sem_vsakoe/IGI_LR5_v2/.venv/lib/python3.10/site-packages/django/db/backends/sqlite3/__init__.py first seen with mtime 1778162466.3357213
DEBUG 2026-05-19 14:10:23,298 autoreload 33539 135874775416832 File /usr/lib/python3.10/encodings/shift_jis.py first seen with mtime 1772538992.0
DEBUG 2026-05-19 14:10:23,298 autoreload 33539 135874775416832 File /usr/lib/python3.10/site.py first seen with mtime 1772538992.0
DEBUG 2026-05-19 14:10:23,299 autoreload 33539 135874775416832 File /usr/lib/python3.10/dis.py first seen with mtime 1772538992.0
DEBUG 2026-05-19 14:10:23,299 autoreload 33539 135874775416832 File /home/anton/4_sem_vsakoe/IGI_LR5_v2/.venv/lib/python3.10/site-packages/django/templatetags/__init__.py first seen with mtime 1778162466.4435337
DEBUG 2026-05-19 14:10:23,299 autoreload 33539 135874775416832 File /usr/lib/python3.10/email/message.py first seen with mtime 1772538992.0
DEBUG 2026-05-19 14:10:23,300 autoreload 33539 135874775416832 File /home/anton/4_sem_vsakoe/IGI_LR5_v2/.venv/lib/python3.10/site-packages/requests/adapters.py first seen with mtime 1778162461.4301424
DEBUG 2026-05-19 14:10:23,300 autoreload 33539 135874775416832 File /home/anton/4_sem_vsakoe/IGI_LR5_v2/.venv/lib/python3.10/site-packages/requests/sessions.py first seen with mtime 1778162461.4341464
DEBUG 2026-05-19 14:10:23,300 autoreload 33539 135874775416832 File /home/anton/4_sem_vsakoe/IGI_LR5_v2/.venv/lib/python3.10/site-packages/django/db/backends/sqlite3/client.py first seen with mtime 1778162466.3398678
DEBUG 2026-05-19 14:10:23,300 autoreload 33539 135874775416832 File /home/anton/4_sem_vsakoe/IGI_LR5_v2/.venv/lib/python3.10/site-packages/django/db/models/aggregates.py first seen with mtime 1778162466.3647478
DEBUG 2026-05-19 14:10:23,300 autoreload 33539 135874775416832 File /usr/lib/python3.10/encodings/cp863.py first seen with mtime 1772538992.0
DEBUG 2026-05-19 14:10:23,300 autoreload 33539 135874775416832 File /home/anton/4_sem_vsakoe/IGI_LR5_v2/.venv/lib/python3.10/site-packages/django/core/checks/model_checks.py first seen with mtime 1778162466.2735217
DEBUG 2026-05-19 14:10:23,300 autoreload 33539 135874775416832 File /home/anton/4_sem_vsakoe/IGI_LR5_v2/.venv/lib/python3.10/site-packages/django/db/migrations/utils.py first seen with mtime 1778162466.3564544
DEBUG 2026-05-19 14:10:23,300 autoreload 33539 135874775416832 File /home/anton/4_sem_vsakoe/IGI_LR5_v2/.venv/lib/python3.10/site-packages/django/db/backends/base/base.py first seen with mtime 1778162466.3232813
DEBUG 2026-05-19 14:10:23,301 autoreload 33539 135874775416832 File /home/anton/4_sem_vsakoe/IGI_LR5_v2/.venv/lib/python3.10/site-packages/django/contrib/admin/exceptions.py first seen with mtime 1778162464.4394047
DEBUG 2026-05-19 14:10:23,301 autoreload 33539 135874775416832 File /usr/lib/python3.10/lib-dynload/_json.cpython-310-x86_64-linux-gnu.so first seen with mtime 1772538992.0
DEBUG 2026-05-19 14:10:23,301 autoreload 33539 135874775416832 File /home/anton/4_sem_vsakoe/IGI_LR5_v2/.venv/lib/python3.10/site-packages/django/contrib/admin/checks.py first seen with mtime 1778162464.4353824
DEBUG 2026-05-19 14:10:23,301 autoreload 33539 135874775416832 File /home/anton/4_sem_vsakoe/IGI_LR5_v2/.venv/lib/python3.10/site-packages/django/core/checks/caches.py first seen with mtime 1778162466.2735217
DEBUG 2026-05-19 14:10:23,301 autoreload 33539 135874775416832 File /home/anton/4_sem_vsakoe/IGI_LR5_v2/.venv/lib/python3.10/site-packages/requests/structures.py first seen with mtime 1778162461.4341464
DEBUG 2026-05-19 14:10:23,301 autoreload 33539 135874775416832 File /home/anton/4_sem_vsakoe/IGI_LR5_v2/.venv/lib/python3.10/site-packages/django/template/backends/base.py first seen with mtime 1778162466.4435337
DEBUG 2026-05-19 14:10:23,301 autoreload 33539 135874775416832 File /usr/lib/python3.10/encodings/iso8859_5.py first seen with mtime 1772538992.0
DEBUG 2026-05-19 14:10:23,302 autoreload 33539 135874775416832 File /usr/lib/python3.10/tempfile.py first seen with mtime 1772538992.0
DEBUG 2026-05-19 14:10:23,302 autoreload 33539 135874775416832 File /usr/lib/python3.10/html/__init__.py first seen with mtime 1772538992.0
DEBUG 2026-05-19 14:10:23,302 autoreload 33539 135874775416832 File /home/anton/4_sem_vsakoe/IGI_LR5_v2/.venv/lib/python3.10/site-packages/requests/certs.py first seen with mtime 1778162461.4301424
DEBUG 2026-05-19 14:10:23,302 autoreload 33539 135874775416832 File /home/anton/4_sem_vsakoe/IGI_LR5_v2/.venv/lib/python3.10/site-packages/urllib3/util/proxy.py first seen with mtime 1778162458.6993551
DEBUG 2026-05-19 14:10:23,302 autoreload 33539 135874775416832 File /usr/lib/python3.10/asyncio/base_futures.py first seen with mtime 1772538992.0
DEBUG 2026-05-19 14:10:23,302 autoreload 33539 135874775416832 File /home/anton/4_sem_vsakoe/IGI_LR5_v2/.venv/lib/python3.10/site-packages/django/contrib/admin/views/decorators.py first seen with mtime 1778162464.7451007
DEBUG 2026-05-19 14:10:23,303 autoreload 33539 135874775416832 File /usr/lib/python3.10/encodings/cp1140.py first seen with mtime 1772538992.0
DEBUG 2026-05-19 14:10:23,303 autoreload 33539 135874775416832 File /home/anton/4_sem_vsakoe/IGI_LR5_v2/.venv/lib/python3.10/site-packages/django/utils/html.py first seen with mtime 1778162466.464267
DEBUG 2026-05-19 14:10:23,303 autoreload 33539 135874775416832 File /usr/lib/python3.10/encodings/cp424.py first seen with mtime 1772538992.0
DEBUG 2026-05-19 14:10:23,303 autoreload 33539 135874775416832 File /home/anton/4_sem_vsakoe/IGI_LR5_v2/.venv/lib/python3.10/site-packages/django/contrib/admin/utils.py first seen with mtime 1778162464.4394047
DEBUG 2026-05-19 14:10:23,303 autoreload 33539 135874775416832 File /home/anton/4_sem_vsakoe/IGI_LR5_v2/.venv/lib/python3.10/site-packages/django/core/serializers/__init__.py first seen with mtime 1778162466.3108416
DEBUG 2026-05-19 14:10:23,303 autoreload 33539 135874775416832 File /usr/lib/python3.10/email/mime/multipart.py first seen with mtime 1772538992.0
DEBUG 2026-05-19 14:10:23,303 autoreload 33539 135874775416832 File /usr/lib/python3.10/email/_parseaddr.py first seen with mtime 1772538992.0
DEBUG 2026-05-19 14:10:23,304 autoreload 33539 135874775416832 File /usr/lib/python3.10/encodings/shift_jis_2004.py first seen with mtime 1772538992.0
DEBUG 2026-05-19 14:10:23,304 autoreload 33539 135874775416832 File /usr/lib/python3.10/encodings/gbk.py first seen with mtime 1772538992.0
DEBUG 2026-05-19 14:10:23,304 autoreload 33539 135874775416832 File /usr/lib/python3.10/logging/handlers.py first seen with mtime 1772538992.0
DEBUG 2026-05-19 14:10:23,304 autoreload 33539 135874775416832 File /usr/lib/python3.10/argparse.py first seen with mtime 1772538992.0
DEBUG 2026-05-19 14:10:23,304 autoreload 33539 135874775416832 File /usr/lib/python3.10/asyncio/__init__.py first seen with mtime 1772538992.0
DEBUG 2026-05-19 14:10:23,304 autoreload 33539 135874775416832 File /usr/lib/python3.10/email/mime/nonmultipart.py first seen with mtime 1772538992.0
DEBUG 2026-05-19 14:10:23,304 autoreload 33539 135874775416832 File /home/anton/4_sem_vsakoe/IGI_LR5_v2/.venv/lib/python3.10/site-packages/urllib3/connectionpool.py first seen with mtime 1778162458.691347
DEBUG 2026-05-19 14:10:23,304 autoreload 33539 135874775416832 File /usr/lib/python3.10/email/utils.py first seen with mtime 1772538992.0
DEBUG 2026-05-19 14:10:23,305 autoreload 33539 135874775416832 File /home/anton/4_sem_vsakoe/IGI_LR5_v2/.venv/lib/python3.10/site-packages/django/http/response.py first seen with mtime 1778162466.431094
DEBUG 2026-05-19 14:10:23,305 autoreload 33539 135874775416832 File /usr/lib/python3.10/getpass.py first seen with mtime 1772538992.0
DEBUG 2026-05-19 14:10:23,305 autoreload 33539 135874775416832 File /home/anton/4_sem_vsakoe/IGI_LR5_v2/.venv/lib/python3.10/site-packages/idna/package_data.py first seen with mtime 1778162460.9656696
DEBUG 2026-05-19 14:10:23,305 autoreload 33539 135874775416832 File /usr/lib/python3.10/importlib/metadata/_adapters.py first seen with mtime 1772538992.0
DEBUG 2026-05-19 14:10:23,305 autoreload 33539 135874775416832 File /home/anton/4_sem_vsakoe/IGI_LR5_v2/.venv/lib/python3.10/site-packages/django/contrib/messages/__init__.py first seen with mtime 1778162465.7122414
DEBUG 2026-05-19 14:10:23,305 autoreload 33539 135874775416832 File /home/anton/4_sem_vsakoe/IGI_LR5_v2/.venv/lib/python3.10/site-packages/django/core/servers/__init__.py first seen with mtime 1778162466.3191347
DEBUG 2026-05-19 14:10:23,306 autoreload 33539 135874775416832 File /home/anton/4_sem_vsakoe/IGI_LR5_v2/.venv/lib/python3.10/site-packages/django/core/paginator.py first seen with mtime 1778162466.2652285
DEBUG 2026-05-19 14:10:23,306 autoreload 33539 135874775416832 File /usr/lib/python3.10/_sysconfigdata__x86_64-linux-gnu.py first seen with mtime 1772538992.0
DEBUG 2026-05-19 14:10:23,306 autoreload 33539 135874775416832 File /home/anton/4_sem_vsakoe/IGI_LR5_v2/.venv/lib/python3.10/site-packages/urllib3/util/ssltransport.py first seen with mtime 1778162458.7033594
DEBUG 2026-05-19 14:10:23,306 autoreload 33539 135874775416832 File /home/anton/4_sem_vsakoe/IGI_LR5_v2/.venv/lib/python3.10/site-packages/django/contrib/sessions/__init__.py first seen with mtime 1778162465.9581287
DEBUG 2026-05-19 14:10:23,306 autoreload 33539 135874775416832 File /usr/lib/python3.10/encodings/cp1125.py first seen with mtime 1772538992.0
DEBUG 2026-05-19 14:10:23,306 autoreload 33539 135874775416832 File /home/anton/4_sem_vsakoe/IGI_LR5_v2/.venv/lib/python3.10/site-packages/django/core/files/temp.py first seen with mtime 1778162466.281815
DEBUG 2026-05-19 14:10:23,306 autoreload 33539 135874775416832 File /home/anton/4_sem_vsakoe/IGI_LR5_v2/.venv/lib/python3.10/site-packages/django/db/backends/sqlite3/_functions.py first seen with mtime 1778162466.3357213
DEBUG 2026-05-19 14:10:23,307 autoreload 33539 135874775416832 File /home/anton/4_sem_vsakoe/IGI_LR5_v2/.venv/lib/python3.10/site-packages/django/contrib/sessions/models.py first seen with mtime 1778162465.9581287
DEBUG 2026-05-19 14:10:23,307 autoreload 33539 135874775416832 File /usr/lib/python3.10/encodings/mac_latin2.py first seen with mtime 1772538992.0
DEBUG 2026-05-19 14:10:23,307 autoreload 33539 135874775416832 File /usr/lib/python3.10/selectors.py first seen with mtime 1772538992.0
DEBUG 2026-05-19 14:10:23,307 autoreload 33539 135874775416832 File /home/anton/4_sem_vsakoe/IGI_LR5_v2/.venv/lib/python3.10/site-packages/urllib3/util/request.py first seen with mtime 1778162458.6993551
DEBUG 2026-05-19 14:10:23,307 autoreload 33539 135874775416832 File /usr/lib/python3.10/email/generator.py first seen with mtime 1772538992.0
DEBUG 2026-05-19 14:10:23,307 autoreload 33539 135874775416832 File /usr/lib/python3.10/string.py first seen with mtime 1772538992.0
DEBUG 2026-05-19 14:10:23,308 autoreload 33539 135874775416832 File /usr/lib/python3.10/encodings/cp932.py first seen with mtime 1772538992.0
DEBUG 2026-05-19 14:10:23,308 autoreload 33539 135874775416832 File /usr/lib/python3.10/configparser.py first seen with mtime 1772538992.0
DEBUG 2026-05-19 14:10:23,308 autoreload 33539 135874775416832 File /home/anton/4_sem_vsakoe/IGI_LR5_v2/.venv/lib/python3.10/site-packages/django/contrib/staticfiles/apps.py first seen with mtime 1778162466.2569351
DEBUG 2026-05-19 14:10:23,308 autoreload 33539 135874775416832 File /usr/lib/python3.10/encodings/iso2022_jp_ext.py first seen with mtime 1772538992.0
DEBUG 2026-05-19 14:10:23,308 autoreload 33539 135874775416832 File /home/anton/4_sem_vsakoe/IGI_LR5_v2/.venv/lib/python3.10/site-packages/django/db/models/utils.py first seen with mtime 1778162466.373041
DEBUG 2026-05-19 14:10:23,308 autoreload 33539 135874775416832 File /home/anton/4_sem_vsakoe/IGI_LR5_v2/.venv/lib/python3.10/site-packages/django/shortcuts.py first seen with mtime 1778162464.214155
DEBUG 2026-05-19 14:10:23,308 autoreload 33539 135874775416832 File /home/anton/4_sem_vsakoe/IGI_LR5_v2/.venv/lib/python3.10/site-packages/django/contrib/staticfiles/management/commands/runserver.py first seen with mtime 1778162466.261082
DEBUG 2026-05-19 14:10:23,308 autoreload 33539 135874775416832 File /home/anton/4_sem_vsakoe/IGI_LR5_v2/.venv/lib/python3.10/site-packages/charset_normalizer/legacy.py first seen with mtime 1778162461.3300405
DEBUG 2026-05-19 14:10:23,309 autoreload 33539 135874775416832 File /usr/lib/python3.10/email/policy.py first seen with mtime 1772538992.0
DEBUG 2026-05-19 14:10:23,309 autoreload 33539 135874775416832 File /usr/lib/python3.10/encodings/cp1250.py first seen with mtime 1772538992.0
DEBUG 2026-05-19 14:10:23,309 autoreload 33539 135874775416832 File /home/anton/4_sem_vsakoe/IGI_LR5_v2/.venv/lib/python3.10/site-packages/django/contrib/admin/templatetags/log.py first seen with mtime 1778162464.7451007
DEBUG 2026-05-19 14:10:23,309 autoreload 33539 135874775416832 File /home/anton/4_sem_vsakoe/IGI_LR5_v2/.venv/lib/python3.10/site-packages/sqlparse/filters/output.py first seen with mtime 1778152624.823165
DEBUG 2026-05-19 14:10:23,309 autoreload 33539 135874775416832 File /usr/lib/python3.10/asyncio/subprocess.py first seen with mtime 1772538992.0
DEBUG 2026-05-19 14:10:23,309 autoreload 33539 135874775416832 File /home/anton/4_sem_vsakoe/IGI_LR5_v2/.venv/lib/python3.10/site-packages/django/db/utils.py first seen with mtime 1778162466.3191347
DEBUG 2026-05-19 14:10:23,309 autoreload 33539 135874775416832 File /usr/lib/python3.10/http/cookies.py first seen with mtime 1772538992.0
DEBUG 2026-05-19 14:10:23,310 autoreload 33539 135874775416832 File /usr/lib/python3.10/bz2.py first seen with mtime 1772538992.0
DEBUG 2026-05-19 14:10:23,310 autoreload 33539 135874775416832 File /home/anton/4_sem_vsakoe/IGI_LR5_v2/.venv/lib/python3.10/site-packages/django/urls/utils.py first seen with mtime 1778162466.451827
DEBUG 2026-05-19 14:10:23,310 autoreload 33539 135874775416832 File /home/anton/4_sem_vsakoe/IGI_LR5_v2/.venv/lib/python3.10/site-packages/asgiref/local.py first seen with mtime 1778152624.8831575
DEBUG 2026-05-19 14:10:23,310 autoreload 33539 135874775416832 File /home/anton/4_sem_vsakoe/IGI_LR5_v2/.venv/lib/python3.10/site-packages/django/core/files/uploadedfile.py first seen with mtime 1778162466.281815
DEBUG 2026-05-19 14:10:23,310 autoreload 33539 135874775416832 File /home/anton/4_sem_vsakoe/IGI_LR5_v2/.venv/lib/python3.10/site-packages/django/db/backends/base/creation.py first seen with mtime 1778162466.3232813
DEBUG 2026-05-19 14:10:23,310 autoreload 33539 135874775416832 File /usr/lib/python3.10/opcode.py first seen with mtime 1772538992.0
DEBUG 2026-05-19 14:10:23,310 autoreload 33539 135874775416832 File /home/anton/4_sem_vsakoe/IGI_LR5_v2/.venv/lib/python3.10/site-packages/django/views/decorators/common.py first seen with mtime 1778162466.4767067
DEBUG 2026-05-19 14:10:23,310 autoreload 33539 135874775416832 File /home/anton/4_sem_vsakoe/IGI_LR5_v2/.venv/lib/python3.10/site-packages/requests/models.py first seen with mtime 1778162461.4341464
DEBUG 2026-05-19 14:10:23,311 autoreload 33539 135874775416832 File /home/anton/4_sem_vsakoe/IGI_LR5_v2/.venv/lib/python3.10/site-packages/sqlparse/sql.py first seen with mtime 1778152624.8191655
DEBUG 2026-05-19 14:10:23,311 autoreload 33539 135874775416832 File /home/anton/4_sem_vsakoe/IGI_LR5_v2/.venv/lib/python3.10/site-packages/charset_normalizer/constant.py first seen with mtime 1778162461.3300405
DEBUG 2026-05-19 14:10:23,311 autoreload 33539 135874775416832 File /home/anton/4_sem_vsakoe/IGI_LR5_v2/.venv/lib/python3.10/site-packages/django/db/backends/base/schema.py first seen with mtime 1778162466.327428
DEBUG 2026-05-19 14:10:23,311 autoreload 33539 135874775416832 File /home/anton/4_sem_vsakoe/IGI_LR5_v2/.venv/lib/python3.10/site-packages/django/utils/duration.py first seen with mtime 1778162466.4601202
DEBUG 2026-05-19 14:10:23,311 autoreload 33539 135874775416832 File /home/anton/4_sem_vsakoe/IGI_LR5_v2/.venv/lib/python3.10/site-packages/sqlparse/engine/__init__.py first seen with mtime 1778152624.823165
DEBUG 2026-05-19 14:10:23,311 autoreload 33539 135874775416832 File /usr/lib/python3.10/subprocess.py first seen with mtime 1772538992.0
DEBUG 2026-05-19 14:10:23,311 autoreload 33539 135874775416832 File /home/anton/4_sem_vsakoe/IGI_LR5_v2/.venv/lib/python3.10/site-packages/urllib3/util/connection.py first seen with mtime 1778162458.6993551
DEBUG 2026-05-19 14:10:23,312 autoreload 33539 135874775416832 File /home/anton/4_sem_vsakoe/IGI_LR5_v2/.venv/lib/python3.10/site-packages/idna/__init__.py first seen with mtime 1778162460.9616656
DEBUG 2026-05-19 14:10:23,312 autoreload 33539 135874775416832 File /usr/lib/python3.10/weakref.py first seen with mtime 1772538992.0
DEBUG 2026-05-19 14:10:23,312 autoreload 33539 135874775416832 File /home/anton/4_sem_vsakoe/IGI_LR5_v2/.venv/lib/python3.10/site-packages/django/db/backends/base/validation.py first seen with mtime 1778162466.327428
DEBUG 2026-05-19 14:10:23,312 autoreload 33539 135874775416832 File /usr/lib/python3.10/encodings/gb2312.py first seen with mtime 1772538992.0
DEBUG 2026-05-19 14:10:23,312 autoreload 33539 135874775416832 File /home/anton/4_sem_vsakoe/IGI_LR5_v2/.venv/lib/python3.10/site-packages/django/contrib/admin/widgets.py first seen with mtime 1778162464.443427
DEBUG 2026-05-19 14:10:23,312 autoreload 33539 135874775416832 File /home/anton/4_sem_vsakoe/IGI_LR5_v2/.venv/lib/python3.10/site-packages/django/forms/widgets.py first seen with mtime 1778162466.393774
DEBUG 2026-05-19 14:10:23,312 autoreload 33539 135874775416832 File /usr/lib/python3.10/email/header.py first seen with mtime 1772538992.0
DEBUG 2026-05-19 14:10:23,312 autoreload 33539 135874775416832 File /usr/lib/python3.10/lib-dynload/_opcode.cpython-310-x86_64-linux-gnu.so first seen with mtime 1772538992.0
DEBUG 2026-05-19 14:10:23,313 autoreload 33539 135874775416832 File /home/anton/4_sem_vsakoe/IGI_LR5_v2/.venv/lib/python3.10/site-packages/django/utils/translation/reloader.py first seen with mtime 1778162466.4725602
DEBUG 2026-05-19 14:10:23,313 autoreload 33539 135874775416832 File /home/anton/4_sem_vsakoe/IGI_LR5_v2/.venv/lib/python3.10/site-packages/django/template/base.py first seen with mtime 1778162466.439387
DEBUG 2026-05-19 14:10:23,313 autoreload 33539 135874775416832 File /home/anton/4_sem_vsakoe/IGI_LR5_v2/.venv/lib/python3.10/site-packages/django/utils/timezone.py first seen with mtime 1778162466.4684136
DEBUG 2026-05-19 14:10:23,313 autoreload 33539 135874775416832 File /home/anton/4_sem_vsakoe/IGI_LR5_v2/.venv/lib/python3.10/site-packages/django/contrib/__init__.py first seen with mtime 1778162464.4353824
DEBUG 2026-05-19 14:10:23,313 autoreload 33539 135874775416832 File /home/anton/4_sem_vsakoe/IGI_LR5_v2/.venv/lib/python3.10/site-packages/django/views/decorators/__init__.py first seen with mtime 1778162466.4767067
DEBUG 2026-05-19 14:10:23,313 autoreload 33539 135874775416832 File /home/anton/4_sem_vsakoe/IGI_LR5_v2/.venv/lib/python3.10/site-packages/django/contrib/contenttypes/apps.py first seen with mtime 1778162465.040198
DEBUG 2026-05-19 14:10:23,314 autoreload 33539 135874775416832 File /usr/lib/python3.10/lib-dynload/_bz2.cpython-310-x86_64-linux-gnu.so first seen with mtime 1772538992.0
DEBUG 2026-05-19 14:10:23,314 autoreload 33539 135874775416832 File /usr/lib/python3.10/encodings/euc_jp.py first seen with mtime 1772538992.0
DEBUG 2026-05-19 14:10:23,315 autoreload 33539 135874775416832 File /usr/lib/python3.10/email/iterators.py first seen with mtime 1772538992.0
DEBUG 2026-05-19 14:10:23,315 autoreload 33539 135874775416832 File /home/anton/4_sem_vsakoe/IGI_LR5_v2/.venv/lib/python3.10/site-packages/requests/api.py first seen with mtime 1778162461.4301424
DEBUG 2026-05-19 14:10:23,315 autoreload 33539 135874775416832 File /home/anton/4_sem_vsakoe/IGI_LR5_v2/.venv/lib/python3.10/site-packages/urllib3/util/wait.py first seen with mtime 1778162458.7033594
DEBUG 2026-05-19 14:10:23,315 autoreload 33539 135874775416832 File /home/anton/4_sem_vsakoe/IGI_LR5_v2/.venv/lib/python3.10/site-packages/django/db/models/query.py first seen with mtime 1778162466.373041
DEBUG 2026-05-19 14:10:23,316 autoreload 33539 135874775416832 File /usr/lib/python3.10/asyncio/queues.py first seen with mtime 1772538992.0
DEBUG 2026-05-19 14:10:23,316 autoreload 33539 135874775416832 File /home/anton/4_sem_vsakoe/IGI_LR5_v2/.venv/lib/python3.10/site-packages/django/utils/tree.py first seen with mtime 1778162466.4684136
DEBUG 2026-05-19 14:10:23,316 autoreload 33539 135874775416832 File /home/anton/4_sem_vsakoe/IGI_LR5_v2/.venv/lib/python3.10/site-packages/urllib3/util/__init__.py first seen with mtime 1778162458.6993551
DEBUG 2026-05-19 14:10:23,316 autoreload 33539 135874775416832 File /home/anton/4_sem_vsakoe/IGI_LR5_v2/.venv/lib/python3.10/site-packages/django/core/files/locks.py first seen with mtime 1778162466.281815
DEBUG 2026-05-19 14:10:23,316 autoreload 33539 135874775416832 File /home/anton/4_sem_vsakoe/IGI_LR5_v2/.venv/lib/python3.10/site-packages/django/contrib/contenttypes/admin.py first seen with mtime 1778162465.040198
DEBUG 2026-05-19 14:10:23,316 autoreload 33539 135874775416832 File /usr/lib/python3.10/encodings/cp861.py first seen with mtime 1772538992.0
DEBUG 2026-05-19 14:10:23,316 autoreload 33539 135874775416832 File /usr/lib/python3.10/urllib/parse.py first seen with mtime 1772538992.0
DEBUG 2026-05-19 14:10:23,317 autoreload 33539 135874775416832 File /home/anton/4_sem_vsakoe/IGI_LR5_v2/.venv/lib/python3.10/site-packages/django/utils/regex_helper.py first seen with mtime 1778162466.4684136
DEBUG 2026-05-19 14:10:23,317 autoreload 33539 135874775416832 File /usr/lib/python3.10/posixpath.py first seen with mtime 1772538992.0
DEBUG 2026-05-19 14:10:23,317 autoreload 33539 135874775416832 File /home/anton/4_sem_vsakoe/IGI_LR5_v2/.venv/lib/python3.10/site-packages/django/db/models/sql/constants.py first seen with mtime 1778162466.3854809
DEBUG 2026-05-19 14:10:23,317 autoreload 33539 135874775416832 File /usr/lib/python3.10/importlib/_abc.py first seen with mtime 1772538992.0
DEBUG 2026-05-19 14:10:23,317 autoreload 33539 135874775416832 File /home/anton/4_sem_vsakoe/IGI_LR5_v2/.venv/lib/python3.10/site-packages/django/core/checks/files.py first seen with mtime 1778162466.2735217
DEBUG 2026-05-19 14:10:23,317 autoreload 33539 135874775416832 File /home/anton/4_sem_vsakoe/IGI_LR5_v2/.venv/lib/python3.10/site-packages/django/utils/timesince.py first seen with mtime 1778162466.4684136
DEBUG 2026-05-19 14:10:23,317 autoreload 33539 135874775416832 File /usr/lib/python3.10/encodings/cp850.py first seen with mtime 1772538992.0
DEBUG 2026-05-19 14:10:23,318 autoreload 33539 135874775416832 File /usr/lib/python3.10/asyncio/mixins.py first seen with mtime 1772538992.0
DEBUG 2026-05-19 14:10:23,318 autoreload 33539 135874775416832 File /home/anton/4_sem_vsakoe/IGI_LR5_v2/.venv/lib/python3.10/site-packages/django/views/generic/list.py first seen with mtime 1778162466.4808533
DEBUG 2026-05-19 14:10:23,318 autoreload 33539 135874775416832 File /home/anton/4_sem_vsakoe/IGI_LR5_v2/.venv/lib/python3.10/site-packages/idna/idnadata.py first seen with mtime 1778162460.9656696
DEBUG 2026-05-19 14:10:23,318 autoreload 33539 135874775416832 File /home/anton/4_sem_vsakoe/IGI_LR5_v2/carshop/templates/users first seen with mtime 1779183989.5454404
DEBUG 2026-05-19 14:10:23,319 autoreload 33539 135874775416832 File /home/anton/4_sem_vsakoe/IGI_LR5_v2/carshop/templates/catalog first seen with mtime 1779183989.541393
DEBUG 2026-05-19 14:10:23,319 autoreload 33539 135874775416832 File /home/anton/4_sem_vsakoe/IGI_LR5_v2/carshop/templates/base.html first seen with mtime 1779183989.513061
DEBUG 2026-05-19 14:10:23,319 autoreload 33539 135874775416832 File /home/anton/4_sem_vsakoe/IGI_LR5_v2/carshop/templates/users/login.html first seen with mtime 1779183989.5454404
DEBUG 2026-05-19 14:10:23,319 autoreload 33539 135874775416832 File /home/anton/4_sem_vsakoe/IGI_LR5_v2/carshop/templates/users/register.html first seen with mtime 1779183989.5454404
DEBUG 2026-05-19 14:10:23,319 autoreload 33539 135874775416832 File /home/anton/4_sem_vsakoe/IGI_LR5_v2/carshop/templates/users/profile.html first seen with mtime 1779183989.5454404
DEBUG 2026-05-19 14:10:23,320 autoreload 33539 135874775416832 File /home/anton/4_sem_vsakoe/IGI_LR5_v2/carshop/templates/catalog/car_detail.html first seen with mtime 1779183989.5171084
DEBUG 2026-05-19 14:10:23,320 autoreload 33539 135874775416832 File /home/anton/4_sem_vsakoe/IGI_LR5_v2/carshop/templates/catalog/news_detail.html first seen with mtime 1779183989.5292509
DEBUG 2026-05-19 14:10:23,320 autoreload 33539 135874775416832 File /home/anton/4_sem_vsakoe/IGI_LR5_v2/carshop/templates/catalog/vacancies.html first seen with mtime 1779183989.541393
DEBUG 2026-05-19 14:10:23,320 autoreload 33539 135874775416832 File /home/anton/4_sem_vsakoe/IGI_LR5_v2/carshop/templates/catalog/car_list.html first seen with mtime 1779183989.5252032
DEBUG 2026-05-19 14:10:23,320 autoreload 33539 135874775416832 File /home/anton/4_sem_vsakoe/IGI_LR5_v2/carshop/templates/catalog/about.html first seen with mtime 1779183989.5171084
DEBUG 2026-05-19 14:10:23,320 autoreload 33539 135874775416832 File /home/anton/4_sem_vsakoe/IGI_LR5_v2/carshop/templates/catalog/contacts.html first seen with mtime 1779183989.5252032
DEBUG 2026-05-19 14:10:23,321 autoreload 33539 135874775416832 File /home/anton/4_sem_vsakoe/IGI_LR5_v2/carshop/templates/catalog/promos.html first seen with mtime 1779183989.5332983
DEBUG 2026-05-19 14:10:23,321 autoreload 33539 135874775416832 File /home/anton/4_sem_vsakoe/IGI_LR5_v2/carshop/templates/catalog/car_form.html first seen with mtime 1779183989.5171084
DEBUG 2026-05-19 14:10:23,321 autoreload 33539 135874775416832 File /home/anton/4_sem_vsakoe/IGI_LR5_v2/carshop/templates/catalog/employee_orders.html first seen with mtime 1779183989.5252032
DEBUG 2026-05-19 14:10:23,321 autoreload 33539 135874775416832 File /home/anton/4_sem_vsakoe/IGI_LR5_v2/carshop/templates/catalog/order_create.html first seen with mtime 1779183989.5332983
DEBUG 2026-05-19 14:10:23,321 autoreload 33539 135874775416832 File /home/anton/4_sem_vsakoe/IGI_LR5_v2/carshop/templates/catalog/news_list.html first seen with mtime 1779183989.5292509
DEBUG 2026-05-19 14:10:23,321 autoreload 33539 135874775416832 File /home/anton/4_sem_vsakoe/IGI_LR5_v2/carshop/templates/catalog/statistics.html first seen with mtime 1779183989.5373456
DEBUG 2026-05-19 14:10:23,322 autoreload 33539 135874775416832 File /home/anton/4_sem_vsakoe/IGI_LR5_v2/carshop/templates/catalog/my_orders.html first seen with mtime 1779183989.5292509
DEBUG 2026-05-19 14:10:23,322 autoreload 33539 135874775416832 File /home/anton/4_sem_vsakoe/IGI_LR5_v2/carshop/templates/catalog/reviews.html first seen with mtime 1779183989.5373456
DEBUG 2026-05-19 14:10:23,322 autoreload 33539 135874775416832 File /home/anton/4_sem_vsakoe/IGI_LR5_v2/carshop/templates/catalog/faq.html first seen with mtime 1779183989.5252032
DEBUG 2026-05-19 14:10:23,322 autoreload 33539 135874775416832 File /home/anton/4_sem_vsakoe/IGI_LR5_v2/carshop/templates/catalog/car_confirm_delete.html first seen with mtime 1779183989.5171084
DEBUG 2026-05-19 14:10:23,322 autoreload 33539 135874775416832 File /home/anton/4_sem_vsakoe/IGI_LR5_v2/carshop/templates/catalog/index.html first seen with mtime 1779183989.5252032
DEBUG 2026-05-19 14:10:23,322 autoreload 33539 135874775416832 File /home/anton/4_sem_vsakoe/IGI_LR5_v2/carshop/templates/catalog/privacy.html first seen with mtime 1779183989.5332983
DEBUG 2026-05-19 14:10:24,399 autoreload 33539 135874775416832 File /home/anton/4_sem_vsakoe/IGI_LR5_v2/.venv/lib/python3.10/site-packages/django/contrib/auth/middleware.py first seen with mtime 1778162464.885882
DEBUG 2026-05-19 14:10:24,399 autoreload 33539 135874775416832 File /home/anton/4_sem_vsakoe/IGI_LR5_v2/.venv/lib/python3.10/site-packages/django/contrib/auth/migrations/0004_alter_user_username_opts.py first seen with mtime 1778162465.0360081
DEBUG 2026-05-19 14:10:24,400 autoreload 33539 135874775416832 File /home/anton/4_sem_vsakoe/IGI_LR5_v2/.venv/lib/python3.10/site-packages/PIL/Image.py first seen with mtime 1778162460.1888776
DEBUG 2026-05-19 14:10:24,400 autoreload 33539 135874775416832 File /home/anton/4_sem_vsakoe/IGI_LR5_v2/carshop/catalog/migrations/__init__.py first seen with mtime 1778155790.9536002
DEBUG 2026-05-19 14:10:24,400 autoreload 33539 135874775416832 File /home/anton/4_sem_vsakoe/IGI_LR5_v2/.venv/lib/python3.10/site-packages/django/contrib/admin/migrations/0002_logentry_remove_auto_add.py first seen with mtime 1778162464.6646545
DEBUG 2026-05-19 14:10:24,400 autoreload 33539 135874775416832 File /home/anton/4_sem_vsakoe/IGI_LR5_v2/.venv/lib/python3.10/site-packages/django/middleware/clickjacking.py first seen with mtime 1778162466.431094
DEBUG 2026-05-19 14:10:24,401 autoreload 33539 135874775416832 File /home/anton/4_sem_vsakoe/IGI_LR5_v2/.venv/lib/python3.10/site-packages/whitenoise/media_types.py first seen with mtime 1778162458.647302
DEBUG 2026-05-19 14:10:24,401 autoreload 33539 135874775416832 File /home/anton/4_sem_vsakoe/IGI_LR5_v2/.venv/lib/python3.10/site-packages/django/contrib/auth/backends.py first seen with mtime 1778162464.8818595
DEBUG 2026-05-19 14:10:24,401 autoreload 33539 135874775416832 File /home/anton/4_sem_vsakoe/IGI_LR5_v2/.venv/lib/python3.10/site-packages/django/contrib/auth/migrations/0005_alter_user_last_login_null.py first seen with mtime 1778162465.0360081
DEBUG 2026-05-19 14:10:24,402 autoreload 33539 135874775416832 File /home/anton/4_sem_vsakoe/IGI_LR5_v2/.venv/lib/python3.10/site-packages/django/contrib/sessions/migrations/0001_initial.py first seen with mtime 1778162466.124243
DEBUG 2026-05-19 14:10:24,402 autoreload 33539 135874775416832 File /home/anton/4_sem_vsakoe/IGI_LR5_v2/.venv/lib/python3.10/site-packages/whitenoise/middleware.py first seen with mtime 1778162458.651306
DEBUG 2026-05-19 14:10:24,402 autoreload 33539 135874775416832 File /home/anton/4_sem_vsakoe/IGI_LR5_v2/.venv/lib/python3.10/site-packages/django/views/csrf.py first seen with mtime 1778162466.4725602
DEBUG 2026-05-19 14:10:24,402 autoreload 33539 135874775416832 File /home/anton/4_sem_vsakoe/IGI_LR5_v2/.venv/lib/python3.10/site-packages/django/contrib/contenttypes/migrations/0001_initial.py first seen with mtime 1778162465.2621427
DEBUG 2026-05-19 14:10:24,403 autoreload 33539 135874775416832 File /home/anton/4_sem_vsakoe/IGI_LR5_v2/carshop/users/migrations/__init__.py first seen with mtime 1778155802.597721
DEBUG 2026-05-19 14:10:24,403 autoreload 33539 135874775416832 File /home/anton/4_sem_vsakoe/IGI_LR5_v2/.venv/lib/python3.10/site-packages/PIL/_binary.py first seen with mtime 1778162460.212902
DEBUG 2026-05-19 14:10:24,403 autoreload 33539 135874775416832 File /home/anton/4_sem_vsakoe/IGI_LR5_v2/.venv/lib/python3.10/site-packages/django/contrib/staticfiles/storage.py first seen with mtime 1778162466.2569351
DEBUG 2026-05-19 14:10:24,404 autoreload 33539 135874775416832 File /home/anton/4_sem_vsakoe/IGI_LR5_v2/.venv/lib/python3.10/site-packages/django/contrib/auth/migrations/__init__.py first seen with mtime 1778162465.0360081
DEBUG 2026-05-19 14:10:24,404 autoreload 33539 135874775416832 File /home/anton/4_sem_vsakoe/IGI_LR5_v2/.venv/lib/python3.10/site-packages/django/contrib/auth/migrations/0010_alter_group_name_max_length.py first seen with mtime 1778162465.0360081
DEBUG 2026-05-19 14:10:24,404 autoreload 33539 135874775416832 File /home/anton/4_sem_vsakoe/IGI_LR5_v2/.venv/lib/python3.10/site-packages/django/contrib/sessions/exceptions.py first seen with mtime 1778162465.9581287
DEBUG 2026-05-19 14:10:24,404 autoreload 33539 135874775416832 File /home/anton/4_sem_vsakoe/IGI_LR5_v2/.venv/lib/python3.10/site-packages/django/db/models/sql/compiler.py first seen with mtime 1778162466.3854809
DEBUG 2026-05-19 14:10:24,404 autoreload 33539 135874775416832 File /home/anton/4_sem_vsakoe/IGI_LR5_v2/.venv/lib/python3.10/site-packages/whitenoise/string_utils.py first seen with mtime 1778162458.651306
DEBUG 2026-05-19 14:10:24,405 autoreload 33539 135874775416832 File /home/anton/4_sem_vsakoe/IGI_LR5_v2/.venv/lib/python3.10/site-packages/PIL/_util.py first seen with mtime 1778162460.2809715
DEBUG 2026-05-19 14:10:24,405 autoreload 33539 135874775416832 File /home/anton/4_sem_vsakoe/IGI_LR5_v2/.venv/lib/python3.10/site-packages/django/db/migrations/loader.py first seen with mtime 1778162466.3523078
DEBUG 2026-05-19 14:10:24,405 autoreload 33539 135874775416832 File /home/anton/4_sem_vsakoe/IGI_LR5_v2/.venv/lib/python3.10/site-packages/PIL/_deprecate.py first seen with mtime 1778162460.2169063
DEBUG 2026-05-19 14:10:24,406 autoreload 33539 135874775416832 File /home/anton/4_sem_vsakoe/IGI_LR5_v2/.venv/lib/python3.10/site-packages/django/contrib/auth/migrations/0006_require_contenttypes_0002.py first seen with mtime 1778162465.0360081
DEBUG 2026-05-19 14:10:24,407 autoreload 33539 135874775416832 File /home/anton/4_sem_vsakoe/IGI_LR5_v2/.venv/lib/python3.10/site-packages/django/middleware/security.py first seen with mtime 1778162466.4352405
DEBUG 2026-05-19 14:10:24,407 autoreload 33539 135874775416832 File /home/anton/4_sem_vsakoe/IGI_LR5_v2/.venv/lib/python3.10/site-packages/django/contrib/auth/migrations/0009_alter_user_last_name_max_length.py first seen with mtime 1778162465.0360081
DEBUG 2026-05-19 14:10:24,408 autoreload 33539 135874775416832 File /home/anton/4_sem_vsakoe/IGI_LR5_v2/.venv/lib/python3.10/site-packages/PIL/_imaging.cpython-310-x86_64-linux-gnu.so first seen with mtime 1778162460.2649553
DEBUG 2026-05-19 14:10:24,410 autoreload 33539 135874775416832 File /home/anton/4_sem_vsakoe/IGI_LR5_v2/.venv/lib/python3.10/site-packages/django/contrib/auth/migrations/0008_alter_user_username_max_length.py first seen with mtime 1778162465.0360081
DEBUG 2026-05-19 14:10:24,410 autoreload 33539 135874775416832 File /home/anton/4_sem_vsakoe/IGI_LR5_v2/.venv/lib/python3.10/site-packages/django/contrib/admin/migrations/0001_initial.py first seen with mtime 1778162464.6646545
DEBUG 2026-05-19 14:10:24,411 autoreload 33539 135874775416832 File /home/anton/4_sem_vsakoe/IGI_LR5_v2/.venv/lib/python3.10/site-packages/whitenoise/base.py first seen with mtime 1778162458.647302
DEBUG 2026-05-19 14:10:24,411 autoreload 33539 135874775416832 File /home/anton/4_sem_vsakoe/IGI_LR5_v2/.venv/lib/python3.10/site-packages/django/contrib/messages/middleware.py first seen with mtime 1778162465.7122414
DEBUG 2026-05-19 14:10:24,411 autoreload 33539 135874775416832 File /home/anton/4_sem_vsakoe/IGI_LR5_v2/.venv/lib/python3.10/site-packages/PIL/__init__.py first seen with mtime 1778162460.208898
DEBUG 2026-05-19 14:10:24,412 autoreload 33539 135874775416832 File /home/anton/4_sem_vsakoe/IGI_LR5_v2/.venv/lib/python3.10/site-packages/PIL/_version.py first seen with mtime 1778162460.2809715
DEBUG 2026-05-19 14:10:24,412 autoreload 33539 135874775416832 File /home/anton/4_sem_vsakoe/IGI_LR5_v2/.venv/lib/python3.10/site-packages/django/contrib/sessions/middleware.py first seen with mtime 1778162465.9581287
DEBUG 2026-05-19 14:10:24,412 autoreload 33539 135874775416832 File /home/anton/4_sem_vsakoe/IGI_LR5_v2/.venv/lib/python3.10/site-packages/django/contrib/auth/migrations/0012_alter_user_first_name_max_length.py first seen with mtime 1778162465.0360081
DEBUG 2026-05-19 14:10:24,413 autoreload 33539 135874775416832 File /home/anton/4_sem_vsakoe/IGI_LR5_v2/.venv/lib/python3.10/site-packages/django/contrib/auth/migrations/0003_alter_user_email_max_length.py first seen with mtime 1778162465.0360081
DEBUG 2026-05-19 14:10:24,413 autoreload 33539 135874775416832 File /home/anton/4_sem_vsakoe/IGI_LR5_v2/.venv/lib/python3.10/site-packages/django/contrib/sessions/backends/db.py first seen with mtime 1778162465.9622965
DEBUG 2026-05-19 14:10:24,413 autoreload 33539 135874775416832 File /home/anton/4_sem_vsakoe/IGI_LR5_v2/.venv/lib/python3.10/site-packages/django/contrib/auth/migrations/0007_alter_validators_add_error_messages.py first seen with mtime 1778162465.0360081
DEBUG 2026-05-19 14:10:24,413 autoreload 33539 135874775416832 File /home/anton/4_sem_vsakoe/IGI_LR5_v2/.venv/lib/python3.10/site-packages/whitenoise/responders.py first seen with mtime 1778162458.651306
DEBUG 2026-05-19 14:10:24,414 autoreload 33539 135874775416832 File /home/anton/4_sem_vsakoe/IGI_LR5_v2/.venv/lib/python3.10/site-packages/django/contrib/sessions/backends/base.py first seen with mtime 1778162465.9581287
DEBUG 2026-05-19 14:10:24,414 autoreload 33539 135874775416832 File /home/anton/4_sem_vsakoe/IGI_LR5_v2/carshop/carshop/wsgi.py first seen with mtime 1778152871.6099164
DEBUG 2026-05-19 14:10:24,414 autoreload 33539 135874775416832 File /home/anton/4_sem_vsakoe/IGI_LR5_v2/.venv/lib/python3.10/site-packages/django/contrib/auth/migrations/0001_initial.py first seen with mtime 1778162465.0360081
DEBUG 2026-05-19 14:10:24,415 autoreload 33539 135874775416832 File /home/anton/4_sem_vsakoe/IGI_LR5_v2/.venv/lib/python3.10/site-packages/PIL/ImageMode.py first seen with mtime 1778162460.1928818
DEBUG 2026-05-19 14:10:24,415 autoreload 33539 135874775416832 File /home/anton/4_sem_vsakoe/IGI_LR5_v2/.venv/lib/python3.10/site-packages/whitenoise/__init__.py first seen with mtime 1778162458.647302
DEBUG 2026-05-19 14:10:24,415 autoreload 33539 135874775416832 File /home/anton/4_sem_vsakoe/IGI_LR5_v2/.venv/lib/python3.10/site-packages/django/contrib/admin/migrations/0003_logentry_add_action_flag_choices.py first seen with mtime 1778162464.6646545
DEBUG 2026-05-19 14:10:24,416 autoreload 33539 135874775416832 File /home/anton/4_sem_vsakoe/IGI_LR5_v2/carshop/catalog/migrations/0001_initial.py first seen with mtime 1779185437.3561776
DEBUG 2026-05-19 14:10:24,416 autoreload 33539 135874775416832 File /home/anton/4_sem_vsakoe/IGI_LR5_v2/.venv/lib/python3.10/site-packages/django/contrib/sessions/backends/__init__.py first seen with mtime 1778162465.9581287
DEBUG 2026-05-19 14:10:24,417 autoreload 33539 135874775416832 File /home/anton/4_sem_vsakoe/IGI_LR5_v2/.venv/lib/python3.10/site-packages/django/contrib/auth/migrations/0011_update_proxy_permissions.py first seen with mtime 1778162465.0360081
DEBUG 2026-05-19 14:10:24,417 autoreload 33539 135874775416832 File /home/anton/4_sem_vsakoe/IGI_LR5_v2/.venv/lib/python3.10/site-packages/django/db/migrations/graph.py first seen with mtime 1778162466.3523078
DEBUG 2026-05-19 14:10:24,417 autoreload 33539 135874775416832 File /home/anton/4_sem_vsakoe/IGI_LR5_v2/.venv/lib/python3.10/site-packages/django/contrib/admin/migrations/__init__.py first seen with mtime 1778162464.6646545
DEBUG 2026-05-19 14:10:24,417 autoreload 33539 135874775416832 File /home/anton/4_sem_vsakoe/IGI_LR5_v2/.venv/lib/python3.10/site-packages/django/middleware/common.py first seen with mtime 1778162466.431094
DEBUG 2026-05-19 14:10:24,418 autoreload 33539 135874775416832 File /home/anton/4_sem_vsakoe/IGI_LR5_v2/.venv/lib/python3.10/site-packages/PIL/ExifTags.py first seen with mtime 1778162460.1808696
DEBUG 2026-05-19 14:10:24,418 autoreload 33539 135874775416832 File /home/anton/4_sem_vsakoe/IGI_LR5_v2/.venv/lib/python3.10/site-packages/django/contrib/sessions/migrations/__init__.py first seen with mtime 1778162466.124243
DEBUG 2026-05-19 14:10:24,419 autoreload 33539 135874775416832 File /home/anton/4_sem_vsakoe/IGI_LR5_v2/.venv/lib/python3.10/site-packages/django/contrib/contenttypes/migrations/__init__.py first seen with mtime 1778162465.2621427
DEBUG 2026-05-19 14:10:24,419 autoreload 33539 135874775416832 File /home/anton/4_sem_vsakoe/IGI_LR5_v2/.venv/lib/python3.10/site-packages/django/core/cache/backends/locmem.py first seen with mtime 1778162466.269375
DEBUG 2026-05-19 14:10:24,419 autoreload 33539 135874775416832 File /home/anton/4_sem_vsakoe/IGI_LR5_v2/.venv/lib/python3.10/site-packages/PIL/TiffTags.py first seen with mtime 1778162460.208898
DEBUG 2026-05-19 14:10:24,419 autoreload 33539 135874775416832 File /home/anton/4_sem_vsakoe/IGI_LR5_v2/.venv/lib/python3.10/site-packages/django/contrib/contenttypes/migrations/0002_remove_content_type_name.py first seen with mtime 1778162465.2621427
DEBUG 2026-05-19 14:10:24,420 autoreload 33539 135874775416832 File /home/anton/4_sem_vsakoe/IGI_LR5_v2/.venv/lib/python3.10/site-packages/django/db/migrations/executor.py first seen with mtime 1778162466.3523078
DEBUG 2026-05-19 14:10:24,420 autoreload 33539 135874775416832 File /home/anton/4_sem_vsakoe/IGI_LR5_v2/.venv/lib/python3.10/site-packages/django/contrib/auth/migrations/0002_alter_permission_name_max_length.py first seen with mtime 1778162465.0360081
DEBUG 2026-05-19 14:10:24,420 autoreload 33539 135874775416832 File /home/anton/4_sem_vsakoe/IGI_LR5_v2/.venv/lib/python3.10/site-packages/django/db/migrations/recorder.py first seen with mtime 1778162466.3564544
INFO 2026-05-19 14:12:37,485 autoreload 34041 130012996931584 Watching for file changes with StatReloader
INFO 2026-05-19 14:12:56,975 views 34041 130012939286080 Home page accessed
INFO 2026-05-19 14:12:58,099 basehttp 34041 130012939286080 "GET / HTTP/1.1" 200 12590
WARNING 2026-05-19 14:12:59,941 log 34041 130012939286080 Not Found: /favicon.ico
WARNING 2026-05-19 14:12:59,941 basehttp 34041 130012939286080 "GET /favicon.ico HTTP/1.1" 404 6470
INFO 2026-05-19 14:13:29,333 basehttp 34041 130012939286080 "GET /users/login/ HTTP/1.1" 200 6551
INFO 2026-05-19 14:16:19,130 views 34041 130012939286080 User logged in: admin
INFO 2026-05-19 14:16:19,146 basehttp 34041 130012939286080 "POST /users/login/ HTTP/1.1" 302 0
INFO 2026-05-19 14:16:19,157 views 34041 130012939286080 Home page accessed
INFO 2026-05-19 14:16:21,389 basehttp 34041 130012939286080 "GET / HTTP/1.1" 200 14027
WARNING 2026-05-19 14:17:09,591 log 34041 130012939286080 Not Found: /admin
WARNING 2026-05-19 14:17:09,592 basehttp 34041 130012939286080 "GET /admin HTTP/1.1" 404 6446
INFO 2026-05-19 14:21:49,347 autoreload 34041 130012996931584 /home/anton/4_sem_vsakoe/IGI_LR5_v2/carshop/carshop/settings.py changed, reloading.
INFO 2026-05-19 14:21:49,881 autoreload 36098 124037652549632 Watching for file changes with StatReloader
INFO 2026-05-19 14:22:42,835 autoreload 36295 132392209616896 Watching for file changes with StatReloader
INFO 2026-05-19 14:22:46,830 basehttp 36295 132392084829760 "GET /admin/ HTTP/1.1" 200 12562
INFO 2026-05-19 14:22:46,931 basehttp 36295 132392076437056 "GET /static/admin/css/dark_mode.css HTTP/1.1" 200 2929
INFO 2026-05-19 14:22:46,937 basehttp 36295 132392084829760 "GET /static/admin/css/base.css HTTP/1.1" 200 21310
INFO 2026-05-19 14:22:46,940 basehttp 36295 132392057554496 "GET /static/admin/css/dashboard.css HTTP/1.1" 200 441
INFO 2026-05-19 14:22:46,943 basehttp 36295 132392065947200 "GET /static/admin/css/nav_sidebar.css HTTP/1.1" 200 2694
INFO 2026-05-19 14:22:46,944 basehttp 36295 132392049161792 "GET /static/admin/css/responsive.css HTTP/1.1" 200 18559
INFO 2026-05-19 14:22:46,967 basehttp 36295 132392065947200 "GET /static/admin/js/nav_sidebar.js HTTP/1.1" 200 3063
INFO 2026-05-19 14:22:46,968 basehttp 36295 132392049161792 "GET /static/admin/js/theme.js HTTP/1.1" 200 1943
INFO 2026-05-19 14:22:47,037 basehttp 36295 132392049161792 "GET /static/admin/img/icon-addlink.svg HTTP/1.1" 200 331
INFO 2026-05-19 14:22:47,041 basehttp 36295 132392065947200 "GET /static/admin/img/icon-changelink.svg HTTP/1.1" 200 380
INFO 2026-05-19 14:22:50,359 basehttp 36295 132392049161792 "GET /admin/catalog/faq/ HTTP/1.1" 200 15402
INFO 2026-05-19 14:22:50,418 basehttp 36295 132392049161792 "GET /static/admin/css/changelists.css HTTP/1.1" 200 6566
INFO 2026-05-19 14:22:50,452 basehttp 36295 132392084829760 "GET /static/admin/js/core.js HTTP/1.1" 200 5682
INFO 2026-05-19 14:22:50,453 basehttp 36295 132392076437056 "GET /static/admin/js/jquery.init.js HTTP/1.1" 200 347
INFO 2026-05-19 14:22:50,465 basehttp 36295 132392049161792 "GET /static/admin/js/admin/RelatedObjectLookups.js HTTP/1.1" 200 8943
INFO 2026-05-19 14:22:50,468 basehttp 36295 132391695808064 "GET /static/admin/js/actions.js HTTP/1.1" 200 7872
INFO 2026-05-19 14:22:50,481 basehttp 36295 132392084829760 "GET /static/admin/js/prepopulate.js HTTP/1.1" 200 1531
INFO 2026-05-19 14:22:50,489 basehttp 36295 132392076437056 "GET /static/admin/js/urlify.js HTTP/1.1" 200 7887
INFO 2026-05-19 14:22:50,502 basehttp 36295 132392065947200 "GET /admin/jsi18n/ HTTP/1.1" 200 16066
INFO 2026-05-19 14:22:50,507 basehttp 36295 132391695808064 "GET /static/admin/js/vendor/xregexp/xregexp.js HTTP/1.1" 200 232381
INFO 2026-05-19 14:22:50,512 basehttp 36295 132392057554496 "GET /static/admin/js/vendor/jquery/jquery.js HTTP/1.1" 200 292458
INFO 2026-05-19 14:22:50,542 basehttp 36295 132392076437056 "GET /static/admin/img/search.svg HTTP/1.1" 200 458
INFO 2026-05-19 14:22:50,566 basehttp 36295 132392057554496 "GET /static/admin/js/filters.js HTTP/1.1" 200 978
INFO 2026-05-19 14:22:50,592 basehttp 36295 132392076437056 "GET /static/admin/img/tooltag-add.svg HTTP/1.1" 200 331
INFO 2026-05-19 14:22:50,594 basehttp 36295 132391695808064 "GET /static/admin/img/sorting-icons.svg HTTP/1.1" 200 1097
INFO 2026-05-19 14:23:14,080 basehttp 36295 132392076437056 "GET /admin/auth/group/ HTTP/1.1" 200 12367
INFO 2026-05-19 14:23:14,132 basehttp 36295 132392076437056 "GET /admin/jsi18n/ HTTP/1.1" 200 16066
INFO 2026-05-19 14:23:16,080 basehttp 36295 132392076437056 "GET /admin/auth/user/ HTTP/1.1" 200 17744
INFO 2026-05-19 14:23:16,148 basehttp 36295 132392057554496 "GET /static/admin/img/icon-yes.svg HTTP/1.1" 200 436
INFO 2026-05-19 14:23:16,152 basehttp 36295 132392076437056 "GET /admin/jsi18n/ HTTP/1.1" 200 16066
INFO 2026-05-19 14:23:16,153 basehttp 36295 132391695808064 "GET /static/admin/img/icon-no.svg HTTP/1.1" 200 560
INFO 2026-05-19 14:23:37,627 basehttp 36295 132391695808064 "GET /admin/catalog/cartype/ HTTP/1.1" 200 15760
INFO 2026-05-19 14:23:37,693 basehttp 36295 132391695808064 "GET /admin/jsi18n/ HTTP/1.1" 200 16066
INFO 2026-05-19 14:23:39,854 basehttp 36295 132391695808064 "GET /admin/catalog/companyinfo/ HTTP/1.1" 200 13802
INFO 2026-05-19 14:23:39,924 basehttp 36295 132391695808064 "GET /admin/jsi18n/ HTTP/1.1" 200 16066
INFO 2026-05-19 14:23:43,139 basehttp 36295 132391695808064 "GET /admin/catalog/client/ HTTP/1.1" 200 15913
INFO 2026-05-19 14:23:43,199 basehttp 36295 132391695808064 "GET /admin/jsi18n/ HTTP/1.1" 200 16066
INFO 2026-05-19 14:23:45,147 basehttp 36295 132391695808064 "GET /admin/catalog/car/ HTTP/1.1" 200 28390
INFO 2026-05-19 14:23:45,195 basehttp 36295 132391695808064 "GET /static/admin/css/forms.css HTTP/1.1" 200 9090
INFO 2026-05-19 14:23:45,209 basehttp 36295 132392076437056 "GET /admin/jsi18n/ HTTP/1.1" 200 16066
INFO 2026-05-19 14:23:45,215 basehttp 36295 132391695808064 "GET /static/admin/css/widgets.css HTTP/1.1" 200 11921
INFO 2026-05-19 14:24:08,488 views 36295 132391695808064 Home page accessed
INFO 2026-05-19 14:24:09,878 basehttp 36295 132391695808064 "GET / HTTP/1.1" 200 14027
INFO 2026-05-19 14:24:13,882 views 36295 132392057554496 User logged out: admin
INFO 2026-05-19 14:24:13,903 basehttp 36295 132392057554496 "POST /users/logout/ HTTP/1.1" 302 0
INFO 2026-05-19 14:24:13,911 views 36295 132392057554496 Home page accessed
INFO 2026-05-19 14:24:15,326 basehttp 36295 132392057554496 "GET / HTTP/1.1" 200 12590
INFO 2026-05-19 14:24:17,752 basehttp 36295 132392057554496 "GET /users/login/ HTTP/1.1" 200 6551
INFO 2026-05-19 14:25:02,898 views 36295 132392057554496 User logged in: manager1
INFO 2026-05-19 14:25:02,914 basehttp 36295 132392057554496 "POST /users/login/ HTTP/1.1" 302 0
INFO 2026-05-19 14:25:02,924 views 36295 132392057554496 Home page accessed
INFO 2026-05-19 14:25:04,261 basehttp 36295 132392057554496 "GET / HTTP/1.1" 200 13382
INFO 2026-05-19 14:25:15,407 basehttp 36295 132392057554496 "GET /news/3/ HTTP/1.1" 200 7043
INFO 2026-05-19 14:25:18,902 basehttp 36295 132392057554496 "GET /news/ HTTP/1.1" 200 7897
INFO 2026-05-19 14:25:28,268 basehttp 36295 132392057554496 "GET /my-orders/ HTTP/1.1" 302 0
INFO 2026-05-19 14:25:28,292 basehttp 36295 132392057554496 "GET /users/profile/ HTTP/1.1" 200 9745
INFO 2026-05-19 14:25:38,546 basehttp 36295 132392057554496 "GET /employee/orders/ HTTP/1.1" 200 7228
INFO 2026-05-19 14:25:52,919 basehttp 36295 132392057554496 "GET /my-orders/ HTTP/1.1" 302 0
INFO 2026-05-19 14:25:52,938 basehttp 36295 132392057554496 "GET /users/profile/ HTTP/1.1" 200 9745
INFO 2026-05-19 14:26:09,178 views 36295 132392057554496 User logged out: manager1
INFO 2026-05-19 14:26:09,194 basehttp 36295 132392057554496 "POST /users/logout/ HTTP/1.1" 302 0
INFO 2026-05-19 14:26:09,203 views 36295 132392057554496 Home page accessed
INFO 2026-05-19 14:26:13,860 basehttp 36295 132392057554496 "GET / HTTP/1.1" 200 12590
INFO 2026-05-19 14:26:22,576 basehttp 36295 132392057554496 "GET /users/login/ HTTP/1.1" 200 6551
INFO 2026-05-20 08:57:43,577 autoreload 6440 137902508109824 Watching for file changes with StatReloader
INFO 2026-05-23 17:33:20,139 autoreload 98372 137818803466240 Watching for file changes with StatReloader
INFO 2026-05-23 17:34:08,506 basehttp 98372 137818745599552 "GET /admin/ HTTP/1.1" 302 0
INFO 2026-05-23 17:34:08,564 basehttp 98372 137818745599552 "GET /admin/login/?next=/admin/ HTTP/1.1" 200 4271
INFO 2026-05-23 17:34:08,685 basehttp 98372 137818737206848 "GET /static/admin/css/dark_mode.css HTTP/1.1" 200 2929
INFO 2026-05-23 17:34:08,688 basehttp 98372 137818745599552 "GET /static/admin/css/base.css HTTP/1.1" 200 21310
INFO 2026-05-23 17:34:08,715 basehttp 98372 137818745599552 "GET /static/admin/js/theme.js HTTP/1.1" 200 1943
INFO 2026-05-23 17:34:08,718 basehttp 98372 137818512811584 "GET /static/admin/css/nav_sidebar.css HTTP/1.1" 200 2694
INFO 2026-05-23 17:34:08,719 basehttp 98372 137818521204288 "GET /static/admin/css/login.css HTTP/1.1" 200 958
INFO 2026-05-23 17:34:08,721 basehttp 98372 137818737206848 "GET /static/admin/js/nav_sidebar.js HTTP/1.1" 200 3063
INFO 2026-05-23 17:34:08,725 basehttp 98372 137818504418880 "GET /static/admin/css/responsive.css HTTP/1.1" 200 18559
WARNING 2026-05-23 17:34:08,891 log 98372 137818737206848 Not Found: /favicon.ico
WARNING 2026-05-23 17:34:08,891 basehttp 98372 137818737206848 "GET /favicon.ico HTTP/1.1" 404 6260
INFO 2026-05-23 17:35:15,960 basehttp 98372 137818737206848 "POST /admin/login/?next=/admin/ HTTP/1.1" 302 0
INFO 2026-05-23 17:35:16,003 basehttp 98372 137818737206848 "GET /admin/ HTTP/1.1" 200 12562
INFO 2026-05-23 17:35:16,087 basehttp 98372 137818737206848 "GET /static/admin/css/dashboard.css HTTP/1.1" 200 441
INFO 2026-05-23 17:35:16,230 basehttp 98372 137818737206848 "GET /static/admin/img/icon-addlink.svg HTTP/1.1" 200 331
INFO 2026-05-23 17:35:16,243 basehttp 98372 137818745599552 "GET /static/admin/img/icon-changelink.svg HTTP/1.1" 200 380
INFO 2026-05-23 17:35:24,447 basehttp 98372 137818745599552 "GET /admin/catalog/faq/ HTTP/1.1" 200 15402
INFO 2026-05-23 17:35:24,487 basehttp 98372 137818745599552 "GET /static/admin/css/changelists.css HTTP/1.1" 200 6566
INFO 2026-05-23 17:35:24,503 basehttp 98372 137818737206848 "GET /admin/jsi18n/ HTTP/1.1" 200 16066
INFO 2026-05-23 17:35:24,518 basehttp 98372 137818512811584 "GET /static/admin/js/jquery.init.js HTTP/1.1" 200 347
INFO 2026-05-23 17:35:24,521 basehttp 98372 137818521204288 "GET /static/admin/js/core.js HTTP/1.1" 200 5682
INFO 2026-05-23 17:35:24,523 basehttp 98372 137818737206848 "GET /static/admin/js/actions.js HTTP/1.1" 200 7872
INFO 2026-05-23 17:35:24,525 basehttp 98372 137818504418880 "GET /static/admin/js/vendor/jquery/jquery.js HTTP/1.1" 200 292458
INFO 2026-05-23 17:35:24,541 basehttp 98372 137818512811584 "GET /static/admin/js/urlify.js HTTP/1.1" 200 7887
INFO 2026-05-23 17:35:24,547 basehttp 98372 137818521204288 "GET /static/admin/js/prepopulate.js HTTP/1.1" 200 1531
INFO 2026-05-23 17:35:24,548 basehttp 98372 137818496026176 "GET /static/admin/js/admin/RelatedObjectLookups.js HTTP/1.1" 200 8943
INFO 2026-05-23 17:35:24,553 basehttp 98372 137818745599552 "GET /static/admin/js/vendor/xregexp/xregexp.js HTTP/1.1" 200 232381
INFO 2026-05-23 17:35:24,570 basehttp 98372 137818496026176 "GET /static/admin/img/search.svg HTTP/1.1" 200 458
INFO 2026-05-23 17:35:24,632 basehttp 98372 137818496026176 "GET /static/admin/js/filters.js HTTP/1.1" 200 978
INFO 2026-05-23 17:35:24,645 basehttp 98372 137818521204288 "GET /static/admin/img/tooltag-add.svg HTTP/1.1" 200 331
INFO 2026-05-23 17:35:24,646 basehttp 98372 137818512811584 "GET /static/admin/img/sorting-icons.svg HTTP/1.1" 200 1097
INFO 2026-05-23 17:35:27,840 basehttp 98372 137818496026176 "GET /admin/catalog/car/add/ HTTP/1.1" 200 35957
INFO 2026-05-23 17:35:27,882 basehttp 98372 137818496026176 "GET /static/admin/css/forms.css HTTP/1.1" 200 9090
INFO 2026-05-23 17:35:27,907 basehttp 98372 137818512811584 "GET /static/admin/js/calendar.js HTTP/1.1" 200 8466
INFO 2026-05-23 17:35:27,920 basehttp 98372 137818745599552 "GET /static/admin/js/SelectBox.js HTTP/1.1" 200 4530
INFO 2026-05-23 17:35:27,921 basehttp 98372 137818512811584 "GET /static/admin/js/SelectFilter2.js HTTP/1.1" 200 15292
INFO 2026-05-23 17:35:27,925 basehttp 98372 137818737206848 "GET /static/admin/js/admin/DateTimeShortcuts.js HTTP/1.1" 200 19319
INFO 2026-05-23 17:35:27,929 basehttp 98372 137818504418880 "GET /static/admin/js/inlines.js HTTP/1.1" 200 15526
INFO 2026-05-23 17:35:27,948 basehttp 98372 137818521204288 "GET /admin/jsi18n/ HTTP/1.1" 200 16066
INFO 2026-05-23 17:35:27,954 basehttp 98372 137818504418880 "GET /static/admin/img/icon-viewlink.svg HTTP/1.1" 200 581
INFO 2026-05-23 17:35:27,957 basehttp 98372 137818496026176 "GET /static/admin/img/icon-deletelink.svg HTTP/1.1" 200 392
INFO 2026-05-23 17:35:27,991 basehttp 98372 137818512811584 "GET /static/admin/css/widgets.css HTTP/1.1" 200 11921
INFO 2026-05-23 17:35:28,026 basehttp 98372 137818496026176 "GET /static/admin/js/prepopulate_init.js HTTP/1.1" 200 586
INFO 2026-05-23 17:35:28,045 basehttp 98372 137818512811584 "GET /static/admin/js/change_form.js HTTP/1.1" 200 606
INFO 2026-05-23 17:35:28,158 basehttp 98372 137818512811584 "GET /static/admin/img/icon-unknown.svg HTTP/1.1" 200 655
INFO 2026-05-23 17:35:28,158 basehttp 98372 137818496026176 "GET /static/admin/img/selector-icons.svg HTTP/1.1" 200 3291
INFO 2026-05-23 17:35:28,160 basehttp 98372 137818504418880 "GET /static/admin/img/icon-unknown-alt.svg HTTP/1.1" 200 655
INFO 2026-05-23 17:35:36,194 basehttp 98372 137818504418880 "GET /admin/auth/group/ HTTP/1.1" 200 12367
INFO 2026-05-23 17:35:36,255 basehttp 98372 137818504418880 "GET /admin/jsi18n/ HTTP/1.1" 200 16066
INFO 2026-05-23 17:35:37,604 basehttp 98372 137818504418880 "GET /admin/auth/user/ HTTP/1.1" 200 17744
INFO 2026-05-23 17:35:37,655 basehttp 98372 137818737206848 "GET /static/admin/img/icon-yes.svg HTTP/1.1" 200 436
INFO 2026-05-23 17:35:37,658 basehttp 98372 137818504418880 "GET /admin/jsi18n/ HTTP/1.1" 200 16066
INFO 2026-05-23 17:35:37,667 basehttp 98372 137818745599552 "GET /static/admin/img/icon-no.svg HTTP/1.1" 200 560
INFO 2026-05-23 17:35:43,214 basehttp 98372 137818504418880 "GET /admin/catalog/cartype/ HTTP/1.1" 200 15760
INFO 2026-05-23 17:35:43,274 basehttp 98372 137818504418880 "GET /admin/jsi18n/ HTTP/1.1" 200 16066
INFO 2026-05-23 17:35:44,881 basehttp 98372 137818504418880 "GET /admin/catalog/employee/ HTTP/1.1" 200 14866
INFO 2026-05-23 17:35:44,943 basehttp 98372 137818504418880 "GET /admin/jsi18n/ HTTP/1.1" 200 16066
INFO 2026-05-23 17:35:46,103 basehttp 98372 137818504418880 "GET /admin/catalog/promo/ HTTP/1.1" 200 16332
INFO 2026-05-23 17:35:46,152 basehttp 98372 137818504418880 "GET /admin/jsi18n/ HTTP/1.1" 200 16066
INFO 2026-05-23 17:35:47,083 basehttp 98372 137818504418880 "GET /admin/catalog/manufacturer/ HTTP/1.1" 200 16434
INFO 2026-05-23 17:35:47,146 basehttp 98372 137818504418880 "GET /admin/jsi18n/ HTTP/1.1" 200 16066
INFO 2026-05-23 17:35:47,701 basehttp 98372 137818504418880 "GET /admin/catalog/review/ HTTP/1.1" 200 15644
INFO 2026-05-23 17:35:47,761 basehttp 98372 137818504418880 "GET /admin/jsi18n/ HTTP/1.1" 200 16066
INFO 2026-05-23 17:35:48,562 basehttp 98372 137818504418880 "GET /admin/catalog/feature/ HTTP/1.1" 200 15696
INFO 2026-05-23 17:35:48,614 basehttp 98372 137818504418880 "GET /admin/jsi18n/ HTTP/1.1" 200 16066
INFO 2026-05-23 17:35:49,186 basehttp 98372 137818504418880 "GET /admin/catalog/companyinfo/ HTTP/1.1" 200 13802
INFO 2026-05-23 17:35:49,242 basehttp 98372 137818504418880 "GET /admin/jsi18n/ HTTP/1.1" 200 16066
INFO 2026-05-23 17:35:50,403 basehttp 98372 137818504418880 "GET /admin/catalog/article/ HTTP/1.1" 200 16639
INFO 2026-05-23 17:35:50,460 basehttp 98372 137818504418880 "GET /admin/jsi18n/ HTTP/1.1" 200 16066
INFO 2026-05-23 17:35:52,337 basehttp 98372 137818504418880 "GET /admin/catalog/contact/ HTTP/1.1" 200 15068
INFO 2026-05-23 17:35:52,397 basehttp 98372 137818504418880 "GET /admin/jsi18n/ HTTP/1.1" 200 16066
INFO 2026-05-23 17:35:53,187 basehttp 98372 137818504418880 "GET /admin/catalog/client/ HTTP/1.1" 200 15913
INFO 2026-05-23 17:35:53,247 basehttp 98372 137818504418880 "GET /admin/jsi18n/ HTTP/1.1" 200 16066
INFO 2026-05-23 17:35:53,957 basehttp 98372 137818504418880 "GET /admin/catalog/order/ HTTP/1.1" 200 19257
INFO 2026-05-23 17:35:54,030 basehttp 98372 137818504418880 "GET /admin/jsi18n/ HTTP/1.1" 200 16066
INFO 2026-05-23 17:35:54,593 basehttp 98372 137818504418880 "GET /admin/catalog/vacancy/ HTTP/1.1" 200 16772
INFO 2026-05-23 17:35:54,641 basehttp 98372 137818504418880 "GET /admin/jsi18n/ HTTP/1.1" 200 16066
INFO 2026-05-23 17:35:55,777 basehttp 98372 137818504418880 "GET /admin/catalog/car/ HTTP/1.1" 200 28390
INFO 2026-05-23 17:35:55,830 basehttp 98372 137818504418880 "GET /admin/jsi18n/ HTTP/1.1" 200 16066
INFO 2026-05-23 17:35:56,636 basehttp 98372 137818504418880 "GET /admin/catalog/faq/ HTTP/1.1" 200 15402
INFO 2026-05-23 17:35:56,690 basehttp 98372 137818504418880 "GET /admin/jsi18n/ HTTP/1.1" 200 16066
INFO 2026-05-23 17:35:57,796 basehttp 98372 137818504418880 "GET /admin/catalog/car/ HTTP/1.1" 200 28390
INFO 2026-05-23 17:35:57,835 basehttp 98372 137818504418880 "GET /admin/jsi18n/ HTTP/1.1" 200 16066
INFO 2026-05-23 17:38:40,512 basehttp 98372 137818504418880 "GET /admin/catalog/faq/ HTTP/1.1" 200 15402
INFO 2026-05-23 17:38:40,555 basehttp 98372 137818504418880 "GET /admin/jsi18n/ HTTP/1.1" 200 16066
INFO 2026-05-23 17:38:41,933 basehttp 98372 137818504418880 "GET /admin/catalog/faq/5/change/ HTTP/1.1" 200 14123
INFO 2026-05-23 17:38:41,981 basehttp 98372 137818504418880 "GET /admin/jsi18n/ HTTP/1.1" 200 16066
INFO 2026-05-23 17:38:46,205 basehttp 98372 137818504418880 "GET /admin/catalog/client/ HTTP/1.1" 200 15913
INFO 2026-05-23 17:38:46,263 basehttp 98372 137818504418880 "GET /admin/jsi18n/ HTTP/1.1" 200 16066
INFO 2026-05-23 17:38:48,239 basehttp 98372 137818504418880 "GET /admin/catalog/contact/ HTTP/1.1" 200 15068
INFO 2026-05-23 17:38:48,285 basehttp 98372 137818504418880 "GET /admin/jsi18n/ HTTP/1.1" 200 16066
INFO 2026-05-23 17:38:49,373 basehttp 98372 137818504418880 "GET /admin/catalog/article/ HTTP/1.1" 200 16639
INFO 2026-05-23 17:38:49,425 basehttp 98372 137818504418880 "GET /admin/jsi18n/ HTTP/1.1" 200 16066
INFO 2026-05-23 17:38:49,988 basehttp 98372 137818504418880 "GET /admin/catalog/companyinfo/ HTTP/1.1" 200 13802
INFO 2026-05-23 17:38:50,035 basehttp 98372 137818504418880 "GET /admin/jsi18n/ HTTP/1.1" 200 16066
INFO 2026-05-23 17:38:51,049 basehttp 98372 137818504418880 "GET /admin/catalog/feature/ HTTP/1.1" 200 15696
INFO 2026-05-23 17:38:51,106 basehttp 98372 137818504418880 "GET /admin/jsi18n/ HTTP/1.1" 200 16066
INFO 2026-05-23 17:38:51,868 basehttp 98372 137818504418880 "GET /admin/catalog/review/ HTTP/1.1" 200 15644
INFO 2026-05-23 17:38:51,934 basehttp 98372 137818504418880 "GET /admin/jsi18n/ HTTP/1.1" 200 16066
INFO 2026-05-23 17:38:52,876 basehttp 98372 137818504418880 "GET /admin/catalog/manufacturer/ HTTP/1.1" 200 16434
INFO 2026-05-23 17:38:52,926 basehttp 98372 137818504418880 "GET /admin/jsi18n/ HTTP/1.1" 200 16066
INFO 2026-05-23 17:38:53,385 basehttp 98372 137818504418880 "GET /admin/catalog/promo/ HTTP/1.1" 200 16332
INFO 2026-05-23 17:38:53,440 basehttp 98372 137818504418880 "GET /admin/jsi18n/ HTTP/1.1" 200 16066
INFO 2026-05-23 17:38:54,795 basehttp 98372 137818504418880 "GET /admin/catalog/employee/ HTTP/1.1" 200 14866
INFO 2026-05-23 17:38:54,848 basehttp 98372 137818504418880 "GET /admin/jsi18n/ HTTP/1.1" 200 16066
INFO 2026-05-23 17:38:55,342 basehttp 98372 137818504418880 "GET /admin/catalog/cartype/ HTTP/1.1" 200 15760
INFO 2026-05-23 17:38:55,391 basehttp 98372 137818504418880 "GET /admin/jsi18n/ HTTP/1.1" 200 16066
INFO 2026-05-23 17:38:57,262 basehttp 98372 137818504418880 "GET /admin/auth/group/ HTTP/1.1" 200 12367
INFO 2026-05-23 17:38:57,304 basehttp 98372 137818504418880 "GET /admin/jsi18n/ HTTP/1.1" 200 16066
INFO 2026-05-23 17:38:58,000 basehttp 98372 137818504418880 "GET /admin/auth/user/ HTTP/1.1" 200 17744
INFO 2026-05-23 17:38:58,048 basehttp 98372 137818504418880 "GET /admin/jsi18n/ HTTP/1.1" 200 16066
INFO 2026-05-23 17:39:02,165 basehttp 98372 137818504418880 "POST /admin/logout/ HTTP/1.1" 302 0
INFO 2026-05-23 17:39:02,175 views 98372 137818504418880 Home page accessed
INFO 2026-05-23 17:39:03,183 basehttp 98372 137818504418880 "GET / HTTP/1.1" 200 12590
INFO 2026-05-23 17:39:06,171 basehttp 98372 137818504418880 "GET /users/login/ HTTP/1.1" 200 6551
INFO 2026-05-23 17:39:16,135 views 98372 137818504418880 User logged in: admin
INFO 2026-05-23 17:39:16,148 basehttp 98372 137818504418880 "POST /users/login/ HTTP/1.1" 302 0
INFO 2026-05-23 17:39:16,155 views 98372 137818504418880 Home page accessed
INFO 2026-05-23 17:39:17,578 basehttp 98372 137818504418880 "GET / HTTP/1.1" 200 14027
INFO 2026-05-23 17:39:37,280 basehttp 98372 137818504418880 "GET /news/3/ HTTP/1.1" 200 7688
INFO 2026-05-23 17:39:42,456 basehttp 98372 137818504418880 "GET /news/ HTTP/1.1" 200 8542
INFO 2026-05-23 17:39:45,216 basehttp 98372 137818504418880 "GET /news/2/ HTTP/1.1" 200 7744
INFO 2026-05-23 17:39:46,324 basehttp 98372 137818504418880 "GET /news/ HTTP/1.1" 200 8542
INFO 2026-05-23 17:39:47,443 basehttp 98372 137818504418880 "GET /news/1/ HTTP/1.1" 200 7739
INFO 2026-05-23 17:39:48,383 basehttp 98372 137818504418880 "GET /news/ HTTP/1.1" 200 8542
INFO 2026-05-23 17:39:54,376 basehttp 98372 137818504418880 "GET /cars/ HTTP/1.1" 200 25011
INFO 2026-05-23 17:39:58,845 basehttp 98372 137818504418880 "GET /news/ HTTP/1.1" 200 8542
INFO 2026-05-23 17:39:59,751 basehttp 98372 137818504418880 "GET /reviews/ HTTP/1.1" 200 8697
INFO 2026-05-23 17:40:00,569 basehttp 98372 137818504418880 "GET /promos/ HTTP/1.1" 200 8224
INFO 2026-05-23 17:40:01,362 basehttp 98372 137818504418880 "GET /contacts/ HTTP/1.1" 200 9485
INFO 2026-05-23 17:40:01,861 basehttp 98372 137818504418880 "GET /promos/ HTTP/1.1" 200 8224
INFO 2026-05-23 17:40:02,298 basehttp 98372 137818504418880 "GET /contacts/ HTTP/1.1" 200 9485
INFO 2026-05-23 17:40:06,029 views 98372 137818504418880 Statistics accessed by admin
INFO 2026-05-23 17:40:06,059 basehttp 98372 137818504418880 "GET /statistics/ HTTP/1.1" 200 11810
INFO 2026-05-23 17:40:11,098 basehttp 98372 137818504418880 "GET /admin/ HTTP/1.1" 200 12562
INFO 2026-05-23 17:40:15,494 basehttp 98372 137818504418880 "GET /cars/ HTTP/1.1" 200 25011
INFO 2026-05-23 17:40:18,391 views 98372 137818504418880 Statistics accessed by admin
INFO 2026-05-23 17:40:18,420 basehttp 98372 137818504418880 "GET /statistics/ HTTP/1.1" 200 11810
INFO 2026-05-23 17:40:21,928 basehttp 98372 137818504418880 "GET /cars/ HTTP/1.1" 200 25011
INFO 2026-05-23 17:55:25,987 views 98372 137818504418880 Home page accessed
INFO 2026-05-23 17:55:26,957 basehttp 98372 137818504418880 "GET / HTTP/1.1" 200 12590
WARNING 2026-05-23 17:55:28,085 log 98372 137818504418880 Not Found: /favicon.ico
WARNING 2026-05-23 17:55:28,086 basehttp 98372 137818504418880 "GET /favicon.ico HTTP/1.1" 404 6260
INFO 2026-05-23 17:55:30,670 basehttp 98372 137818504418880 "GET /users/register/ HTTP/1.1" 200 7510
INFO 2026-05-23 17:56:16,862 basehttp 98372 137818504418880 "POST /users/register/ HTTP/1.1" 200 7785
INFO 2026-05-23 17:56:32,080 views 98372 137818504418880 New user registered: u1
INFO 2026-05-23 17:56:32,094 basehttp 98372 137818504418880 "POST /users/register/ HTTP/1.1" 302 0
INFO 2026-05-23 17:56:32,117 basehttp 98372 137818504418880 "GET /users/profile/ HTTP/1.1" 200 9742
INFO 2026-05-23 17:56:48,340 basehttp 98372 137818504418880 "GET /users/profile/ HTTP/1.1" 200 9519
INFO 2026-05-23 17:56:58,773 basehttp 98372 137818504418880 "GET /cars/ HTTP/1.1" 200 21557
INFO 2026-05-23 17:56:59,599 basehttp 98372 137818504418880 "GET /promos/ HTTP/1.1" 200 7563
INFO 2026-05-23 17:57:02,097 basehttp 98372 137818504418880 "GET /cars/ HTTP/1.1" 200 21557
INFO 2026-05-23 17:57:03,678 basehttp 98372 137818504418880 "GET /promos/ HTTP/1.1" 200 7563
INFO 2026-05-23 17:57:07,949 basehttp 98372 137818504418880 "GET /cars/ HTTP/1.1" 200 21557
INFO 2026-05-23 18:15:06,734 basehttp 98372 137818504418880 "GET /cars/ HTTP/1.1" 200 23888
INFO 2026-05-23 18:16:32,905 views 98372 137818504418880 User logged out: u1
INFO 2026-05-23 18:16:32,925 basehttp 98372 137818504418880 "POST /users/logout/ HTTP/1.1" 302 0
INFO 2026-05-23 18:16:32,931 views 98372 137818504418880 Home page accessed
INFO 2026-05-23 18:16:33,883 basehttp 98372 137818504418880 "GET / HTTP/1.1" 200 12567
INFO 2026-05-23 18:16:35,659 basehttp 98372 137818504418880 "GET /users/login/ HTTP/1.1" 200 6551
INFO 2026-05-23 18:16:55,134 views 98372 137818504418880 User logged in: manager1
INFO 2026-05-23 18:16:55,148 basehttp 98372 137818504418880 "POST /users/login/ HTTP/1.1" 302 0
INFO 2026-05-23 18:16:55,156 views 98372 137818504418880 Home page accessed
INFO 2026-05-23 18:16:55,821 basehttp 98372 137818504418880 "GET / HTTP/1.1" 200 13359
INFO 2026-05-23 18:17:03,999 basehttp 98372 137818504418880 "GET /users/profile/ HTTP/1.1" 200 9745
INFO 2026-05-23 18:17:06,761 basehttp 98372 137818504418880 "GET /my-orders/ HTTP/1.1" 302 0
INFO 2026-05-23 18:17:06,780 basehttp 98372 137818504418880 "GET /users/profile/ HTTP/1.1" 200 9745
INFO 2026-05-23 18:18:56,540 basehttp 98372 137818504418880 "GET /contacts/ HTTP/1.1" 200 10149
INFO 2026-05-23 18:19:08,822 basehttp 98372 137818504418880 "GET /contacts/ HTTP/1.1" 200 10149
INFO 2026-05-23 18:19:12,748 basehttp 98372 137818504418880 "GET /my-orders/ HTTP/1.1" 302 0
INFO 2026-05-23 18:19:12,768 basehttp 98372 137818504418880 "GET /users/profile/ HTTP/1.1" 200 9745
INFO 2026-05-23 18:19:16,892 basehttp 98372 137818504418880 "GET /employee/orders/ HTTP/1.1" 200 10474
INFO 2026-05-23 18:19:32,093 views 98372 137818504418880 User logged out: manager1
INFO 2026-05-23 18:19:32,108 basehttp 98372 137818504418880 "POST /users/logout/ HTTP/1.1" 302 0
INFO 2026-05-23 18:19:32,117 views 98372 137818504418880 Home page accessed
INFO 2026-05-23 18:19:33,061 basehttp 98372 137818504418880 "GET / HTTP/1.1" 200 12567
INFO 2026-05-23 18:20:26,633 basehttp 98372 137818504418880 "GET /users/login/ HTTP/1.1" 200 6551
INFO 2026-05-23 18:20:35,496 views 98372 137818504418880 User logged in: admin
INFO 2026-05-23 18:20:35,509 basehttp 98372 137818504418880 "POST /users/login/ HTTP/1.1" 302 0
INFO 2026-05-23 18:20:35,517 views 98372 137818504418880 Home page accessed
INFO 2026-05-23 18:20:36,450 basehttp 98372 137818504418880 "GET / HTTP/1.1" 200 14004
INFO 2026-05-23 18:20:43,593 views 98372 137818504418880 Statistics accessed by admin
INFO 2026-05-23 18:20:43,631 basehttp 98372 137818504418880 "GET /statistics/ HTTP/1.1" 200 12012
INFO 2026-05-23 18:21:00,321 basehttp 98372 137818504418880 "GET /employee/orders/ HTTP/1.1" 302 0
INFO 2026-05-23 18:21:00,329 views 98372 137818504418880 Home page accessed
INFO 2026-05-23 18:21:01,170 basehttp 98372 137818504418880 "GET / HTTP/1.1" 200 14004
INFO 2026-05-23 18:21:03,949 basehttp 98372 137818504418880 "GET /employee/orders/ HTTP/1.1" 302 0
INFO 2026-05-23 18:21:03,956 views 98372 137818504418880 Home page accessed
INFO 2026-05-23 18:21:05,815 basehttp 98372 137818504418880 "GET / HTTP/1.1" 200 14004
INFO 2026-05-23 18:21:15,152 basehttp 98372 137818504418880 "GET /my-orders/ HTTP/1.1" 302 0
INFO 2026-05-23 18:21:15,171 basehttp 98372 137818504418880 "GET /users/profile/ HTTP/1.1" 200 10189
INFO 2026-05-23 18:21:20,973 views 98372 137818504418880 User logged out: admin
INFO 2026-05-23 18:21:20,990 basehttp 98372 137818504418880 "POST /users/logout/ HTTP/1.1" 302 0
INFO 2026-05-23 18:21:20,997 views 98372 137818504418880 Home page accessed
INFO 2026-05-23 18:21:21,703 basehttp 98372 137818504418880 "GET / HTTP/1.1" 200 12567
INFO 2026-05-23 18:21:54,241 basehttp 98372 137818504418880 "GET /users/login/ HTTP/1.1" 200 6551
INFO 2026-05-23 18:22:09,341 views 98372 137818504418880 User logged in: manager1
INFO 2026-05-23 18:22:09,353 basehttp 98372 137818504418880 "POST /users/login/ HTTP/1.1" 302 0
INFO 2026-05-23 18:22:09,363 views 98372 137818504418880 Home page accessed
INFO 2026-05-23 18:22:09,927 basehttp 98372 137818504418880 "GET / HTTP/1.1" 200 13359
INFO 2026-05-23 18:22:17,935 basehttp 98372 137818504418880 "GET /employee/orders/ HTTP/1.1" 200 10474
INFO 2026-05-23 18:26:59,495 basehttp 98372 137818504418880 "GET /employee/orders/ HTTP/1.1" 200 11122
INFO 2026-05-23 18:27:13,931 views 98372 137818504418880 User logged out: manager1
INFO 2026-05-23 18:27:13,949 basehttp 98372 137818504418880 "POST /users/logout/ HTTP/1.1" 302 0
INFO 2026-05-23 18:27:13,956 views 98372 137818504418880 Home page accessed
INFO 2026-05-23 18:27:14,722 basehttp 98372 137818504418880 "GET / HTTP/1.1" 200 8581
INFO 2026-05-23 18:27:17,927 basehttp 98372 137818504418880 "GET /users/login/ HTTP/1.1" 200 6551
INFO 2026-05-23 18:27:32,744 views 98372 137818504418880 User logged in: u1
INFO 2026-05-23 18:27:32,757 basehttp 98372 137818504418880 "POST /users/login/ HTTP/1.1" 302 0
INFO 2026-05-23 18:27:32,766 views 98372 137818504418880 Home page accessed
INFO 2026-05-23 18:27:33,597 basehttp 98372 137818504418880 "GET / HTTP/1.1" 200 9357
INFO 2026-05-23 18:27:41,944 basehttp 98372 137818504418880 "GET /cars/ HTTP/1.1" 200 25032
INFO 2026-05-23 18:30:01,191 basehttp 98372 137818504418880 "GET /cars/ HTTP/1.1" 200 39527
INFO 2026-05-23 18:30:11,089 basehttp 98372 137818504418880 "GET /cars/?q=&manufacturer=&car_type=&fuel=&sort=&price_min=&price_max= HTTP/1.1" 200 39527
INFO 2026-05-23 18:30:34,416 basehttp 98372 137818504418880 "GET /cars/ HTTP/1.1" 200 39527
INFO 2026-05-23 18:30:45,463 basehttp 98372 137818504418880 "GET /promos/ HTTP/1.1" 200 8758
INFO 2026-05-23 18:30:48,518 basehttp 98372 137818504418880 "GET /cars/ HTTP/1.1" 200 39527
INFO 2026-05-23 18:30:50,005 basehttp 98372 137818504418880 "GET /promos/ HTTP/1.1" 200 8758
INFO 2026-05-23 18:31:04,856 basehttp 98372 137818504418880 "GET /cars/ HTTP/1.1" 200 39527
INFO 2026-05-23 18:31:07,957 basehttp 98372 137818504418880 "GET /reviews/ HTTP/1.1" 200 18907
INFO 2026-05-23 18:31:12,063 basehttp 98372 137818504418880 "GET /news/ HTTP/1.1" 200 11411
INFO 2026-05-23 18:31:16,187 basehttp 98372 137818504418880 "GET /promos/ HTTP/1.1" 200 8758
INFO 2026-05-23 18:31:17,202 basehttp 98372 137818504418880 "GET /cars/ HTTP/1.1" 200 39527
INFO 2026-05-23 18:31:24,177 basehttp 98372 137818504418880 "GET /cars/27/ HTTP/1.1" 200 12118
INFO 2026-05-23 18:31:37,822 basehttp 98372 137818504418880 "GET /cars/ HTTP/1.1" 200 39527
INFO 2026-05-23 18:31:41,496 views 98372 137818504418880 User logged out: u1
INFO 2026-05-23 18:31:41,512 basehttp 98372 137818504418880 "POST /users/logout/ HTTP/1.1" 302 0
INFO 2026-05-23 18:31:41,519 views 98372 137818504418880 Home page accessed
INFO 2026-05-23 18:31:42,374 basehttp 98372 137818504418880 "GET / HTTP/1.1" 200 12579
INFO 2026-05-23 18:31:43,771 basehttp 98372 137818504418880 "GET /users/login/ HTTP/1.1" 200 6551
INFO 2026-05-23 18:31:55,218 views 98372 137818504418880 User logged in: admin
INFO 2026-05-23 18:31:55,234 basehttp 98372 137818504418880 "POST /users/login/ HTTP/1.1" 302 0
INFO 2026-05-23 18:31:55,243 views 98372 137818504418880 Home page accessed
INFO 2026-05-23 18:31:56,002 basehttp 98372 137818504418880 "GET / HTTP/1.1" 200 14016
INFO 2026-05-23 18:32:03,096 views 98372 137818504418880 Statistics accessed by admin
INFO 2026-05-23 18:32:03,127 basehttp 98372 137818504418880 "GET /statistics/ HTTP/1.1" 200 13090
INFO 2026-05-23 18:32:32,908 basehttp 98372 137818504418880 "GET /my-orders/ HTTP/1.1" 302 0
INFO 2026-05-23 18:32:32,930 basehttp 98372 137818504418880 "GET /users/profile/ HTTP/1.1" 200 10189
INFO 2026-05-23 18:32:37,076 basehttp 98372 137818504418880 "GET /employee/orders/ HTTP/1.1" 302 0
INFO 2026-05-23 18:32:37,086 views 98372 137818504418880 Home page accessed
INFO 2026-05-23 18:32:38,065 basehttp 98372 137818504418880 "GET / HTTP/1.1" 200 14016
INFO 2026-05-23 18:32:50,206 views 98372 137818504418880 User logged out: admin
INFO 2026-05-23 18:32:50,221 basehttp 98372 137818504418880 "POST /users/logout/ HTTP/1.1" 302 0
INFO 2026-05-23 18:32:50,228 views 98372 137818504418880 Home page accessed
INFO 2026-05-23 18:32:51,187 basehttp 98372 137818504418880 "GET / HTTP/1.1" 200 12579
INFO 2026-05-23 18:38:49,605 basehttp 98372 137818504418880 "GET /news/ HTTP/1.1" 200 10513
INFO 2026-05-23 18:38:56,806 basehttp 98372 137818504418880 "GET /promos/ HTTP/1.1" 200 7860
INFO 2026-05-23 18:38:58,048 basehttp 98372 137818504418880 "GET /news/ HTTP/1.1" 200 10513
INFO 2026-05-23 18:38:59,055 basehttp 98372 137818504418880 "GET /cars/ HTTP/1.1" 200 38629
INFO 2026-05-23 18:49:56,298 autoreload 117573 139050109734912 Watching for file changes with StatReloader
INFO 2026-05-23 18:50:03,279 basehttp 117573 139050052744768 "GET /cars/ HTTP/1.1" 200 38629
INFO 2026-05-23 18:50:09,075 basehttp 117573 139050052744768 "GET /cars/ HTTP/1.1" 200 38629
INFO 2026-05-23 18:50:12,022 basehttp 117573 139050052744768 "GET /users/login/ HTTP/1.1" 200 6551
INFO 2026-05-23 18:50:23,389 views 117573 139050052744768 User logged in: u1
INFO 2026-05-23 18:50:23,406 basehttp 117573 139050052744768 "POST /users/login/ HTTP/1.1" 302 0
INFO 2026-05-23 18:50:23,416 views 117573 139050052744768 Home page accessed
INFO 2026-05-23 18:50:24,689 basehttp 117573 139050052744768 "GET / HTTP/1.1" 200 14201
WARNING 2026-05-23 18:50:51,001 log 117573 139050052744768 Not Found: /.well-known/appspecific/com.chrome.devtools.json
WARNING 2026-05-23 18:50:51,002 basehttp 117573 139050052744768 "GET /.well-known/appspecific/com.chrome.devtools.json HTTP/1.1" 404 6371
INFO 2026-05-23 18:50:57,272 views 117573 139050052744768 Home page accessed
INFO 2026-05-23 18:50:58,261 basehttp 117573 139050052744768 "GET / HTTP/1.1" 200 14201
WARNING 2026-05-23 18:50:58,329 log 117573 139050052744768 Not Found: /.well-known/appspecific/com.chrome.devtools.json
WARNING 2026-05-23 18:50:58,332 basehttp 117573 139050052744768 "GET /.well-known/appspecific/com.chrome.devtools.json HTTP/1.1" 404 6371
INFO 2026-05-23 19:22:38,485 autoreload 125760 130369914511360 Watching for file changes with StatReloader
INFO 2026-05-23 19:22:46,954 views 125760 130369856730688 Home page accessed
INFO 2026-05-23 19:22:47,947 basehttp 125760 130369856730688 "GET / HTTP/1.1" 200 14449
INFO 2026-05-23 19:22:57,206 basehttp 125760 130369856730688 "GET /news/ HTTP/1.1" 200 11659
INFO 2026-05-23 19:22:59,833 basehttp 125760 130369856730688 "GET /reviews/ HTTP/1.1" 200 19155
INFO 2026-05-23 19:23:00,799 basehttp 125760 130369856730688 "GET /promos/ HTTP/1.1" 200 9006
INFO 2026-05-23 19:23:01,632 basehttp 125760 130369856730688 "GET /reviews/ HTTP/1.1" 200 19155
INFO 2026-05-23 19:23:02,284 basehttp 125760 130369856730688 "GET /promos/ HTTP/1.1" 200 9006
INFO 2026-05-23 19:23:02,813 basehttp 125760 130369856730688 "GET /contacts/ HTTP/1.1" 200 10381
INFO 2026-05-23 19:23:03,848 basehttp 125760 130369856730688 "GET /reviews/ HTTP/1.1" 200 19155
INFO 2026-05-23 19:23:04,311 basehttp 125760 130369856730688 "GET /news/ HTTP/1.1" 200 11659
INFO 2026-05-23 19:23:04,771 basehttp 125760 130369856730688 "GET /cars/ HTTP/1.1" 200 39775
INFO 2026-05-23 19:36:11,741 basehttp 125760 130369856730688 "GET /my-orders/ HTTP/1.1" 302 0
INFO 2026-05-23 19:36:11,769 basehttp 125760 130369856730688 "GET /users/profile/ HTTP/1.1" 200 9767
INFO 2026-05-23 19:36:17,205 basehttp 125760 130369856730688 "GET /users/profile/ HTTP/1.1" 200 9767
INFO 2026-05-23 19:40:35,180 basehttp 125760 130369856730688 "GET /news/ HTTP/1.1" 200 11659
INFO 2026-05-23 19:40:36,107 basehttp 125760 130369856730688 "GET /cars/ HTTP/1.1" 200 39775
INFO 2026-05-23 19:40:37,022 views 125760 130369856730688 Home page accessed
INFO 2026-05-23 19:40:37,885 basehttp 125760 130369856730688 "GET / HTTP/1.1" 200 14449
WARNING 2026-05-23 19:48:40,269 log 125760 130369856730688 Not Found: /.well-known/appspecific/com.chrome.devtools.json
WARNING 2026-05-23 19:48:40,272 basehttp 125760 130369856730688 "GET /.well-known/appspecific/com.chrome.devtools.json HTTP/1.1" 404 6371
INFO 2026-05-23 19:48:47,649 basehttp 125760 130369856730688 "GET /contacts/ HTTP/1.1" 200 10381
WARNING 2026-05-23 19:48:47,720 log 125760 130369856730688 Not Found: /.well-known/appspecific/com.chrome.devtools.json
WARNING 2026-05-23 19:48:47,721 basehttp 125760 130369856730688 "GET /.well-known/appspecific/com.chrome.devtools.json HTTP/1.1" 404 6371
INFO 2026-05-23 19:49:07,049 basehttp 125760 130369856730688 "GET /news/ HTTP/1.1" 200 11659
WARNING 2026-05-23 19:49:07,152 log 125760 130369856730688 Not Found: /.well-known/appspecific/com.chrome.devtools.json
WARNING 2026-05-23 19:49:07,155 basehttp 125760 130369856730688 "GET /.well-known/appspecific/com.chrome.devtools.json HTTP/1.1" 404 6371
INFO 2026-05-23 19:49:30,524 basehttp 125760 130369856730688 "GET /about/ HTTP/1.1" 200 7196
INFO 2026-05-23 19:49:43,909 basehttp 125760 130369856730688 "GET /cars/ HTTP/1.1" 200 39775
INFO 2026-05-23 20:03:34,467 views 125760 130369856730688 User logged out: u1
INFO 2026-05-23 20:03:34,486 basehttp 125760 130369856730688 "POST /users/logout/ HTTP/1.1" 302 0
INFO 2026-05-23 20:03:34,494 views 125760 130369856730688 Home page accessed
INFO 2026-05-23 20:03:35,618 basehttp 125760 130369856730688 "GET / HTTP/1.1" 200 13597
INFO 2026-05-23 20:03:37,245 basehttp 125760 130369856730688 "GET /users/login/ HTTP/1.1" 200 6723
INFO 2026-05-23 20:03:50,741 views 125760 130369856730688 User logged in: admin
INFO 2026-05-23 20:03:50,754 basehttp 125760 130369856730688 "POST /users/login/ HTTP/1.1" 302 0
INFO 2026-05-23 20:03:50,764 views 125760 130369856730688 Home page accessed
INFO 2026-05-23 20:03:51,607 basehttp 125760 130369856730688 "GET / HTTP/1.1" 200 15170
INFO 2026-05-23 20:04:41,740 views 125760 130369856730688 Statistics accessed by admin
INFO 2026-05-23 20:04:41,786 basehttp 125760 130369856730688 "GET /statistics/ HTTP/1.1" 200 13398
INFO 2026-05-23 20:06:34,405 basehttp 125760 130369856730688 "GET /reviews/ HTTP/1.1" 200 19876
INFO 2026-05-23 20:06:44,365 basehttp 125760 130369856730688 "GET /contacts/ HTTP/1.1" 200 11102
INFO 2026-05-23 20:06:49,164 basehttp 125760 130369856730688 "GET /cars/ HTTP/1.1" 200 47046
INFO 2026-05-23 20:09:01,666 basehttp 125760 130369856730688 "GET /cars/29/edit/ HTTP/1.1" 200 15077
INFO 2026-05-23 20:09:16,145 views 125760 130369856730688 Statistics accessed by admin
INFO 2026-05-23 20:09:16,175 basehttp 125760 130369856730688 "GET /statistics/ HTTP/1.1" 200 13398
INFO 2026-05-23 20:10:20,858 views 125760 130369856730688 Statistics accessed by admin
INFO 2026-05-23 20:10:20,911 basehttp 125760 130369856730688 "GET /statistics/ HTTP/1.1" 200 13398
INFO 2026-05-23 20:11:00,611 basehttp 125760 130369856730688 "GET /cars/ HTTP/1.1" 200 47046
INFO 2026-05-23 20:11:01,662 views 125760 130369856730688 Home page accessed
INFO 2026-05-23 20:11:02,412 basehttp 125760 130369856730688 "GET / HTTP/1.1" 200 15170
INFO 2026-05-23 20:11:47,523 basehttp 125760 130369856730688 "GET /cars/ HTTP/1.1" 200 47046
INFO 2026-05-23 20:11:52,270 basehttp 125760 130369856730688 "GET /cars/?q=&manufacturer=7&car_type=&fuel=&sort=&price_min=&price_max= HTTP/1.1" 200 14271
INFO 2026-05-23 20:11:56,150 basehttp 125760 130369856730688 "GET /cars/?q=&manufacturer=&car_type=&fuel=&sort=&price_min=&price_max= HTTP/1.1" 200 47046
INFO 2026-05-23 20:12:25,353 basehttp 125760 130369772844608 "GET /cars/29/edit/ HTTP/1.1" 200 15077
INFO 2026-05-23 20:12:33,341 basehttp 125760 130369772844608 "GET /cars/ HTTP/1.1" 200 47046
INFO 2026-05-23 20:12:36,081 basehttp 125760 130369772844608 "GET /contacts/ HTTP/1.1" 200 11102
INFO 2026-05-23 20:12:39,188 basehttp 125760 130369772844608 "GET /news/ HTTP/1.1" 200 12380
INFO 2026-05-23 20:12:40,105 basehttp 125760 130369772844608 "GET /cars/ HTTP/1.1" 200 47046
INFO 2026-05-23 20:12:43,054 basehttp 125760 130369772844608 "GET /contacts/ HTTP/1.1" 200 11102
INFO 2026-05-23 20:13:12,265 basehttp 125760 130369772844608 "GET /promos/ HTTP/1.1" 200 9727
INFO 2026-05-23 20:13:15,480 basehttp 125760 130369772844608 "GET /news/ HTTP/1.1" 200 12380
INFO 2026-05-23 20:13:18,679 basehttp 125760 130369772844608 "GET /news/2/ HTTP/1.1" 200 8052
INFO 2026-05-23 20:13:20,166 basehttp 125760 130369772844608 "GET /news/ HTTP/1.1" 200 12380
INFO 2026-05-23 20:13:21,609 basehttp 125760 130369772844608 "GET /cars/ HTTP/1.1" 200 47046
INFO 2026-05-23 20:13:23,244 basehttp 125760 130369772844608 "GET /cars/29/edit/ HTTP/1.1" 200 15077
INFO 2026-05-23 20:13:27,697 basehttp 125760 130369772844608 "GET /cars/ HTTP/1.1" 200 47046
INFO 2026-05-23 20:13:43,851 basehttp 125760 130369772844608 "GET /cars/29/ HTTP/1.1" 200 13139
INFO 2026-05-23 20:13:48,948 basehttp 125760 130369772844608 "GET /cars/29/edit/ HTTP/1.1" 200 15077
INFO 2026-05-23 20:13:55,891 basehttp 125760 130369772844608 "GET /cars/29/ HTTP/1.1" 200 13139
INFO 2026-05-23 20:13:58,458 basehttp 125760 130369772844608 "GET /reviews/ HTTP/1.1" 200 19876
INFO 2026-05-23 20:14:07,908 basehttp 125760 130369772844608 "GET /cars/ HTTP/1.1" 200 47046
INFO 2026-05-23 20:14:27,919 basehttp 125760 130369772844608 "GET /cars/29/edit/ HTTP/1.1" 200 15077
INFO 2026-05-23 20:14:32,778 basehttp 125760 130369772844608 "GET /cars/29/ HTTP/1.1" 200 13139
INFO 2026-05-23 20:14:35,999 basehttp 125760 130369772844608 "GET /cars/29/edit/ HTTP/1.1" 200 15077
INFO 2026-05-23 20:14:40,235 basehttp 125760 130369772844608 "GET /cars/29/ HTTP/1.1" 200 13139
INFO 2026-05-23 20:16:07,763 basehttp 125760 130369772844608 "GET /employee/orders/ HTTP/1.1" 302 0
INFO 2026-05-23 20:16:07,772 views 125760 130369772844608 Home page accessed
INFO 2026-05-23 20:16:08,498 basehttp 125760 130369772844608 "GET / HTTP/1.1" 200 15170
INFO 2026-05-23 20:16:21,645 basehttp 125760 130369772844608 "GET /users/profile/ HTTP/1.1" 200 10497
INFO 2026-05-23 20:16:34,553 basehttp 125760 130369772844608 "GET /cars/ HTTP/1.1" 200 47046
INFO 2026-05-23 20:16:36,630 views 125760 130369772844608 Home page accessed
INFO 2026-05-23 20:16:37,538 basehttp 125760 130369772844608 "GET / HTTP/1.1" 200 15170
INFO 2026-05-23 20:17:02,536 basehttp 125760 130369772844608 "GET /cars/ HTTP/1.1" 200 47046
INFO 2026-05-23 20:17:07,218 basehttp 125760 130369772844608 "GET /cars/ HTTP/1.1" 200 47046
INFO 2026-05-23 20:17:09,001 views 125760 130369772844608 Home page accessed
INFO 2026-05-23 20:17:09,755 basehttp 125760 130369772844608 "GET / HTTP/1.1" 200 15170
INFO 2026-05-23 20:18:01,958 basehttp 125760 130369772844608 "GET /contacts/ HTTP/1.1" 200 11102
INFO 2026-05-23 20:18:19,581 basehttp 125760 130369772844608 "GET /users/profile/ HTTP/1.1" 200 10497
INFO 2026-05-23 20:18:24,988 basehttp 125760 130369772844608 "GET /contacts/ HTTP/1.1" 200 11102
INFO 2026-05-23 20:18:28,633 basehttp 125760 130369772844608 "GET /faq/ HTTP/1.1" 200 14264
INFO 2026-05-23 20:23:03,623 basehttp 125760 130369772844608 "GET /privacy/ HTTP/1.1" 200 7890
INFO 2026-05-23 20:31:29,112 views 125760 130369772844608 Statistics accessed by admin
INFO 2026-05-23 20:31:29,157 basehttp 125760 130369772844608 "GET /statistics/ HTTP/1.1" 200 13398
INFO 2026-05-23 20:31:33,425 basehttp 125760 130369772844608 "GET /admin/ HTTP/1.1" 200 12562
INFO 2026-05-23 20:31:33,499 basehttp 125760 130369856730688 "GET /static/admin/css/nav_sidebar.css HTTP/1.1" 200 2694
INFO 2026-05-23 20:31:33,501 basehttp 125760 130369772844608 "GET /static/admin/css/base.css HTTP/1.1" 200 21310
INFO 2026-05-23 20:31:33,502 basehttp 125760 130369764451904 "GET /static/admin/css/dark_mode.css HTTP/1.1" 200 2929
INFO 2026-05-23 20:31:33,519 basehttp 125760 130369772844608 "GET /static/admin/css/dashboard.css HTTP/1.1" 200 441
INFO 2026-05-23 20:31:33,522 basehttp 125760 130369856730688 "GET /static/admin/css/responsive.css HTTP/1.1" 200 18559
INFO 2026-05-23 20:31:33,523 basehttp 125760 130369764451904 "GET /static/admin/js/theme.js HTTP/1.1" 200 1943
INFO 2026-05-23 20:31:33,574 basehttp 125760 130369772844608 "GET /static/admin/js/nav_sidebar.js HTTP/1.1" 200 3063
INFO 2026-05-23 20:31:33,585 basehttp 125760 130369764451904 "GET /static/admin/img/icon-changelink.svg HTTP/1.1" 200 380
INFO 2026-05-23 20:31:33,585 basehttp 125760 130369856730688 "GET /static/admin/img/icon-addlink.svg HTTP/1.1" 200 331
INFO 2026-05-23 20:31:46,601 basehttp 125760 130369764451904 "GET /admin/catalog/contact/ HTTP/1.1" 200 15861
INFO 2026-05-23 20:31:46,680 basehttp 125760 130369764451904 "GET /static/admin/css/changelists.css HTTP/1.1" 200 6566
INFO 2026-05-23 20:31:46,695 basehttp 125760 130369747666496 "GET /static/admin/js/core.js HTTP/1.1" 200 5682
INFO 2026-05-23 20:31:46,703 basehttp 125760 130369764451904 "GET /static/admin/js/actions.js HTTP/1.1" 200 7872
INFO 2026-05-23 20:31:46,706 basehttp 125760 130369756059200 "GET /static/admin/js/jquery.init.js HTTP/1.1" 200 347
INFO 2026-05-23 20:31:46,706 basehttp 125760 130369739273792 "GET /static/admin/js/admin/RelatedObjectLookups.js HTTP/1.1" 200 8943
INFO 2026-05-23 20:31:46,718 basehttp 125760 130369747666496 "GET /static/admin/js/urlify.js HTTP/1.1" 200 7887
INFO 2026-05-23 20:31:46,739 basehttp 125760 130369856730688 "GET /admin/jsi18n/ HTTP/1.1" 200 16066
INFO 2026-05-23 20:31:46,740 basehttp 125760 130369739273792 "GET /static/admin/js/prepopulate.js HTTP/1.1" 200 1531
INFO 2026-05-23 20:31:46,749 basehttp 125760 130369772844608 "GET /static/admin/js/vendor/jquery/jquery.js HTTP/1.1" 200 292458
INFO 2026-05-23 20:31:46,751 basehttp 125760 130369756059200 "GET /static/admin/js/vendor/xregexp/xregexp.js HTTP/1.1" 200 232381
INFO 2026-05-23 20:31:46,761 basehttp 125760 130369856730688 "GET /static/admin/img/search.svg HTTP/1.1" 200 458
INFO 2026-05-23 20:31:46,803 basehttp 125760 130369756059200 "GET /static/admin/js/filters.js HTTP/1.1" 200 978
INFO 2026-05-23 20:31:46,819 basehttp 125760 130369856730688 "GET /static/admin/img/tooltag-add.svg HTTP/1.1" 200 331
INFO 2026-05-23 20:31:48,998 basehttp 125760 130369856730688 "GET /admin/catalog/contact/5/change/ HTTP/1.1" 200 16528
INFO 2026-05-23 20:31:49,057 basehttp 125760 130369856730688 "GET /static/admin/css/forms.css HTTP/1.1" 200 9090
INFO 2026-05-23 20:31:49,073 basehttp 125760 130369739273792 "GET /static/admin/js/prepopulate_init.js HTTP/1.1" 200 586
INFO 2026-05-23 20:31:49,076 basehttp 125760 130369856730688 "GET /static/admin/css/widgets.css HTTP/1.1" 200 11921
INFO 2026-05-23 20:31:49,084 basehttp 125760 130369756059200 "GET /admin/jsi18n/ HTTP/1.1" 200 16066
INFO 2026-05-23 20:31:49,169 basehttp 125760 130369856730688 "GET /static/admin/js/change_form.js HTTP/1.1" 200 606
INFO 2026-05-23 20:31:59,050 basehttp 125760 130369856730688 "GET /admin/catalog/order/ HTTP/1.1" 200 68107
INFO 2026-05-23 20:31:59,115 basehttp 125760 130369856730688 "GET /admin/jsi18n/ HTTP/1.1" 200 16066
INFO 2026-05-23 20:31:59,140 basehttp 125760 130369856730688 "GET /static/admin/img/sorting-icons.svg HTTP/1.1" 200 1097
INFO 2026-05-23 20:32:07,184 basehttp 125760 130369856730688 "GET /admin/catalog/cartype/ HTTP/1.1" 200 16988
INFO 2026-05-23 20:32:07,253 basehttp 125760 130369856730688 "GET /admin/jsi18n/ HTTP/1.1" 200 16066
INFO 2026-05-23 20:32:10,057 basehttp 125760 130369856730688 "GET /admin/catalog/cartype/7/change/ HTTP/1.1" 200 13850
INFO 2026-05-23 20:32:10,115 basehttp 125760 130369856730688 "GET /admin/jsi18n/ HTTP/1.1" 200 16066
INFO 2026-05-23 20:32:12,706 basehttp 125760 130369856730688 "GET /admin/catalog/manufacturer/ HTTP/1.1" 200 17576
INFO 2026-05-23 20:32:12,776 basehttp 125760 130369856730688 "GET /admin/jsi18n/ HTTP/1.1" 200 16066
INFO 2026-05-23 20:32:14,182 basehttp 125760 130369856730688 "GET /admin/catalog/article/ HTTP/1.1" 200 20121
INFO 2026-05-23 20:32:14,243 basehttp 125760 130369856730688 "GET /admin/jsi18n/ HTTP/1.1" 200 16066
INFO 2026-05-23 20:32:15,417 basehttp 125760 130369856730688 "GET /admin/catalog/article/8/change/ HTTP/1.1" 200 17227
INFO 2026-05-23 20:32:15,478 basehttp 125760 130369856730688 "GET /admin/jsi18n/ HTTP/1.1" 200 16066
INFO 2026-05-23 20:32:15,486 basehttp 125760 130369756059200 "GET /static/admin/js/calendar.js HTTP/1.1" 200 8466
INFO 2026-05-23 20:32:15,492 basehttp 125760 130369739273792 "GET /static/admin/js/admin/DateTimeShortcuts.js HTTP/1.1" 200 19319
INFO 2026-05-23 20:32:15,591 basehttp 125760 130369739273792 "GET /static/admin/img/icon-calendar.svg HTTP/1.1" 200 1086
INFO 2026-05-23 20:32:15,610 basehttp 125760 130369756059200 "GET /static/admin/img/icon-clock.svg HTTP/1.1" 200 677
INFO 2026-05-23 20:44:26,259 views 125760 130369739273792 Home page accessed
INFO 2026-05-23 20:44:27,446 basehttp 125760 130369739273792 "GET / HTTP/1.1" 200 15201
WARNING 2026-05-23 21:09:12,732 log 152803 137248138383360 Not Found: /cars/99999/
INFO 2026-05-23 21:09:13,527 views 152803 137248138383360 Home page accessed
WARNING 2026-05-23 21:09:16,456 log 152803 137248138383360 Unauthorized: /api/cars/
INFO 2026-05-23 21:09:21,313 views 152803 137248138383360 New user registered: newuser123
INFO 2026-05-23 21:09:23,612 views 152803 137248138383360 Statistics accessed by staff
INFO 2026-05-23 21:09:25,250 views 152803 137248138383360 Order created: Заказ #1 — Toyota Camry (2022) (Ожидает)
WARNING 2026-05-23 21:14:02,222 log 153961 128299756879872 Not Found: /cars/99999/
INFO 2026-05-23 21:14:03,025 views 153961 128299756879872 Home page accessed
WARNING 2026-05-23 21:14:05,859 log 153961 128299756879872 Unauthorized: /api/cars/
INFO 2026-05-23 21:14:10,692 views 153961 128299756879872 New user registered: newuser123
INFO 2026-05-23 21:14:13,017 views 153961 128299756879872 Statistics accessed by staff
INFO 2026-05-23 21:14:14,570 views 153961 128299756879872 Order created: Заказ #1 — Toyota Camry (2022) (Ожидает)
WARNING 2026-05-23 21:18:12,344 log 154955 124545819394048 Not Found: /cars/99999/
INFO 2026-05-23 21:18:13,152 views 154955 124545819394048 Home page accessed
WARNING 2026-05-23 21:18:15,816 log 154955 124545819394048 Unauthorized: /api/cars/
INFO 2026-05-23 21:18:20,710 views 154955 124545819394048 New user registered: newuser123
INFO 2026-05-23 21:18:23,061 views 154955 124545819394048 Statistics accessed by staff
INFO 2026-05-23 21:18:24,744 views 154955 124545819394048 Order created: Заказ #1 — Toyota Camry (2022) (Ожидает)
INFO 2026-05-23 21:22:46,557 basehttp 125760 130369739273792 "GET /reviews/ HTTP/1.1" 200 19876
INFO 2026-05-23 21:23:15,200 basehttp 125760 130369739273792 "GET /cars/ HTTP/1.1" 200 47046
INFO 2026-05-23 21:23:17,868 basehttp 125760 130369739273792 "GET /cars/29/ HTTP/1.1" 200 13139
INFO 2026-05-23 21:23:33,533 basehttp 125760 130369739273792 "GET /cars/14/ HTTP/1.1" 200 13064
INFO 2026-05-23 21:23:41,274 basehttp 125760 130369739273792 "GET /cars/19/ HTTP/1.1" 200 13490
INFO 2026-05-23 21:25:06,958 basehttp 125760 130369756059200 "POST /reviews/add/ HTTP/1.1" 302 0
INFO 2026-05-23 21:25:06,988 basehttp 125760 130369756059200 "GET /users/profile/ HTTP/1.1" 200 10787
INFO 2026-05-23 21:26:02,972 basehttp 125760 130369756059200 "POST /users/profile/ HTTP/1.1" 200 10777
INFO 2026-05-23 21:27:14,165 basehttp 125760 130369756059200 "POST /users/profile/ HTTP/1.1" 200 10721
INFO 2026-05-23 21:27:52,012 basehttp 125760 130369756059200 "POST /users/profile/ HTTP/1.1" 200 10724
INFO 2026-05-23 21:28:09,732 basehttp 125760 130369856730688 "POST /users/profile/ HTTP/1.1" 302 0
INFO 2026-05-23 21:28:09,759 basehttp 125760 130369856730688 "GET /users/profile/ HTTP/1.1" 200 10830
INFO 2026-05-23 21:28:16,198 basehttp 125760 130369856730688 "GET /reviews/ HTTP/1.1" 200 22814
INFO 2026-05-23 21:28:18,453 basehttp 125760 130369856730688 "GET /cars/ HTTP/1.1" 200 47046
INFO 2026-05-23 21:28:25,808 basehttp 125760 130369856730688 "GET /cars/1/ HTTP/1.1" 200 13461
INFO 2026-05-23 21:28:40,470 basehttp 125760 130369856730688 "GET /reviews/ HTTP/1.1" 200 22814
INFO 2026-05-23 21:29:05,837 basehttp 125760 130369856730688 "POST /reviews/add/ HTTP/1.1" 302 0
INFO 2026-05-23 21:29:05,902 basehttp 125760 130369856730688 "GET /reviews/ HTTP/1.1" 200 23063
INFO 2026-05-23 21:29:23,675 basehttp 125760 130369856730688 "GET /cars/ HTTP/1.1" 200 47046
INFO 2026-05-23 21:29:27,377 basehttp 125760 130369856730688 "GET /cars/19/ HTTP/1.1" 200 13490
INFO 2026-05-23 21:29:42,853 basehttp 125760 130369856730688 "POST /reviews/add/ HTTP/1.1" 302 0
INFO 2026-05-23 21:29:42,914 basehttp 125760 130369856730688 "GET /cars/19/ HTTP/1.1" 200 13739
INFO 2026-05-23 21:30:27,428 basehttp 125760 130369856730688 "POST /reviews/add/ HTTP/1.1" 302 0
INFO 2026-05-23 21:30:27,486 basehttp 125760 130369856730688 "GET /cars/19/ HTTP/1.1" 200 13739
INFO 2026-05-23 21:30:33,941 views 125760 130369856730688 Home page accessed
INFO 2026-05-23 21:30:35,167 basehttp 125760 130369856730688 "GET / HTTP/1.1" 200 15201
INFO 2026-05-23 21:30:40,130 basehttp 125760 130369856730688 "GET /cars/28/ HTTP/1.1" 200 13328
WARNING 2026-05-23 21:31:58,225 log 125760 130369856730688 Not Found: /.well-known/appspecific/com.chrome.devtools.json
WARNING 2026-05-23 21:31:58,228 basehttp 125760 130369856730688 "GET /.well-known/appspecific/com.chrome.devtools.json HTTP/1.1" 404 6371
INFO 2026-05-23 21:32:14,497 basehttp 125760 130369856730688 "POST /reviews/add/ HTTP/1.1" 302 0
INFO 2026-05-23 21:32:14,562 basehttp 125760 130369856730688 "GET /cars/28/ HTTP/1.1" 200 13577
WARNING 2026-05-23 21:32:14,720 log 125760 130369856730688 Not Found: /.well-known/appspecific/com.chrome.devtools.json
WARNING 2026-05-23 21:32:14,723 basehttp 125760 130369856730688 "GET /.well-known/appspecific/com.chrome.devtools.json HTTP/1.1" 404 6371
INFO 2026-05-23 21:33:28,877 views 125760 130369856730688 User logged out: admin
INFO 2026-05-23 21:33:28,897 basehttp 125760 130369856730688 "POST /users/logout/ HTTP/1.1" 302 0
INFO 2026-05-23 21:33:28,906 views 125760 130369856730688 Home page accessed
INFO 2026-05-23 21:33:30,123 basehttp 125760 130369856730688 "GET / HTTP/1.1" 200 13628
INFO 2026-05-23 21:34:24,924 basehttp 125760 130369856730688 "GET /users/login/ HTTP/1.1" 200 6723
INFO 2026-05-23 21:34:50,535 views 125760 130369856730688 User logged in: client1
INFO 2026-05-23 21:34:50,548 basehttp 125760 130369856730688 "POST /users/login/ HTTP/1.1" 302 0
INFO 2026-05-23 21:34:50,557 views 125760 130369856730688 Home page accessed
INFO 2026-05-23 21:34:51,689 basehttp 125760 130369856730688 "GET / HTTP/1.1" 200 14502
INFO 2026-05-23 21:35:11,813 basehttp 125760 130369856730688 "GET /users/profile/ HTTP/1.1" 200 11025
INFO 2026-05-23 21:35:16,225 basehttp 125760 130369856730688 "GET /my-orders/ HTTP/1.1" 200 8059
INFO 2026-05-23 21:35:30,818 basehttp 125760 130369856730688 "GET /users/profile/ HTTP/1.1" 200 11025
INFO 2026-05-23 21:35:49,437 basehttp 125760 130369856730688 "GET /users/profile/ HTTP/1.1" 200 11025
INFO 2026-05-23 21:35:53,157 basehttp 125760 130369856730688 "GET /cars/ HTTP/1.1" 200 39797
INFO 2026-05-23 21:35:55,761 basehttp 125760 130369856730688 "GET /my-orders/ HTTP/1.1" 200 8059
INFO 2026-05-23 21:36:01,695 basehttp 125760 130369856730688 "GET /cars/ HTTP/1.1" 200 39797
INFO 2026-05-23 21:36:11,558 basehttp 125760 130369856730688 "GET /cars/?q=&manufacturer=1&car_type=&fuel=&sort=&price_min=&price_max= HTTP/1.1" 200 12750
INFO 2026-05-23 21:36:15,649 basehttp 125760 130369856730688 "GET /cars/1/ HTTP/1.1" 200 12500
INFO 2026-05-23 21:36:32,408 basehttp 125760 130369856730688 "POST /reviews/add/ HTTP/1.1" 302 0
INFO 2026-05-23 21:36:32,466 basehttp 125760 130369856730688 "GET /cars/1/ HTTP/1.1" 200 12749
INFO 2026-05-23 21:39:29,624 basehttp 125760 130369856730688 "POST /reviews/add/ HTTP/1.1" 302 0
INFO 2026-05-23 21:39:29,683 basehttp 125760 130369856730688 "GET /cars/1/ HTTP/1.1" 200 13189
INFO 2026-05-23 21:41:24,417 autoreload 125760 130369914511360 /home/anton/4_sem_vsakoe/IGI_LR5_v2/carshop/catalog/views.py changed, reloading.
INFO 2026-05-23 21:41:27,247 autoreload 160551 139604528930816 Watching for file changes with StatReloader
INFO 2026-05-23 21:41:29,828 autoreload 160551 139604528930816 /home/anton/4_sem_vsakoe/IGI_LR5_v2/carshop/catalog/views.py changed, reloading.
INFO 2026-05-23 21:41:30,907 autoreload 160565 128240097738752 Watching for file changes with StatReloader
INFO 2026-05-23 21:41:35,851 autoreload 160565 128240097738752 /home/anton/4_sem_vsakoe/IGI_LR5_v2/carshop/catalog/views.py changed, reloading.
INFO 2026-05-23 21:41:36,357 autoreload 160591 133338545336320 Watching for file changes with StatReloader
INFO 2026-05-23 21:41:44,849 autoreload 160591 133338545336320 /home/anton/4_sem_vsakoe/IGI_LR5_v2/carshop/catalog/views.py changed, reloading.
INFO 2026-05-23 21:41:45,341 autoreload 160629 128583792250880 Watching for file changes with StatReloader
INFO 2026-05-23 21:41:46,870 autoreload 160629 128583792250880 /home/anton/4_sem_vsakoe/IGI_LR5_v2/carshop/catalog/views.py changed, reloading.
INFO 2026-05-23 21:41:47,383 autoreload 160637 132576913285120 Watching for file changes with StatReloader
INFO 2026-05-23 21:41:52,828 autoreload 160637 132576913285120 /home/anton/4_sem_vsakoe/IGI_LR5_v2/carshop/catalog/views.py changed, reloading.
INFO 2026-05-23 21:41:53,359 autoreload 160657 125429293883392 Watching for file changes with StatReloader
INFO 2026-05-23 21:41:56,906 autoreload 160657 125429293883392 /home/anton/4_sem_vsakoe/IGI_LR5_v2/carshop/catalog/views.py changed, reloading.
INFO 2026-05-23 21:41:57,432 autoreload 160683 126318225514496 Watching for file changes with StatReloader
INFO 2026-05-23 21:42:02,885 autoreload 160683 126318225514496 /home/anton/4_sem_vsakoe/IGI_LR5_v2/carshop/catalog/views.py changed, reloading.
INFO 2026-05-23 21:42:03,371 autoreload 160703 123445767938048 Watching for file changes with StatReloader
INFO 2026-05-23 21:42:04,769 autoreload 160703 123445767938048 /home/anton/4_sem_vsakoe/IGI_LR5_v2/carshop/catalog/views.py changed, reloading.
INFO 2026-05-23 21:42:05,284 autoreload 160711 127143959990272 Watching for file changes with StatReloader
INFO 2026-05-23 21:42:26,152 autoreload 160798 125851651252224 Watching for file changes with StatReloader
INFO 2026-05-23 21:42:31,514 basehttp 160798 125851527018048 "GET /cars/1/ HTTP/1.1" 200 12964
INFO 2026-05-23 21:42:39,856 basehttp 160798 125851527018048 "POST /reviews/add/ HTTP/1.1" 302 0
INFO 2026-05-23 21:42:39,912 basehttp 160798 125851527018048 "GET /cars/1/ HTTP/1.1" 200 13311
INFO 2026-05-23 21:42:57,669 basehttp 160798 125851527018048 "GET /cars/ HTTP/1.1" 200 39797
INFO 2026-05-23 21:44:58,945 basehttp 160798 125851527018048 "GET /contacts/ HTTP/1.1" 200 10403
INFO 2026-05-23 21:45:02,565 basehttp 160798 125851527018048 "GET /promos/ HTTP/1.1" 200 9028
INFO 2026-05-23 21:45:05,096 basehttp 160798 125851527018048 "GET /contacts/ HTTP/1.1" 200 10403
INFO 2026-05-23 21:45:06,045 basehttp 160798 125851527018048 "GET /reviews/ HTTP/1.1" 200 22584
INFO 2026-05-23 21:45:06,533 basehttp 160798 125851527018048 "GET /reviews/ HTTP/1.1" 200 22584
INFO 2026-05-23 21:45:07,499 basehttp 160798 125851527018048 "GET /news/ HTTP/1.1" 200 11681
INFO 2026-05-23 21:45:13,782 basehttp 160798 125851527018048 "GET /news/ HTTP/1.1" 200 11681
INFO 2026-05-23 21:45:15,428 basehttp 160798 125851527018048 "GET /news/ HTTP/1.1" 200 11681
INFO 2026-05-23 21:45:16,144 basehttp 160798 125851527018048 "GET /reviews/ HTTP/1.1" 200 22584
INFO 2026-05-23 21:45:17,052 basehttp 160798 125851527018048 "GET /promos/ HTTP/1.1" 200 9028
INFO 2026-05-23 21:45:17,677 basehttp 160798 125851527018048 "GET /contacts/ HTTP/1.1" 200 10403
INFO 2026-05-23 21:45:18,295 basehttp 160798 125851527018048 "GET /promos/ HTTP/1.1" 200 9028
INFO 2026-05-23 21:45:19,011 basehttp 160798 125851527018048 "GET /reviews/ HTTP/1.1" 200 22584
INFO 2026-05-23 21:45:19,564 basehttp 160798 125851527018048 "GET /news/ HTTP/1.1" 200 11681
INFO 2026-05-23 21:45:20,017 basehttp 160798 125851527018048 "GET /reviews/ HTTP/1.1" 200 22584
INFO 2026-05-23 21:45:20,563 basehttp 160798 125851527018048 "GET /promos/ HTTP/1.1" 200 9028
INFO 2026-05-23 21:45:21,056 basehttp 160798 125851527018048 "GET /contacts/ HTTP/1.1" 200 10403
INFO 2026-05-23 21:45:21,512 basehttp 160798 125851527018048 "GET /promos/ HTTP/1.1" 200 9028
INFO 2026-05-23 21:45:21,928 basehttp 160798 125851527018048 "GET /contacts/ HTTP/1.1" 200 10403
INFO 2026-05-23 21:45:22,323 basehttp 160798 125851527018048 "GET /contacts/ HTTP/1.1" 200 10403
INFO 2026-05-23 21:45:22,976 basehttp 160798 125851527018048 "GET /reviews/ HTTP/1.1" 200 22584
INFO 2026-05-23 21:45:23,391 basehttp 160798 125851527018048 "GET /contacts/ HTTP/1.1" 200 10403
INFO 2026-05-23 21:45:25,340 basehttp 160798 125851527018048 "GET /news/ HTTP/1.1" 200 11681
INFO 2026-05-23 21:45:26,428 basehttp 160798 125851527018048 "GET /reviews/ HTTP/1.1" 200 22584
INFO 2026-05-23 21:45:27,259 basehttp 160798 125851527018048 "GET /news/ HTTP/1.1" 200 11681
INFO 2026-05-23 21:45:28,738 basehttp 160798 125851527018048 "GET /contacts/ HTTP/1.1" 200 10403
INFO 2026-05-23 21:58:40,713 views 160798 125851527018048 User logged out: client1
INFO 2026-05-23 21:58:40,732 basehttp 160798 125851527018048 "POST /users/logout/ HTTP/1.1" 302 0
INFO 2026-05-23 21:58:40,739 views 160798 125851527018048 Home page accessed
INFO 2026-05-23 21:58:41,742 basehttp 160798 125851527018048 "GET / HTTP/1.1" 200 13605
INFO 2026-05-23 21:58:43,380 basehttp 160798 125851527018048 "GET /users/login/ HTTP/1.1" 200 6723
INFO 2026-05-23 21:58:59,897 views 160798 125851527018048 User logged in: manager1
INFO 2026-05-23 21:58:59,911 basehttp 160798 125851527018048 "POST /users/login/ HTTP/1.1" 302 0
INFO 2026-05-23 21:58:59,919 views 160798 125851527018048 Home page accessed
INFO 2026-05-23 21:59:01,013 basehttp 160798 125851527018048 "GET / HTTP/1.1" 200 14473
INFO 2026-05-23 21:59:16,121 basehttp 160798 125851527018048 "GET /users/profile/ HTTP/1.1" 200 9993
INFO 2026-05-23 21:59:21,620 basehttp 160798 125851527018048 "GET /my-orders/ HTTP/1.1" 302 0
INFO 2026-05-23 21:59:21,640 basehttp 160798 125851527018048 "GET /users/profile/ HTTP/1.1" 200 9993
INFO 2026-05-23 21:59:25,186 basehttp 160798 125851527018048 "GET /employee/orders/ HTTP/1.1" 200 12008
INFO 2026-05-23 21:59:37,196 basehttp 160798 125851527018048 "GET /my-orders/ HTTP/1.1" 302 0
INFO 2026-05-23 21:59:37,220 basehttp 160798 125851527018048 "GET /users/profile/ HTTP/1.1" 200 9993
INFO 2026-05-23 21:59:38,577 basehttp 160798 125851527018048 "GET /users/profile/ HTTP/1.1" 200 9993
INFO 2026-05-23 21:59:40,314 basehttp 160798 125851527018048 "GET /employee/orders/ HTTP/1.1" 200 12008
INFO 2026-05-23 22:07:00,337 views 160798 125851527018048 User logged out: manager1
INFO 2026-05-23 22:07:00,355 basehttp 160798 125851527018048 "POST /users/logout/ HTTP/1.1" 302 0
INFO 2026-05-23 22:07:00,363 views 160798 125851527018048 Home page accessed
INFO 2026-05-23 22:07:01,366 basehttp 160798 125851527018048 "GET / HTTP/1.1" 200 13605
INFO 2026-05-23 22:07:10,568 basehttp 160798 125851527018048 "GET /cars/28/ HTTP/1.1" 200 8621
INFO 2026-05-23 22:07:12,492 basehttp 160798 125851527018048 "GET /users/login/?next=/cars/28/order/ HTTP/1.1" 200 6723
INFO 2026-05-23 22:07:17,447 basehttp 160798 125851527018048 "GET /cars/ HTTP/1.1" 200 38801
INFO 2026-05-23 22:07:30,154 basehttp 160798 125851527018048 "GET /promos/ HTTP/1.1" 200 8032
INFO 2026-05-23 22:07:40,326 basehttp 160798 125851527018048 "GET /contacts/ HTTP/1.1" 200 9407
INFO 2026-05-23 22:07:41,023 basehttp 160798 125851527018048 "GET /promos/ HTTP/1.1" 200 8032
INFO 2026-05-23 22:07:41,507 basehttp 160798 125851527018048 "GET /reviews/ HTTP/1.1" 200 18783
INFO 2026-05-23 22:07:42,335 basehttp 160798 125851527018048 "GET /promos/ HTTP/1.1" 200 8032
INFO 2026-05-23 22:07:43,031 basehttp 160798 125851527018048 "GET /reviews/ HTTP/1.1" 200 18783
INFO 2026-05-23 22:07:44,138 basehttp 160798 125851527018048 "GET /promos/ HTTP/1.1" 200 8032
INFO 2026-05-23 22:08:34,969 basehttp 160798 125851527018048 "GET /users/login/ HTTP/1.1" 200 6723
INFO 2026-05-23 22:08:37,673 basehttp 160798 125851527018048 "GET /cars/ HTTP/1.1" 200 38801
INFO 2026-05-23 22:08:38,882 views 160798 125851527018048 Home page accessed
INFO 2026-05-23 22:08:40,087 basehttp 160798 125851527018048 "GET / HTTP/1.1" 200 13605
INFO 2026-05-23 22:08:41,607 basehttp 160798 125851527018048 "GET /users/login/ HTTP/1.1" 200 6723
INFO 2026-05-23 22:09:02,627 views 160798 125851527018048 User logged in: admin
INFO 2026-05-23 22:09:02,641 basehttp 160798 125851527018048 "POST /users/login/ HTTP/1.1" 302 0
INFO 2026-05-23 22:09:02,649 views 160798 125851527018048 Home page accessed
INFO 2026-05-23 22:09:03,750 basehttp 160798 125851527018048 "GET / HTTP/1.1" 200 15178
INFO 2026-05-23 22:09:07,194 views 160798 125851527018048 Statistics accessed by admin
INFO 2026-05-23 22:09:07,236 basehttp 160798 125851527018048 "GET /statistics/ HTTP/1.1" 200 13457
